-- phpMyAdmin SQL Dump
-- version 4.0.9
-- http://www.phpmyadmin.net
--
-- Host: 127.0.0.1
-- Generation Time: Dec 25, 2013 at 08:10 PM
-- Server version: 5.6.14
-- PHP Version: 5.5.6

SET SQL_MODE = "NO_AUTO_VALUE_ON_ZERO";
SET time_zone = "+00:00";


/*!40101 SET @OLD_CHARACTER_SET_CLIENT=@@CHARACTER_SET_CLIENT */;
/*!40101 SET @OLD_CHARACTER_SET_RESULTS=@@CHARACTER_SET_RESULTS */;
/*!40101 SET @OLD_COLLATION_CONNECTION=@@COLLATION_CONNECTION */;
/*!40101 SET NAMES utf8 */;

--
-- Database: `reporter`
--

-- --------------------------------------------------------

--
-- Table structure for table `auth`
--

CREATE TABLE IF NOT EXISTS `auth` (
  `auth_id` int(11) NOT NULL AUTO_INCREMENT,
  `pwd` varchar(255) NOT NULL,
  `secret_answer` varchar(255) DEFAULT NULL,
  `secret_question` varchar(255) DEFAULT NULL,
  PRIMARY KEY (`auth_id`)
) ENGINE=InnoDB  DEFAULT CHARSET=latin1 AUTO_INCREMENT=501 ;

--
-- Dumping data for table `auth`
--

INSERT INTO `auth` (`auth_id`, `pwd`, `secret_answer`, `secret_question`) VALUES
(1, 'Krystyna', 'NgpdJNIRdqoGGqnaNHyPrjk3bViQkoEm2NpjkVUWD3lin8uyg', 'l02rXGneAXm8mnmovRsP1vDisJtUNoUaChQZ7t2ld6KJL7mTkXwJ6TONnLbbgqNGPmXhh7r8MNtoZuPZq722TN8pSq4yVW1kz2QJf1xUROv6S1lgfNlgY2'),
(2, 'Sean', 'PFz4Mnd2dyRYV5zxpXbAjIJMp7h8n3Omosr5T481excbl5N17m2fOYU6F3aLNCMZsOG6Lgao', 'N6hxl1Ap0SVykcTuw6kM51YLrPIzGxySHGzNuH861dezUx1YF6C'),
(3, 'Marieke', 'f5Bnay3KCGB1ltrrHIXAlmItmwm46UcRHkPHBG68Ik1lohAYTC7ORd1Ndn75dsUwfNjvVaKlx5YK22nW6fuLgbh4w83JQDHlqNavbhlYPu6CXgKYymCnyZWO1hT8XeWqWSG3XzGJnZrevNy7o3DkEMr', 'TdSDBBNEiTdHiIIeAng6VTEZUknRL7Y'),
(4, 'Cath', 'xLdGGpJNVxLI2I1ZtW0Akrv5i5TggtsRK1hBUtlI0GEiryHezl6ZOWeseifkWBoB0DfgDIIRt0Z0TmeQa5bK3', 'SzF63ufF3MMfbcE3xeCLCLRAZOdtivdRISARf45zIBgb6rVCfNnusGqIGXUqytP26TUNf1ZbjGpEeFAubDx35IN8NyKDrFQDSDigvrYjWrsnA4sdFRwoEfTTQk2nKxQ222e'),
(5, 'Tonnie', 'I5pPxEGTuuHTP21YQzWCBJcA0Yf0c8mBxWikISvU3aRwcbkk6vrzBkudv0RahJq6mhecWBoxWE27mqSxEWbFol00T6Moy1l4HzDHTLgQzzTXPfaSSsjUv4nBlYNXYk', 'iwcmc1UQlPcgb2IxWq5WBZ1eslUlAmJmxh1XUQ5afZWbUOTASaMmUjxZqTjn310JZop0ALavWLZTYeSTdDCONPr8slhGPaPI4QdZqr7Ar7FYk5QHZMmrwrh2YAj3iVG1NNNhvvO8rzNGQiYMods3IVKuJLvjKW5JN4PtEvLgxyfUsSRZJul67IJ0lR2joqhtDxVJsmZSHerqmG2kyNH2eB77NymJ0OW'),
(6, 'Dick', 'AOWPAn7ZnCzGKvbnGtsAC10SjBJ5mndHfLYMKeCuNierQUtiN6sFzfR4paZiu8ExD52hgWwsEiwnFrWyTAwxexm2c1DXkibKhOczb8zc2q', 'iQPGOBwJ5grXP3ST12LbEQXPDeUBNixwzeCqaMqq33Ch3xhViwLeLRQr4VWjLF2WJ5cC6DuAVZbaGAwkZwt55Gley7SqtnZ6SV8ncpD5kphvAuxuLvLB8sVJaOQ6XVfutRQ'),
(7, 'Joshua', 'vHzhhlzjZ3HABHmofo7ljMOPF4KJtmgPayMHM6wdBL', 'Ph3Sw2zGBUk4gjK7VNHFfnRTHWsyZyrYIMQxHjrbpWJFkmKmhgqxrMgeYkQJdVvj53kPOb2I2NI8skz0G8syEkTtDhHSJDWN57YEEfuECdNKxUsWf5qCdnseIqnozKcjkXaoDKKfHBed4hgLZfkbW27d6MDg7Fb7mhzMDZOLAOdnoeGRXu05LxlGKB1cYQuKvIt3EodXJ'),
(8, 'Bill', '07130ctPUqlbzXFsPGScYNwTZUL82hL7JvjKclNlvPxa5fXuPeygVpdXBPfwUKUfIiurXwk3Ld1WtxxKIokikl07HBxa4DfSL5CsfIUk46bHpUpPlcrG825k8ZLypZgCtmiSdO2vQcfpblNNf7JLxsA1Wc8ay2ZV7wnoRn0rKjK40cIrja6T8yd406JAWtPlWicVswpkcwpXQRkm8ern', 'i'),
(9, 'Jeanette', 'tlckNQzQyqa3XeJeehVhMGKURTGoLRLdrRm5Ogs0eVTr7KAjReVLS7aPEm2H07v1Nqze12pZwOQt43s7TMxkoFLhsIzhmrQ2RBmVB72CvfYyts7aqRRCSyoLUR6xZNlUfoeggaZp6SZEoJLM5dz1rC1K2ClJTrIe', 'JEuNzBAhWPMhhxrbFB4xmiWkNhcJy7ZrO54umMclz3oCl6MEN6iiCLHz5fSH6U42aDqWOzoZZiUY'),
(10, 'Martien', 'kviDb5BjFilwwtxW4xnHn8wmhXyqWR3CWbvLmoProE87n2Uyt4Ra5CdwEpFMAiPhW2LeF1xeQF8CMQErLceafSFLtjAc6o7zblCcxom3xPpHJxZphliDPswV2e7JZPLubaYbQCxtaLjkAPPbeSiIp6agh8LTR0o8SrjBZQZSCp5KnEM6Ya0VMjrL7fLM5HaTdGBhZPnxTTKYkDrjr4UhkhXHQbHjirvQxZkzZIhKd6w', 'F8x5i4JJ21IdYLfZvb6KfudYBWc7kzsZa0RCplv416BtAuMLdvBYeHTxLj48D6mIBM5BSg3SpirBA27yR8mgeWRgyVknGBBEC1Xh7qrERB6D4u2skF3mWE0AjF6YlnxxIgGUX77yzczQYjCB7qt0Y3LCckIx8M2Q0T7kEPdr3ByMNILfdtxYY'),
(11, 'Luka', 'tg7BOJBhRLALzSzG3javsNGJuNaXAL5jZINJG3IrGWCUHZVHusabEq2UDe8eEWfy8LVfKA22AUFFAQG8ydQTmvi8mfYTKwjH75SPOjjabCtqUgGFhSvfWnVJTutaoZAtVi2uZ6GfOllouXFs4Uhd', 'a6dmDkDL8MZI8rkRfFlin4jaARRmXohtdf2o8aaHuJTgwzJKtvTYJVfCvaV647kqOZitKqHmR3OMWVotiIBSraEsKCVXnEvVNzruUWKYTxOkkvE4mTpBDOiNkmI6ldLcujVOEQWCP2EWkCLkAuz1C15bXzRHOPLc8UlfVjZhoAHpqOu3ZB6ydlxKBXW'),
(12, 'Jeanne', 'BMoSARztPwuDU8sZp2jYGFpBvz1oiH0P5KZAIyIukmVTMOlILPRrjMgB6AoWMCk71i6oeXe7JH3gC7skxLWwM35HgE7TEXs8l7f0lrnebaklFpRI0yJAptviL2tqAwQcXcJ8onG2k66f0ECHqIYRIEwojRjZ3cNODQgd6ixQHJoT0FDNli015u1qrRJRp5a3yOQZLQbCoJjJfNI1y6bY03cfPZ', 'escsbpdOz7WscP37xOT8TIcRDbGvAGMEs4IOVHqOdMaDBh5u8PPvoLXg8atfsE2qCc15KcKpowEwiKqJgybe5QCm0ELLlEKiDIy2WGfJmViiR178J4Pz4cyReuyiUTZ1DGz7u6PjMwVox6bQ7ehRX7O'),
(13, 'Scotty', 'WYuZJyPS4yHIn7HLptXWUvHHW1X7SgNeYkBeYEZRFzEv6Lb2snuBEZAEgllVWfOqNU0BXftofkK8RkSGKyXJ74fqAVjjEVpAYjkKPbETuLBIPkh54nZDSqN6V7KaQmDazWSGnAeTNKe6ZQ2tIWOmgJ0wi2JreSHSY2VNwoiywKH4kFM53goiecq3w7dgKiJl5lhHI5dgnA41x5i75H', 'rI8ix7qpBXCVsyhM3mPe3LS7rNRmyuOOMSfkeUfESlOVG5j3RbjYiMW3mOPoKEPOxQcCCcd7jlSsJoKsHOMV0JuMLaHmVHlSFRjtzp5RpUsfZB058bVasleVTtvyN5s2aFPMWLVXnPJVVX0MdPjfuZrLqIvDCrAyPrW877IT53KUllXqxfeDJsvPkJPlpnCkBdZPJNccEX2CzxUeKZTbe0Pha'),
(14, 'Liza', 'w641rq445WxX6bgtUxb8720LSdiJPfILmLp3mGvoUySK03jhInT0kLGbFlvycXPoNYfVMRqirENYAePYjtxX6zTMrReUz56Sk1CchEGzQRk3STZiBQuscworPMZsaA5LU2ijwMQZZqkqvVdReeSUxRPFaIySObOfwptp6oByz7lkfdouRwjyfAg0qCVXiJZ41CrEvpPHFlBGYXFHb7qeXIBSQJG7bLd07btA830TE3nmUjAqKevQpLzQqU', '60bTi0iKV8ZyoGCLdYkLti1Ehy1iRYEnMeb8wCSifwfr0v1UuDpI56DwxG54S4Zhpls36Kte4sdMI4sSOr7E0k8kmWoLjnSfXrwjTkaXNwC3LNK3m1SFf1puiR72IzxE6S25x3usZY'),
(15, 'Joe', 'OBRx4oJpYsN38fdtsjsjWhOFlSAVQpUs2NY8J0DNQbfLmS0kPeW6ksO0bs2SWBh2oq17X7OcXviiJefMZAW55Ds7KuKkx0H2mGDTTmmgQHZjex0QcpYLjJToUIvqWihfQvM0Le3NUD12UCPqHu63RRzvhnAIt0HkAMFnDGRljaBxiiR2JwpyhegRngKjbC4B2riPVrvFewxTJO4Z7KEePcSaHcUiQrg1qpn3s5IJzIVN8ZTYZskO2vO23KvAa', 'uMsEF8p8CyXMwnGCiY2FwYqq88eryBWFkQmP8RENAzoLcNjd4v1Tt2yiIAsZwQ8PMHhgFphrjJbGGcsex'),
(16, 'Alex', 'c2LLTDHP2tKQur63nCMrd0cP1xLCZwXJe4o54ErDkDWhDR7hhAQCZsj2hjcgg5dLISxru6cMEPy2t7LVpz5ZoNfKm0pF1ljtoROMK0w3AcPSCSADHdmHXoNRHtFqTPhms7fWvFcAD1YDUXgAPT8D7gO1ez6fcULuvFJmDIW2aDw8PeHt1W4oy8JDfPZqspDpRqIJrAk0UIBGFchiLvRexrzGGxjtaKssOPz', 'yOAZLosU1MDEUIrA5MbqEIv65CwE16KCd8q3Tnwz16VWMlyTrYF2EXWyAoq4NJWmXd50hMXGKvreT6oCVrJSs7YBF1bytnv7uhDjoYWu2eu0E1B1gi7G0ZocizLaEFvxUqs2q4Hrna1s5nVSvg'),
(17, 'Sydney', 'QuWNQr4qeymCkrTJcaGNFkJ4x4MddA5zUFsfR8srrxA7PCxLWBoSYudShMNkFhFOTWFWFgtW7rw6Izgff5EYxFxQROFNO4TmnuKkLsW5W33slOAUxaOT1dmgtYxgNsyt6L0Q6UU4xAOY3dGiiF3WbxeWsi6lsxVBF7umr', 'MWKVxovGEGD7SiIMafk0GsnQMiA7yLdxhaMfJJFo34Fxz'),
(18, 'Dorothy', 'Btj7dKWozhAJb7JwE6QsSasHSHBSbhpNOxqrDnrtA45EnOOIlWsmLxwzVznHzgRAZ4WPDoxVAUtdLsExNPwQl37ndd0LMFTlftkXXbeNTD80IVQclIdliDgJyTIzs', 'm2ivVeUJkKaO0iA1cwjBPz8cb5Th6ZrgzC0Z6rRKA2kY7xoYegTgJ5K7vBdzH5KygBimvDdu1ChTCS2nsxr7L1iYI5CcRD4KrzM7gBjJmLlc0JaZbujTQeww'),
(19, 'Samuel', 'I0kp7bYrfxW0jx3rcX4yLvtCKDlRlGNxAsuSG7xgLHYdN5QrodN82JGrgYnUNGADVRoBl4wIySATOPE4aqAhRHby7SEJRc2kZZKfJgtix8TAil0MJxbTB1vRzLMGpt7H0VkwfYBTKeFOsl06KaQqXQHj28IcCxPajjEoK4EXXkuGnMixezsVHegqDMf0kFVy4G8aOfpcjASxEgGqdmgIE8MAKyaUDDrHRhZnFK2fzsYjy347I', 'gGTafTPBz0XqkanaXMbzPCfOBzqcJaopyjJq6O6EfOGIJK3bdfJIwMPApO5udTNfZaTYOiBByPxy7Q7Hb4qm3KhWBkFNeVgtx0Mzn4b6VwVPomcGZykPVpbFK62ha1ZEoAdPLdszBgteSHIV1Y8kpvcwnhRp7RTeOhUrLGqFjXsUgd0xTLukxqBLutsQgznfpTxyWm1w5lfgd5lbT7o8AaJjFTMeitojADDANryMhNhmoXK0'),
(20, 'Leo', 'yxyWsEYNkwozokLH3rJSh0gRxvwTGUV4TMBNLENU', 'WhGFaUbhICAaiSASTg6R7IAQDJVtXvx2OVPAHussLJ46eJKslO2kAUfmnIjsiYiBAEAZbJfCV6w7zESdzp86FvU'),
(21, 'Nicky', 'tSzLcq84nySJKxDP4Z1qIfBdP2usL7QE0G7qYlc5tRWMHrMW4vIRsKaFXgaiTJpwnK7XbTVsnrl2jFwbiHpEkWREtIlaGIcueTxi', 'zkdFp6Lzrl2O1o6b84Ufvm1cyagranYFHXHT7wtX5cugSscGuLXzohDMOhSSmKL3JfcqKCWJFlL7wjz4Xid1ljDO4V5Zlo0PJDqDYvgch0qYHA1Fpx7BdH4r0WIbbVxafqOfTFFoYdNRAJv4DFgbaTvwLQxvGe4M6cq8KfKI3rPmhlETVzhlYRGzPRZbAUJQ1LcAoYkgPDlKAQsZnGvDQpx2dBNttsybupX'),
(22, 'root', 'HewQHPH7mMJR8qBuNK2tag2RpMV7KmKQFRNwWOYhXuqsAGLJU7PvMojA1wvwTAWyu8ZDL8kJx683M2Ajipz5PzELywY8PJnYYJqgBs7tsKPkyvr2srJmKpFILPg0uoaRyS5IRrQOJ8vtJVpItcvteP1jeZsLaQKKMOy5rrWNRVPkeqjs3Ua11uyTU3F84', 'n2YdtTnjD6nntoU2gKP3rItBpz6CPsIt7DDwGeNlUTDWvwS'),
(23, 'Karin', '7ZFoE8bVjvbIydMPURzBwgbPRP1SPHI0VNJFZYtSzriCFyxZiufPJqkyv48OA', 'Ty4808swJo3AGienEn1xLp4wnjeDbJuFWkydVHkQGC4VetSvd0j'),
(24, 'Tony', '3cJDf328elEFf5s4bhp7BLXSC7fSNGJRlh7I3XsyzFdRwimO4qipQiMrq0g0bmlB8Hkdh2hk2XxcgsoBfaVbKzJbdkFpeMQ0KzAzqqiRZWbVBHvSbepcSrs4nmXVFaZXnAboBlr5YX4vrt1ZFGGvqRRcz', '2pEFDQuDFRhmSgW5TCGBgVcZxlDdqFlUxJsbkD8j2CZmOjTmGZChLdeLHSijWox3m6NUG7meiwD0qlsMeu0XQfcZLx8gXRwZTIMoWMMp3XoKk0LrdXVFd5tAwrJwaGDh5prgoY1OkabE815yBH0uDgo1F7Yyp6yBoIJ'),
(25, 'Marieke', 'rj3B6c77UlgE4Zbu2DCp0FlRw4eWPcL3v5YAQ7Snn53NFESXEZhFrd7oNxZlse5Xs2WgR8aGcABOwT3Tx07LRp3WFo5ocpgttzQMOi4mAHXvbGz8LWjIDvz4yVNbpEmonY6rK3PSGgM5ys0HKadKPD3noQNRXpfwn6oqUBlmn4x8PKTZpCYn8OB5wCO4mCxIig0bhsJzqtHgbfpaXsHkuKD3bh0dQlnxQyGxSjMeqFPWuiJHyEM', 'LUn4o0ZBdreLqbNA8sjPfg3vQd6CRN21gcDNUjQjsCX1mplxk75a0tLCoFJLoPbTScjCaBvu6SuG8OCzwYlbntxEwqGItgApnHKd7ma2irYZ42DXlDg6GLdhrkUepbTuLl0XaJJan'),
(26, 'Alejandro', 'PfP3QXwr8Nfr6sV5CeVXyku7bx18IPBoxLfmAFhPVvxZmYlRthbVmv20jvNjATue7iUDeVVw5uUnTs5JwuaF0BxK4Trw5o7cf2bLyPwul', '1lrQfyRCciZy6frjZ0dR3zOvXSI8s78ri57OryrghK2sg'),
(27, 'Manuel', 'AGFeDXijJN0XPWdbUSra6XiaxzSFKTueGhEuCV1c0MVORB2oLvUOteU5HsK1N8iJwSUyaSHAGhvxngTaiwRtE7DzCOS5jN8QIQcFokIIXDx6DYwGE1gFXwH73vDZnqHzmtOUtgRIDFrBev1r30ljFt2vfSXJuEIJaIrmTgmGUaG', 'rn2t0Yb32bQJFWJJ16EoGT2t5UjZAd6ELtQJyyQOvAQ78f1dZdLYrsxhtK0mCMEDFVhpJmOg8Z731xmpnXt52I2KSZ8e1vbC7NP6y7u6VkreLmiwwyKM7ofhcqQCEdF3Txu2r4AVMqJFNaYBmIk0RpfGak2Uq11TUc58FqCXzpVXjEN87n523W6XeKqqZynO8MHIkGP7Rlhd8x7ADXdayTXv6'),
(28, 'Sjef', 'ACHhDbDvaH4pRSW3OL3Ap4HuipQyctFJOwApLXQTG4TNQp8OptReK5ruRPqGOOmzMf7ImC0wpnKa4OJ6yQTzMnKofsDb2J1Bs7rOXFWz8NI5y', 'LVhtUsAOcPAuvxfNoOiGgrcsOhNhSryxDKkwkyPhIgoV1NEvK61YeOkVToIraLywvxPdAa33VmSeRbINRcUSaxdnQKx5ijjljdlxTkdYW0'),
(29, 'Bill', 'sLmVZq0BmxdOmdA5qjNwt0m6u7SFBL0wOZq3opQ0Ls5bWjrn7T8o1ZPEKYCR8GY71Px4XwAlgkSOxwFe248HdjltJN1ZrC25wUxGrLWRoG0bNeDMaKrZ6NCVFSAZ4SixYprq0v0SMu2HPxRa6hWYnLeYhgpvWaO4IpT5mqQLMrm3tm6J6uEjhjN3vLgyz20V2RJTxFAJNKGeZayQOtbzIFHT53u5oJ4vehJBGgTaO4vH2wpHBoYuCt2', 'ifTOQ55btNOyCJrJwkB8KCZixTsuCHYUpMJpOWz3KLnST18AjrLKjLFZEUZ3VObpQHETNWVccJkXqSLeYgQaID6MoMUpEZyxUku5bKxm8Jx51GYwoYZhmHet4f3PBg8Zy7mQkvpdj1HKtZxnFh5WSYYbtHk8g8d17KXTRrX'),
(30, 'Ann', 'OEF7U5CGP2VBghuQQrjO2Sruf5dN05JGv0QzH0H7j54UmmMU0Fn8N2nS1cfrzKaj8wBhZbbUN6tsrnORAEbyPW3ZCMNCnb0OWpSlkIrvWl8iA3IuW8bM3Eb2ZBNTIYQb0EXbXs', 'Ke3yU72bBQGPDO2QIjaFDF45jDpgNF152dpjTIIeGV7hsaWImOxgRrKLzzTyxl6Pmj8teocCn3mXJvD7jIgsfOhEcJKT8yOq2g1SwwracWYYGZG1yMcD3mppZZuFkxOTyBZId5HaTfVreBPp5ZDkIxxaAG40yhSp5Wt'),
(31, 'Conor', 'eEqTjC5ieoAtjIW6W4oPBRYHti5Eg1hX8qjABe1G23VMso83bvttCirK6hP1wFhiMr1Zzo', 'LZssX11vwdclwvoegq7JTznpGaKeWnH1N4ewETNA0QBWtP2eGl7HVbJUF5zx55jHMLxbV2TzVw8YRAZV0MLVbiPUpAEFw6U6rmGsDOqHpncBpNyewDRiwdS1ftefdKyCusbarC1RpQH5F1lDCOh'),
(32, 'Nicolas', '620KHpPPGAktaG2zRge1R62oIBRuIVNpmqbmgdA3ELGnTbXLlHlkkT6W0wSnbFYMxy3ew2TA7pg3fg8BAxZkuNLrqbiE2i7qsXWiKuVHjAcMcDFsQMWADCarQciEVkQtuaDiTtvNSXENMVAFIvt38nOdL', '26X66G58Gn8hbvRvuMDGOymO0XCyY3LeL2RXbYjnzdhcbhUa2zPqrPsDSOrn4aEZwSYeWRvy4DBbdyG4RqTkExLjKGzhyGpeh1Q4GSajQL'),
(33, 'Sara', 'qi5mFosV7FDJpjTXOLgW7CZxbevGxmdIlfFQggbIAeoFWRwckkcIB023VtxYLWx833kVplZxdifbXzXJT5x2Eqky3poPjOnqqvUlnF4LWFPFXFqLX4ftLUlrO1Ipdxa2tbjBerTrMYALLhYF7uhGWihCW5y8cg', 'h3nSsgDebZXcQIVI5bq2lP0n8ef2muSk5GY0jf4qAjAStF0LxYVXApd7pGK2hQLErBWT7lN1zWz2Ew0fNkgXfgwoIROGN4ZrwpIhdMFr4tnv6kpPH1V3VwOeaRrR7GHuWBMwMxy1OVQ6mS8MW0UEwXEXMESbunWijf730zgFausgdLEY3tp4AVXxytBetn3tHdggsnPGmjUUf8STpLr4dY1LgXx1jIZcuNIUVk'),
(34, 'Tomas', 'CETM0kldRvdcAmD3vMr8DjIMj', 'RYGZGpQSh0tyvRTBhjRrfCcm5sOPB1oahyVFz4nYywhRESthR5SugpXEo8wi4d7ZJna47YmVEQnuscxdV1VhGMwL2SRwptkJzC0Or471825p83FYCLCz2DhMD73yFoNVgZ2Hbpbwv62Wg5KzDn'),
(35, 'Karen', 'Hsvg2JVSROGugrlQsiGvEMZcaImoa7mCadravuoIP4teL', 'srrLFBzETN3z7V3ZKa4jXL2hEcCgGcXSD27B2irWJbYgNm5diE26HNWMNuVwgtevZxcpX17pbp2CJRreTNbVCgizCWhf4S2QF04YxRTAoB01PNGaLOohNYsNvFGfyHkOEw2PTdgUqDy2KOVJK8gXlteddWm1ccMK'),
(36, 'Jose', 'Vq2t0nSQdHSpi3xIdHTos8vjCYD7NwT4Pm48hxeGGTtbqxIL4vWCxWTt60thi2rpPcXKbd4zMypbnHloGy50kULv8oogj0hrUxxXmIm6wDoS20YmiuIi80Hl1wR', 'EJjIINcUADaXxCDBXqskvPSuIMUImSuyYvvHogjfvmcWNDEu1QlABGgadT7nvTfF1tCUd5x1kI'),
(37, 'Robert', 'QKX4CF0fxRjUxAdJbJzzFpCzwjUcwmgk8e2wFm2oarcdQD306HaXPfSkkTScWr1BftTRjDnn4n1rdXz3Tb', 'qerSCt0pbUjV5JJRLiERiDRqCnMsQzaRctSrdMUnBbUKl5keYjfaUJsG08ECPS3CRziktQGQVjq5txFP1EEI23nOGr30yE1Ucy6F4yxtcPOftarNhy5ZPE5oxBpJlMBBlxKEEEP4z2N0DPfXcoPNe5OD3S2iuS367FsovOmxc0eJJGzPgkI6Clqqa7TE7YNDzfbeRBCQ4lg'),
(38, 'Albert', 'c7NkBdjb34rBUyU6fFGF6YPHqPybdtJ7RjhdFy4OY7kktQHJh5hAx8a4xG70F6t7VL1rb6yejK73YeVnwLVyYmhhmMYx28e83xwsgV7GJHaN5igM1Q6QkSjVd21Az870xIgltZCzKbKqUO3mqqKgyPHZtYwkWWCqEfvmvdKwFhagG8heYVjQ6O7bCbG07O2mDZR3kKwM', 'H3oVKphbDykD7FrEukSGkhD717QPt62QqwpPKypYV4nWQfdH'),
(39, 'Ida', 'DRskVP1WwJhBm1OnPXZqmF7CJmVsxcmg2US', 'DQEV8JWNKnOHYhfnlWn6morieBqcpeONQbCswhwxphhl2ijgFTH6p3RP8ZRw8cVBtpQruZOGdyXmRIJw0d2SBDYi4kfA1qKEqmTrIo2ub7f610eB54A8S1CxG3OuwDWVjHTaqe7ezxHHEIUiW1XQoBiMiTBnIeMvEvvSEZqBJqsqIsi8Ip0UjkShjxfixoQgVVO1gonBkdJfpOQw5VCpgCRfpt7ApwE88o5J5CCm4UokdIBl5G0WPbdv5Cf8'),
(40, 'Milan', '1JQYMyIM3rIqbqQslnQO4Na2mbN2yd3olqq2evxaNpaqk3nGGW2af3fHq6yjS3RduqgpCr5fZoMxAlTjcyxrEHjVqXouNUlXccdrL6lytRXiyg4RREbGBka2KUbeHjhOXdIgesJIQFo7QOZ26gfc2guzP8vtyurUNfTjlrL6FikNk1BfzAFcCgSwl2JA4XgLKA2OPdlbLmSwhUMvNfqB7jYSL8eQeZpvheyWvTLR4', 'Al0HvxEzdLRS8'),
(41, 'Javier', 'tsLslwXeCtpArIIGIXVSdLl1DCwKVUwj36tyRNnxYnCJzJIPEXq8XiIEnVTIAqjpxjnWtW2iUszU6myYbkMnVIUkb4MxtUslpiu2SOwyOiFb2jbT0oSdR0BiMnF1IAAPfP3wEGHP4TPrxalCTpqJVLoEOrbbDe5ibB5vJt2LbsZLCcvB4lyaQFxT1jmOo8lfTwLQa71jjALi4xZgXAcM44QuPe8Pd3mcRIsGYc4ZmX6zVef3FuD2TZ', '1q3hwfSFhfXDEiqTlojV3FHg2gesWsteieqh5Nd8VDiZdiSg1zlE5wX0WfDGPCLhBqr305auoFsSaWDMexPy1KsBelfycBxCHBzwKXhjIfOLDBcgitEHHVoQxpd1LSvziMJx5KAnPz65VS4my4Mi'),
(42, 'Steven', 'oXsYy0FkiKgwSmnUDu54oU0ikOJBdhMHemJiQgwFK7NCyCmauOIw6o3jh8xdSKc6wHuZ2AHzydQrLCC1oDIDvCeMmouwJu8YSE3ip5WJeJhzLJGaoBhXc4kcfA0ZJ17CDxVtrSr4sMfUBJBM1dsRw', 'Sr5yycvn6bgTFvWmg24s5dcNz2nDiMIz5qHTevo3eh6VINlEDlIQZxgwXGoE73pndwcNDX4IVAOKVlGcMAinHQ6ofKNX2'),
(43, 'Ton', 'AsGLfRuhxfMhv0DS8E7AyWOA1p1UgdOwkLln86QhdBLRURH', 'KqmKOYhV1UjFfTvahIqZIrlS7EgeAUzsg5FwiwACALh0HRcaGvHwEOBPlPDyDiWQHJd5iCacRSWjfpDFeB6zR1YwN7nylI7'),
(44, 'Mario', 'FzKocy2VTCdiDmcvTfTmaIzq4cB5xB4JirnV85vKibnkz0e78GkllUYdaUnYs4hWmf05F1zlJL1fZpAPBdjgBSaJ3gjDejaECcMU7I0Y2RqiHI6lnOVU5WmFXtfI8VmBvB0GzuHf', 'DEVihsGsstPGsetN0cpvYV4cJzOZgrotbkLgYcUIzp5GIl4GLy6JmdHN0nAeoM3GgCqvAFgV62xjJuwjespKUSkM5ozDYErr6GcoCxQg08OOn5yyWZIx1tvnxbcLS47sO3szxXdrI6FzMMLe0aAKYK6WdNUsoB7Wv0T2SxqRcpHwBmQRWfbaUZE4E7XPblhH2p6e2IHDkX3NI2PfG5Dj'),
(45, 'Alfons', 'GHNaosui2o7B2aI7TPfXCF0eRYsZZZ5sXYZA2qAP0AKud13krnKqVeqdjy8vKUPnxfQgbJFAwhWKY5vsmtipFlNcwoxMsV8AvT24uHAFoZVPenlT7I', 'JamG6HhKPT1znsr1lJwkXMaFwDmuuUZq5zyzpuU1kIcZWOR206UeAHyaGBQf7kRqedKaAqT0q47mUDnh3VJXvyYZWKeroMAq7rbuUqo8yMJIE5z8PlLVMc2tGotrKp0fUk3TVD3VgpHxpbZ5MGUrbKpu'),
(46, 'Esther', 'UK4A6PcnVjCkGoRbzqAluHRfJ66hGrp3FRw5PB2rgMRgCysFaV0bVIpEOWt6gbDwN2vxxbWyaiWJeqqZq6tLaGjei5MKp06fLmnkBIuQdANLJI7tNXENY4iKum5loEeRpADXY', 'MaFfclEPnJCTxIi5Nv4xSvvTpWp7Ft6TnUURljEj8xkWrppaztKKKERR0b6ii4IAn3PvIbceJx36uzBXxqk'),
(47, 'Amy', 'wIgtdqACQH5jCdmIkaP0FWxqtaFTYaxbmoNwW58EtJAgNOFxRmMo434vMzPftSpYNdAjxS4tZ2mmBRAYmyrTmEi1Tj8ZjUIdbgpKJt8PKTwJJRckbAJheUjlgqoo1PyoyucP8O0rDZZMUNEnABYwzKCTFWwlCuMGM', 'xncIpSPXXbIQeditICENrnXEm8womDQfTtUHIT8G'),
(48, 'Alfons', 'y7JS7peBl0I8731ZXm6YUUYV3NZ7KTwpFVIoqlPZkwGceIH7zQrcKNltIeQQ6kvG04gM7a7YUX0Goo20al2XmhtBiSzlc8diYp3nU5knCHFoMcvR23i4wmkp58oo2UTjY4hehd0qQAEiiMJJfV3DLmHG60DY8C7S4nWOU7zjYI07kdgdef7gJZfpVyOoWOoO4', 'dcKCIQJZzdyqiYvaTD5msVHCLZmFjj2DLnwOHukFnzGLhwczgvcNuuTs2dRCvCjfXhILuag0F8TMl2zwmTX1X3CN1nSDg4KdOqkpU3pgS2UXHoHcV'),
(49, 'Steven', '3fvGvYcp0Wb5h1boo10hN2NrNASeiFgsJV77KDo0wzH1ZqG1Qc6nMyFZb86uCC2jRrYo5t2MH6iOCLKpkmnpCVlHJPJZYEyW72ojbZ0Dxs2siv5OvNZSgGVx62p6gUC7lncrTTzpQG6rjZnUCP2SizhPbpE1YxU8y733ehJKbZaFmdFnu4rPWQBFynDBGKRIbj5V24Q8YSoOES1mnnXPTHXdp', 'WaHexOJs4bpWtyasvUwcNHiN1cKZmhSLIUhsb073F5aChRPioEvkMffhSgVcsgWJmPVITpF2smQ0Fe83PvU0B4yqRgPsI6SvcanruqPM'),
(50, 'Adrian', 'GHeqILHQd5fAOHc8aeySqDWk3og6yZ0eBhkebAs5Bwo46pbCBSWNWrHtBLTc5M0g8PzdOgZcEwsRqUyU8KxOCrNVzkrEbFmWYH', '2iaCh8mSL3fxVmuIsLCENbVJEy3jM5A25eGIv2dswx1'),
(51, 'Gill', '5A8TqutCAZLnaKUa8nJOjVsOm0lSbmxxGqASkZ1klprdgzPMSpCcGxA1Em3FDeQ51pmiao8dYUdLzxp465Tzt2IQJnYitsHJt3I4fExT84fJ3Pxuc2hMlCSUm0h8dPIn6isb6LDlp1XJ6aTKcuTHyodSJvBr5gMWQGAs1GRNoErj0EbLKLNwiBOgh7QqDvK1PQoEbCkTC', '2CEuqCn4MnyWXiUl8QoYSvLcfKMzhMFmGYy8CyINkCOWJiJQ1BLWxjbxvNDcEI6TxHRjbAUF'),
(52, 'Herman', 'i8yhOwuUif8Uhzot8HNnJFQz0n0B4PFghqESLsj0IpwChjfpsMqvTUtb1rO4RNnpWdhTmAR4ABfhYazundPOKk6ZGfsZsFfCieDzAmYVnrHNc8jbX04sQSvi', 'uZZshs7DZFF5xGbTqMekL60nFgGbKoagfAq24TrzzpaVINU1qWyrQcLcgYRtjKvIzbl04nHWUMLgVE58LAZAuYFD8GlDYyaSmo72Oj4h3hlekDfXrJRwNPDayx46f00MBsy6pRh3ZLqJC51IsTnHDLt2WrlSSaSerajjqIUPyQucIAloItdiDjXHCpY2RCIY8yMsW'),
(53, 'Andrzej', 'xVb82vnXMMBly3I4zUBXCuqAqHgZx0DhfQnf4UHmxrWJUPwuA4wQ5lLGKRkITSwvgcaRL0bcBnewPCsjg6SqCbERjesTJteLzKpPkHeT2n7ASDGB3vgobafJVdgEuFIpbcJRkNLJGB6caziWhJbDIeGMMot5aXUMl74loGiHDGe0wqlcNgcvXM7vmjDtEMwvM6Bj5rRyBhOco1rwdqjWh77O6hdGNcpKBYaCTmSmDahGGpjnM0ir3xqFmtmij', 'ig2ADvzF5r7diz8t5BsvJOxzwKp3dYwTaKX2DHApQzsTUQGNo5F1SQ00IX6hBPTiKke4RIh2GntvpBTKq1OTxlEmHFoMMFzuiTz3k23kCc2E8MQ7Cifii525uamKgKzq6ku0qN1xEozHnDH3KI3nuhO3r85ufmIxC52PbOaYrFUawNABgmBLslAznFbPnqg'),
(54, 'Scotty', 'fuAwTUBmPov1NV8CbykphVHUON4GmBPpsifvubX7Ss4jPtB2T0eAELqWiCghs3FkczUG', '0bVjdM0KbPafsG'),
(55, 'Herman', 'SMLTjMLUmTIP5b8oVfE5azST7HzxyFbFvgTNKx8jxL4skvjkKcs6RMMMdRyuIht7GXTieAh158EVYMgP0xJYeasjKnxuTW0lBY', 'hOCtRJ5z'),
(56, 'Malgorzata', '8WfajvKalAqkNqvVwYD1t7eigzNgfJJfHzOzCiUDIvM4stjjYOpAPVi6HszWI1h0PruF7QNHQij04DPZgnaQFUyVqf7bAhnLoKTsTnv8VBbYTNT3gjoIWVnVQjYluhXVOsTLTGBKHJ5Rb4OTcsHXSCnImIfJCQz6BawJGEJWEbzStfZiswTHcjxpHIrfvcRiDfojsDRfX', 'I4eibmiTRUcAzogiFXFLrtRGezZYWImgzDMtf2hoGzBKvExQdnbzdSGLtnOiMbAg4aqGvtYksHEumORqDmb6YEsmJCb8CoKZxsrRcQUovqO0hzTGQlQO4z0PIEEffFQ8iYAjtcXJDcMGOtmIVZviBBf3buOIyhHIUdsCNdnBIUAL6SPpTDeK2YD2iy6foJHzmEm2zzvp0qA21sO'),
(57, 'Jacob', 'r', 'Tx8o1CTQirf2UxV4OA5QfQ6aIJRfobx7JDZFqUozHbErZnBzCazrxhkiGHFHuv6qSKdZkLE'),
(58, 'Lu', 'PAaNmvhG1STDEAVB6kzwzDkF1CNUNKpm8aYqMIbv77VivpwiPWCwhjLhNNrvmZkcNfSNLPbayWLSb6skEF8UB7h8GFclhahEgfjpB56bjuMLrZsAQ0ivktBWNUnDgl2ufoUaWlVm43W5i2b5sEDSAtbcfGDEvoGaHxZmSUDC1NGUnTLZxvgLzJ6WtflXNnWimGTZ7JsqxLlF2nSwc02WG1TDrxcx3RKrumGzVtgX2E8', 'LuqnFZ13RLwBdtOCyYnPxvvGqoICU0irpNbeWfGYjPPq5EmU4l74IJ7SaP2'),
(59, 'Ulla', 'FNLSRHK67rqo8dkuRf1avm3itsxRkyB4UwHFHQZsoyR1G5M2rq3H6g1lA2zVx4GSsba4CSeuzex2O143uAOE8WCfNkbOwjQgfczkVXuIUUlhNuNoQIPHtPa2VMH5M5gKdpqKW3qgjcEDVL78MfIDOHph7hJJT', 'hbFZqldSbXTFdvwMMduJ1KTlnuhUgd1XC8e12xa6RFSXfWhD8721BIDUspr4mUuHiAVetadYtkQxARQdrM0bQBv6cqp4KvERLZkYZcMbP7lhHLXZLXSDSv1Kxu1c4wRuyl0cqOcs417KstOWMtLCtgwbuM5gpR0EBIVxLDGrHrFiptmTgRJXbYxohRU10xUUYsxeDRWF4R7s52'),
(60, 'Benjy', '0iql4TtD5sl2B0Ak7hGVjgrub8u1gc', 'UXTrN2Adw28xyu3nKqd4J8iUozxPne368eYfSxbnqQBaAaeQVE2fDwYH3PoQjLHKZ0ENDuI8CQTNVVmEPvUSdv44oS4pg5nbyTqpF33yrbXZzwMnyLVyN3wWtnyGzKWXlkgQdhRW'),
(61, 'Callum', 'dMtlCvvKFDGlSpQU6xNcNMKFSMPTvUD0zEgvzZTRUuDyDPRsJwlYgVSt7YMBBU4dTQhkswIvfmQApw8y', 'qOd6qvoPOBdhzXpqwNEC8DJ4vY8mEhOtwKK4uzTrwyYdTQee54DtPN3dLujXAtYUkuJZ1M1m1ebcxXNFcCNX4lOefdjJVCmImxuDlxyytX'),
(62, 'Jessica', 'NtwC23WunsfCYOF1pszCIzjESsq1UpGHGdJjFrftIDOshJ0tRG0LdsVLdBS7y1Y4hYIMojpdoNxmq2hfjtg0mcFAJF57Pc0YJ2BocMDXo6n6zf4vKVhRFTuN2piMZXYNCLxG', 'cvPJgFCHE0ZLLjVVAX1NCx7zeubq2TBoScpd1raYh0H3kg2gNPVJw0y54tMS0k27K6SfiJNg2IHOnGCVJBl6vrch2LeTYkt7e1CUfL1sUvxLYGlZ3rZdzvzNds3kcSQQdueuQcXGwPWuA3kVYhulml2sMvUjx86eu7Wit1b5ex4iiFxoCDehsQmB'),
(63, 'Pip', 'oT4KR62pZ7mHw', '7YB2rZemgCVlfQAoeMiHoHXC8FghVglAw4kh5PMKHAl3rrUOWa'),
(64, 'Babette', 'RlQOyX3LUrkkupHKVaeIdzyJzoKm4kzx8Fq0ppmQ7ZQk5PRUot25oUbTPIw8kj', 'Cfl5SnB8UTwUFqTlFeQTzyuqnEkXIoe3ufEThlwIQEFNxI61Gt80P4jQDDnOh2xpOP24FDQFXjW4jO1u6le2yCOCFLeRlFK4ub5jib8WkxbNcB7wIcEcFe1Cunn8XzPOcgYIR0qVrtQ3b0NNdxK4Ynn11cB2KPpSHjiS4Syah5G8a8VVb1MdbXHtwjAWa0RGooMgaQsFzbjdQjindiESWcOrV2ghybEYE7zrcmO8M1Ro1UMhOXCYlAhpJ4gxby'),
(65, 'Dirk', 'oEVDr3MSH3ALpbNrq', 'Ipwhhzbuft5KqbzVybxY4TM8wx0sCLCvuFozmoLf0jOXRH0GPGJuuvIDfJYydh1hmwDw32Nr4yrTnjxkgGtM6RhvX4G6TB7x7d34hm5vgio5XFwnSR2obMOZhUZENJnN061VgjP8LxR3EQ2hMoqDFqcxnWaefckYZq1JrPmLnrZ5obDDAYLklfDLq6z2RcbG05G5sscWzeTvzbACabBzhcFY4LR6lmatwdYoQYR8DmkjxY3'),
(66, 'Maximilian', 'mTaZ40ly156snMwFaui6FufOLDUx3zaNaWAly4LU03nExkxJuAwdzKwQ15Xz5cUxyCAMFHQxYPIjcyvZoPf72exDpGcyea7PUyQOqsyJoybAKI62', 'icmb6wSjiQzBHcLLnD8kKcMzTZg1HR0PLc7mAr3zD6EwTwYCsqqsK3iiMo0bpB6KcnmkkvaCEANU32jKnDB'),
(67, 'Annie', 'T47i335mcwWn515Y4tTNBUn4c3QQV53wBXGjoHmUqYbXJX4wKnZ2VOXhc4KiofvjAdmsGzCxfE8XS1ELL8aCIH4zlcjXTML1D0BKiLpx5WGo7lnX8BBONYvfp0Guqz3zFRMG0ZNZAHGpjWgET0ukiTFCnFccrRElW11Vr4sTd1pEjtyxzd12L3TUwYJalTAHN2JVSLVdgndfwjZoTwzcHMBHTN6GH', 'pISTWxdQxsJaZqMQSBiPrUVfPa0OhncmSdDLJwjyFTuFAMklLTjsrkFB6DDfDbBjupKKcQwFJMU4Rhd4BUrgLbPsgn058yZ5btZSXyW0AHTFepHLsRAfNSJX0TuboWpd11SKDWjjSoyeX6inNtwHUD1CbGENVNkdAHsvy5qlur13eYiqckTknuXlUvYiIrHnjZb8S63dF88DpoA3qjaKcGZfpZcH0nt'),
(68, 'Piotr', 'DitiMeq2aqalOLNKbhCXN8khFDRiDO3xwvg1MsAFOurUe4', '8d4xzoWq5SEoA3QCl0ruOf3L2N2QVs2pqRncaeNBU3UVm1j7vgamgaO3JlO67pASSs4MB7O1mRqaFD4AnRHqcNgYztC4CThahYL3pk4gpwIAfLTy5oSXXkBXo1LaMgbdwNyZEz1CW1b55pbdp38FJS1GGdopJ1KxGKhAWxdaoifJIvfe0ZNKCV1yIdgMLzlSO5INpAQ6dYk'),
(69, 'Michel', 'k28TCauqB5LACX0j6ncZYjNthMRXIcaKhSNpciqNOqtXE7xYSSs0SLuwWY2tbHKpuCPA8LKw2XRuPDeYAKofDkgjkjgU4wlgtiJpWyAXFHi0yejhFNTCak1WBJzJLKlp3S11GxyFP87bH85S6k4uwyZO8pNhuIG4XRsn', 'AJFQF2aZBUxaKvQduGrBZf8eM1UjgqwfqwuMWT2vxttnqoS3LTJpnN3fErBTDeJEKXCR1lzc4dxsk1sUvfL2LVyeX0EqJc7l4FB3hAcsQpAIqTjKW1JBsuVASIpZXkyHVYZGSUyygHi5NzGhWAAH4ObKn5bacI2VOkTgCtL6hspkJ5VaNOVf4Cm2wQUazp27Q4vtz8Ab2PV5BkLH'),
(70, 'Andy', 'ru3fIz4e4uXRfNG', 'tOS5dKtmqZJFafSQY5zsO4ekKZwsGuEdKrZca4hCJ5eSRnwoKzQCWxBxqcXkDBpdZMDThZbcAk2uGtNGAZh5jMd2ZDMisu8Byd1YbA5bm6YvzhOARLPQhRKjVLmvrbkn7z4zA'),
(71, 'Richard', 'LHOW7ZsCDtH41C8xx3j58IgcWtv5GySMCNdT0MlrRE8DJcCPUKztxGWYRQW0psoKUsQZfph78awZiS7R2LbCewwouRDmdvbtOqfYG32prteijbQAenmky2oOqt5rtgx8wbwmr3hfGQlvwOH7pw1yCafs7nveBIAqDxZzSDAC0380oh5d8VA3ZmMnMtVvcsYgJZLc2fbYCPlZsGsc2B5C7BMAUioVmdpjybC4CnjtF1l3Ii', 'tBeH8Lafgr3f2I'),
(72, 'Zofia', 'fk6aJEAupZDrwEo2WdbeyD7sLRgN4pdgLzwPARB6WWyAU7vZpaOK2DzpU8hJ8', '5l5VedNJXuHf00D6Obzvj0Ww7XoVIT3WAkY3cG0lZqOO5VkiFhDweepvlVwgr4jt3ZFEd8nBLc0uXhgwHUj5kzPFvzHJoUE8Z6qCKZErl8zTtr8q'),
(73, 'Helma', '5UxdStBUGDY2AZi1NC3', 'lfLeKUt8CjYW1ZQDmh61EDxTPHfsBqJ1QB1X0exVFNo5CoGwviXqHktBy8zggY2IGGhFI4NonIcT4Mwfp2VLNzHhYH0oN7sje3ebAd2GAy2NtUmOLozuUTmatAmF1DoN1re104k6I6JkTYAVjCsbcKq1LmZhpzhWC3JddjuOcTC88Fhoje4852TGsDGo8n0MPAyGEW4810xJ2c4kWEHA2rbZ5Idss1hpmD5CIX'),
(74, 'Ryan', 'LeH2qFyxN5je1kYljcYqylI8HXDgvSUwl0kBHor1FHybUCoWaqM1UBVm8pp5NEznX6ZlC8y5Egh3OC3jQxFB3y33kgaw00yuqBBqG5kwtWEeDSNBD5RTtWLWXV6VmnzbZLbshxGeUIyEWKcrrxrcWX4WN6QXEB1RmNW24ronaeutZU', '5BVfR4WoCdpsG80qIgtfVSSR4PCa2jGNbLm5H6IMX3omn7bbKsg7xXrn5F5OgXLOdQdvRRFnp'),
(75, 'Christian', '8uWx', 'rw6aS'),
(76, 'Izzy', 'EsEedO8ET', 'l1Xu65udmfvomLvPhHnWKZi1W4FOZHqaTyUWcsuPIRK84DglpFbv8qZD'),
(77, 'Geoffery', 'uiNgNC3hgoaKWmU2CmrgMiC78PDsPACqmzeypKfDIUnQyzJ07v0XV65PgeFgCxgYrWgkTI1xlDAM0kAiv7QOtDsgkvOGxNyWawh5N2uhRaC8EMuLGP2qt42Yn2mSsPehTK6fEhMpsPTOI4kypZxSIApMeFBXoTyZWQfmiy0AHwMXA4U30d42JvNQXnCv36R', 'tk413MFqcxvb8KRhv5'),
(78, 'Koos', 'e0PvkI4krVLHtPwwx1RSLedMrPqR6yudIJVIEkb3ykSvZNnxkImWRm6r5kllYqtLImGJlQZjbadhyZwQrifQWbXAKeVXOk06XIyc4Os4aDVXHgN5kMRjPDjOxYpdlHJMzOV2A3x', 'Dl7KVmVDt'),
(79, 'Talita', 'T6RDGGBbzIoNQL1hIXWvxCkPazD3k0WRTBwIpQUHoZ1RV1MHc6N7oPoLPXbsBRPaEIqs3hGO8qh4otVtp2Qvc0MVKzmFdscgQH3kxHKCOyNQL7wdFnzhnz0QDCFlEAZuhM2eWuPxM', 'mk1HZSvEj0vOyIXSggCLZ2S0NgNNHIaB8NeSpOGsZ60y3k03TRl8hOwGkyFeN7doZcGGvpJ04Bukii7n8pcaiVN'),
(80, 'Javier', 'nFNzQ4FrdvrTaR0JaMW8ZYWWzjEardtFQoa28DkIZCQPgMZFvEKgifyBuYWsIoksww4Xw8S8xFBSKWstd2awTo6hDAy1kEQSECMIp61mbZAIHBq4qFX8vFcutuC4wNdqSWPvhM5qjqDjtda5S', 'zfYEf5IZf6hJxoVJHCEjlamcrGYBVTbtOf5DoYhfPOlmCI3JUVfsuIjMYYWPuJdHpq7YzVbmbjduPnzhT0d0p3jA5ArzTxWWP8aBD4pdOIXL7S3ZX2c51z1BLSjGT5eCgtcIIlXPm1PtkBiymj1xz6OCShByCJbHmAStgRWSGDwCwj1NEBhzdk0NXisMoUQJxvxtWhRWnaakCeSrV'),
(81, 'Wilma', 'T22gmLVStUrD6eDiODPozyC31cBlWp3MCvFhenViKeA6dTt20MFHTDK3GDqnjd', 'xQjIQkoDRU2p1LP1XFC0mbjsOOHC4cUBgqM0xMFJhiERnbwFd4CCGQHvrcJ3viUznWeqImqmL3j7rFEQ08BfXa3czS87XIO'),
(82, 'Leah', '6bDF1Zuqa6V0IQXLTUprfbftCeaDd0i6itAhyKr36lXcHxPqQdV2j68ByEWrjTMlN646rdUedjmAfYcaiJIHtBDLDqWPmUYCkT2QN0LCG3qd7o4qpA8CRPr0kOYk8BRTrN5zUCVk0QEfhzDTUt6DWja7VsHB1pU0qHLjnvNQfdQk8qh5U5WD5hBSLwJgTf4IcEi7KR237KjYHiw2XHHhtxLrWn', 'd4PnTSf'),
(83, 'Elena', 'MxqopSeInbDpanr47GHndCB1XJy1GDdRgOo', 'FFRIBEfBr0fo2BvEwZ43d3DaHqSKmpsQpXrso3bf8m6vpZmMCe3RwEyusluAqUrfgq4Fsop64oxooVW4aIr'),
(84, 'Hiram', 'T7HwoO3GEUpgO7SbTt5iHO5zJ8BLklYVqkovLtbapmTcVZcGsekoxrxjPOmBmz5a4WqK72McpWlAaYIOzTm4tR0P6SbAfTXBrxy3nUuoQkxNlkEg2lqKTGt8ZIaup4XctkQypG7YxPsL6J2bCX7', 'NDPjgZ5sVxdrOyvZr'),
(85, 'Elin', 'OS3aVepyjCFI25F6jiUHR0h1ZwqRJUf3QnMvvPZMZIpsmxpN6RoyYf0yVVJSyHwKcf0FAVgTk', '8DddBBxXNHA0wGdix2bgiPS7nDR6iM0Ih1ilWOT0ZJ26c4YaUKbUfmD82KMOShyOUdbyoZFqeobXoL08zKfAgo06HwzfAPo40iIDow8NCM1KbW6EdVxyhHN6rTbFHdXXKWEG4y2bwz8bC6yWaaYjS7aWlMxZp8kyehcYoGXyZ'),
(86, 'Michel', 'ELGoFSj1yBwPcDEzIwvANf0KfGWrX1GMBcRYDnV0uACN1dDkfqhdLu0nb', 'sbAzR8nENj31ZfU0gVHojqrUyaYquSzoFvs45SbOG80VvtfXmbNUaiYHBuLFZ040ALYTQRq1Q0XvpBGAxSLbMrsk3h1hp6XbVj6VidHziFXz1d85rPdJIyV1cnjE8teSt0lY2g6YfG3LAx6TSWE'),
(87, 'Katie', 'zdGF5sndLADfEHzQVUVZMpgSSqfuEovwGQPBVXD5K4ZuiGNswgadGxNTXagS5sWa2DjvYqoJdoQU5pAcBenGd', 'et0p4glqWoPytvd0QaFqnnuUp43r4DijBEjlByqvyeo'),
(88, 'Gillian', 'vUimc15IO3E7F2UMfSoYwZOFzDWyLBHVEBRERw765GyE8a0e8YswnzObyVCyMFt3gNImuUV7mB3ej7PersHDRbOdIfxKVPzTCeVI7dLy40B8RcvyeAVuWSEQ1JQTXlbmZQAPapXqmntFWfeorkDGKrVHkyB6GbQsjAfK7MRFMrvdZjI0Ccu68yZGqvOPdsKy8HVA8eopaAX2Je8AxYyugvongUgX15FtunnlrNDBnNKNn4AmQelHH5negKK20', 'BBky5njGRaYFriLiZtjCnJBiG6htjjdg1GLFh2ek16OweNlF7eIp2FbSGXA1SsFxJKpTrd7BSuI8j4Yc4RRssEWmCsUEV2LThJBZ5jqSpZIKVmI6nkNQPYjNejbhjULrGiW6QmkEOdSv8az4xwMykFmIyaEZ3kKssozb2TkQSeN'),
(89, 'Gill', 'tYFN7k1voKUhkiY5dY4fGdCSXH3FqkLq5ShyuEoVXgyWfKdwcLtzhmYX4WDJwifAUBXEosLWGx2kXAIpLJlpdZYbpNGmhQjnOi8RmXayUG284pvXjOuITUlWyxvyebECZkACrqRzWrbm3BYF1dVEMD7VVKEH7oRTHNro0zzL', 'Kqti788QhYwDbsoBq8LC0tH5eJRzY2KoqJuayBmKagW6GdiiYzEQLt0y7D1Dw7PbFZl1Pi1TuCoD1MgaVpXu8b7AWMYJJ5PSOCuj4yZTeXSa4Y3NJYiaN8z4euCo8LXd8KOIAwCbGFIZffnElXFsT7AQutijB1p7bNnouhiCRKZzKR406Ip4hE4YXsatSESdTK7J6fzhLyoEMRIjz4rbvJCQ2KLlcs4DclgwHQzxmJMYP3gnhsnZu6qWiXGcTl'),
(90, 'Teddy', 'dN1pBTnYxztTQtMn4w3bVF4V2jrcrDAsA1ix3tzdwOsovNu1CQ31LspAc8toUA6ecv2qI1pBVML03GH3RKbehoZ8EUrg5dpUYUXBzCn', 'KmzVuPy88I7MKuoe5zR1N8mDE43PMF5tDvXCRdXiU14YRCsXgP78hoMVXQabKRtjpS8cuJ7JPeom35tiAnhgCcQ3llwEPzmWF1tZP06S3FssmmQrrGf4R5uxdrAkuztXjZg36qVaUHgDnojWco4i7VD21PSR5HWx2SNR1tWaKniL'),
(91, 'Isabelle', '5iwcIPbcJB7tT6VJmffJzMWIN0q', 'lKUmj1bKbZzHMNEykLzLamHebqxYG2gV2qPfmmYQ2X5vOyTEGyjhc2EICZGFDQRGFf2Z4EfIHT4DsfOb4YvC7PU3mUiohyyJ5s8xXGi5EYQg6kbneHc4mxD'),
(92, 'Sanne', 'T2M70GVN3xckAOlptaU8N6zSQ8cRqhaBIHiiltg5DRkfNKaLocQxVUx22rNxxGDudJ63zRSDV6HH0Q2bbHR1DF5ZzcsO', '2tLVH1WckNBwlpdpbGns'),
(93, 'Leah', 'Qgy7KdGvi3Lxkg2eKhpiuoyQHuwTgSz1H33P5gMvbRLyIhyiDxetZf2lmtYfQEGifRQjfzKfrvgMmdIn5coPARzSynMYXdflYphNeUiikux54atZxU31ab7lVcJ0eqzN4GdnQs7jSd1Ij67AvIiYSPTn8iASlVXGKoQRaVu84iRDCet6RYZbZ3Y8I4V3H', '2vwalMAwEGOgIe1SLQwerH8QKjK1lKEz'),
(94, 'Nick', '2NRSKN5Xs4fbfPCdgi', '6mQZEue41tviRhS0jakRB3TQpYUS8fjptXcz5VEs8r7R13TFOhLeWdd1GGViiqnVgvMitspQOpUwpO2jD3GOv3h7wHxJUR307gB2vywK0spGLMFW3JNrxxN6dX3kJWG5iqlvbJ84wpGNDduaoBiRfyrV'),
(95, 'Jeanne', '2lGP4227SkCD2F8aOEEeeGWiJ15f8j7nmKtREMZesWh1U', 'IYtemDFWgi1jYaH0Fqk7pPTaOCZASCG4kAuUgoFkj4sHrXt0gLryJjGOTbpPZi8OG6l'),
(96, 'Lea', 'ApgDzvsHspz0W3ItXt5wJYaStaN4l7Kn6XAKJv0HtXeWpBchfkE8dyffaMaaEp6oeT', 'hozVcnXAZwvrZGzSUwnPKxUBzbPpOA0uzzOtiU5xxz3JGqFuo5ouj4VKidH2zfVdlAGMQkrvDTTNKtd3AxsHpFySoaAgSmKP43vg1VVO1i0UiIxlrjHdLSMwCGaZkAQ2g3DbyDBIo3WmCw2V6m3ObxQflg5IHwlwSNSRXKKZzKnOt7ppiibKGHsgLIshC2epZPGJHmrliYODqVMQGxNPo5n16mN8uh2KJJvgXWcsiETZaZa7qH'),
(97, 'Charlie', 'WVzJLBYnVyTnVcEl34ytJMWIK5Zz5bQ', 'clueIBDHYf8pZb6oacFQetbfvRJxOvroF35qNGfEPn4gOfq8DFmTsH7EQhIoziUAgR2ELZr8BjciA88u'),
(98, 'Marta', 'LkwbPENult60OLugwez', 'A4DxKPYmRCexMUfwj5qXmNOciIkVcoQVwIt86Dl1jkOTwCzPVpqBVjIyli4dB2ZgsIJPEIxmx6TqmzFaGBWZBSGoERdNxjVBJfHjy4fJ2ycZafnewdO7hh7gpXmTX53SBzCiyI6qlrH4blPS'),
(99, 'Koos', 'iXn42Xuw5b5ch1YojpfU2ksapdupq', 'YNWk7PoLjbsyAXN5TRydJfDizMRAzocpTaUPpRXVV8KIToEzoHKeogoXLQTT7buDZWMDIuahw6yplgNGIIakGWZrAvrX7XPB4UYhgfewIR8DDA'),
(100, 'Juan', 'YWuTBwrTcepUs44VWXssC2QKyJsotEmEYhLuSvejA2BQnziNnwirivLUFNTsp5u5VcNnYp6iobpmnu6zSJobKhAzctNLbNncfSCSQvWTq7b01htXOJFIWctAAFsrdJuenRYMZsmRQoCUYE4MRQF0JVYR5VS282MTH1OrjyaXBvHP5gVvj0HRf2SCaCh', 'yOecegwphMjJVaIUKVVkUQ2Ujzc1hMcBNO8bdYO3EQFjsu0zva2HSy85O4y1bkdhQUBRSfE7roIorHf'),
(101, 'Helen', 'oNCYclOj3RW5ma3i3mJczI2GUPISEzydgd67dHa7HY6UIKWtMAgkzgibvDmlr02dCEKmoObZ3Uv3qb4vl4Q4hT7ZX4lCqJpL00L7', 'qLuOalyoXZy7BLTF4JZwen15LCtkEXE8SDw1nrjlPXjcYX6PGnMC1IFE3w'),
(102, 'Maggie', 'dXWTOm3zIT02Os0Hik5AQt31DfchxOoWBVpxDhGFfsQlADV4YaXVUDzE1YQ3uWgHMyUPpgP1nzM4Au63QETCMM05RfIoEoMzJ7f0evEkvKrdI8siWc2FMbB7DKPAJWw8S7PjBYOWXMlOUrh35obrOM0R1wOqpSBaFJFRUmUpTBqRZT2lik', 'pSGsHyMVtlhoeF4sF1XUR0cCmb1Baeb8P'),
(103, 'Elzbieta', 'mwQTLUHb6OcAHQrtpVE1W0CoFtOaUUyGAgQ5eu0biRkXhq1C', 'HhmelxD8mnUwJSfjl6XSAItWlBAVuXf2eWSXkTymltEmlL1nTofYZTSZjiW04FSE8GNtxMDnD5pbr5IQvYsecIPJmhNLdyeP7V6A88Cmts1ldze'),
(104, 'Geoff', '2aHgD4eIwlvdfUtDuDaMFW1rNyhYUwpWQvifKqvdpHRGZ5h4ptMWA4oCKvqhNy7tDOgo2PkZuNm24t4e0p0mK3YsRWrdwL5ykspMzCcfgBkHFAjEmnGv3El8GpPHYkZvIcpfdueUJVMxze74m524ftHKPURTkeUe2CZp1RNj', 'iSH62pmKAmKZPMAcJz81u4EiBDYKftNQgCrsEmgIVkQGh5Gq5QqmU6zcEKjswavpZfxowX1QSCLfZeJxJC4FhoTwnuzB7QBomO2AFHajCzkZrph6YyDBtQs52oShUy'),
(105, 'Netty', 'uuS1vipfDSMGSzFviXTBKjMf2ziaPv340N30uEsNaYyQhQ6Mx2EyCTak4cMcbWfNNEJtDOM4ryVFamrYal5FLWp2hsZGPWXpxQnIDK8LISJ55uUzZT3u62wpH5MwfQlIBN84JGZLPPIePlCrzJCDZelTL6sWLWxQ0R4WjSYXJGaLQX', 'zlMO7gSXGYZBe4Wiyd3d1Lf68iXx3ld4IhYZTTJWZNrX5qbZSLxzSzA83J40Yljmq1yzuE3GirNumSpq4mJkAplVc1RAAwP0C6ONj7j7Ojs7VJOEVQDSvkcMWN3bhvKWVYGltZkfupYmWHWRVyQbeDf0Jj4tJHasCF0kpb3TprxA2lYoxCspj8MV2FnIaJWCxPj0XmYdQ4nFGZTxGuS7ctO5p7EKeT5X0ZLDJf757mHJbOw'),
(106, 'Syd', 'XpEiWgV76nRLArbPGVGzyPDaXz4BJKSXD6L8Dioo4ZXL2iJI8JPAduQL0JYJTukpH1b778eZNsTDFnRGPmUtSZCGhcH5HZFPrEPDL8ChkGFuOpxDcAa0kavxitSEvtvnw77otC7QIjd0HOPqmADGyToWkBIzrY4MwvLfeWQnTciLECzaqWDZLlvwsCZPGQP4AzUaIIlOHQQSZ3nlY6x70AT', '6lWEEalYQaP3Wt5KgfpEC7RWQPWZ81xgzq6fp80zn8S2WR82qHlcaq5WWEgyUt0UFFIaBoC0WP0poJvOQ35n665qcYnAVUnF7fUX'),
(107, 'Sandra', 'vEKbrceegWSjiVULnStkfm6oTf64fEsrHzQARFUveSjz50JdeDJtElio7g3o71qtUQry2M13RECXY4DaldWMQOgl3qCWpS8MUFtEDljnILaO3Q4mnvJk3usNGsiJuQinwSd8E5ZqWWt1k4IGc35VfbKc0LdMfp0GoBhGZljvJeBtV70P2YBEdRR7b5Mu4D7IXPaalWH', 'rdlHOkSBIDutfwqhbEA2SMG4Iry4YtKyP6iEBP44AAZpidKskfPNLNUP4dhwhQ76IJTnHJvEuIV1lM5jZYAKKKIjrMwh2z8SYukFmIM32QEpGj1bL5rOwJyZ3P6oxsp5xd7OgoGKUryAA'),
(108, 'Lizzy', '3QErSar2Dd2H1e7CkyvLZcYUjbraYr2sGcxjjSoiPmten2jwQphl6eNU3IMz4RKQ4goys3bzpVf7knd7Do1iaPks63ZzINAimtNEaUlm2ckI2RRSS4PhPgdxFoNtVOC5zpSrhrRLh0ewfGQCTKwnOl6hdSeFVJimhq', 'oJeP6J1tZ833d41d3LiqSCUpsvLq8'),
(109, 'Jessica', 'fA3rvfPKBhFXvI5pQZNq1WRNZteHWwtOpqIHDwkQUazgMctEbO1lsdnfhXruqKRGTORUzfr2kkN148keqAynDJYa3McwNsqvoyKgvysJwOLXNB8vDXMF7', 'M4VyOeFQUUlrUm0zMsWegElqts1SZWrsjTBneg'),
(110, 'Viktor', 'nzUSbK45sIo6xtHG0UKzAdBVKFJVBdrCWyJR4NCmzGTGDd3XiJmLQvgv74qWDr8z4UwrqQKPzdXFR7EaidDkWvQJ0SiJ5QS', 'YPqmKdyFsA5U6wWGU1kirFU6uVj74EY7mQIsl2vh1r6iBYT1RVF62HCHblR1m043gUBLgstbzUTzTiMvPlxfX7T0vLFp8ZPAwDz8d1BEbCisaqzO0qk3KqtNDWWJ200axK3OtJjj2kp3K3kV'),
(111, 'Pauline', 'LK5x8lLPQRubHFoeCJ5ms8DlNMHwLjENk43WVQse5JlrI5Monjt0Qsz1oWxudupE0Yg5uKQEaDMiI0vVDB6B3BFB5vHbBlZmHtXcFt3loZBxctqrAEluAhgD4xbDjLISxBUjaV5LGA87ssPhBr7PAfKHOkBi0scjKDVkPO1Km3MB2Hx8tqtte0AtgfrGQzvNee8wVR784OPaM1', 'uUQ4RaHvDrc4OmJje2sXuN8EwTIy0etIKFeqHkDY8rq1G0Ca4o17aC7Yyjq6dwnVdgswPV8nIwDikz2FLqYJ2MGhfhfEy32Jfn23yiWmEDNIk8jX7qfp6gKXagSD0WRCJSVZoMiMDzcCtSe6TwJMwxpyY1Con278BGd0HOE6XmyyTTfdxjkQBYndOSbnuiyC8DwXH8c7kerT8AK2NhqXrkjtnCkI2AQ768Msi2erQpQKEck'),
(112, 'Co', 'BT4Rs7O1WRcdlE3JRMrqisxaIYpvNGvnpwsM2yISSuc61PcWd3TxDN1jNX4FHbdEVYw3uDV7wnXFRtILATNinbKgQXMXi5PaUUoRS5uozVRf1ralnCAQIHBxGfWJ6HopOknxxBp72MasbD', 'fJRUxf4iDPe57IM7cbA3zsbAdefiI5KGC1rP1HZU3ifjP0OH6V74fgftgMXbNwipIKI1pgu0Cr2rtn2hn6U84Ogok'),
(113, 'Erin', 'JrKSxbgDXjln4I6bFEkLamxwXkbClx3vEBFCivMGVvcnEchyrcf2cqX0pa7PeoTV0oro52jSZI5ksepSeBEtpncykRFKVabiKDZtSOIyUqKAKjZ', 'en00QiPnQoMK4LB1Iny1Rltcx1bkJW4ydjBXE5fioetWCNNZFrrLjkUlYxLHFKn1bwzu75nfua3fDkzY6LsJd36RFSDYieZaiB8dpmPlgQwHLHqaurPL52KrE3e3IuzgJj6aG5TSGMo3jzQVRg6GSdTM7E7vvbcYeA6rIvleJv'),
(114, 'Bess', 'vz7Fi3OjVrzxxTIV5y0UNElBnVbi1wZ0pUNrVlkaR5YA4l5EShLwmy2hfDUe4NyGGSeA8uY1aFCbxomyDSDV3aauQR', 'PCBsb34Q20IjVCautzlzKgLyMw5f66kGdOqorMGKZjbpfKBBH2ueVDMEkkaDlpsBqDYatbLbuB0lbVoO2h0uf4t5vNiSIMFzKYbOfvMBrXZRzl5x8X3tsgdTYPO67jvAK6ZHKFQiNyc8eqcE4wDAvPM8htVwLszbw3J6i7ZcZTWZbtHPk0vmX7ctjFFZ2LLLjUc3ntXzcvnfiaOFkh'),
(115, 'Matt', 'VcMgnhmDbIuqCp1o4SfFhV8W2b37BnRdjDdCPA7CyLf5EcmxQgH0jPSyfkNscLHenFu15yG1JXyO41pgt', 'mhzdixI2Xgr0I0Zg6RKBco0HwhvJkGnqE5Q128dDbbLPUVko5mjPWmt2AJF7wIksF40YNnvQFkC3ywnyqla20uZkD4jyO0yEO74KcYpHXMkyK0MZ2Pr6qsagfkvAaHTkILiVb1Ia'),
(116, 'Eleanor', '6I2SCKeOZJBgUYLELltpS7LStZcOmdJco1iZKALcsKZn3vXEXoOR3N75IzhjORkNN57XS272ExZvhYhFIx47j', '4VE3IgSsfqFX5gCuI6BAxEWuzDXg'),
(117, 'Liza', '6wwi0F', 'zp6tR1OS14G7oPsTUdZmWCEWtSLnG5vC4A2SoQBObp6A0zOZrdYdmI'),
(118, 'Nienke', 'GzcreqPhwkU5f1ovA7zEnDMir43GaKfgbT4FGOIafWMvkvvFQgeWBc1poN3qJI5L76', 'HXdsSDskYhCP8Mhviens3Rd4Ll5vop6rbQJiiqYZhzOwt3GY1VNq80hMISQyMVtTXP3LBFxSKw0oUXUD0F1lWSr8YAf3hBxJA33ehmmFljnPwSlB6q2K5HSp3Io0VfuYmq'),
(119, 'Coby', 'PCWoGgPghZBuMycPIUVIjyFo3ysKYheQmVqCZREp3IkI66465hc2noMarPZr705o4rYZZMJAJExuYRcShY6lmqRIJ5xdD1aXXCvGiYDevq8GWvP8sIivDk7ocR4BtaQ0uLXOSwdaFVDoYpFj2ozaG2z5RA0THEDJFgMwdde0lYtzffXluKManudaDX0VOhCgAhF7ogxau', 'WqVLhGwf4x7T5kxYtdD3woJkr17Dwn1Nb3lLSDbdGyV8R4oR8sUSHBam3ARdAebsBZTrWaWVrjUNm2SnUpKbakVl0RLufCR8tu8nU66H8doP7jxwqRvrubBsYlwNKTql5StgXbfahFVowj2ftRWzaOe2xx6dTlBkUBM4aYwuYNqZyc45MnGFhqCBJgnxGRZpvsaD6aH4zmR6xsesXRUvxDM5MsWZ6OLfvsGxmBwF'),
(120, 'Charles', 'gFIA2tJ3kFPqOB4CTsLfF1MfLMeDvMjXUepFiC3V6EjmBI7edV7nnPRFRBQISLqi3GgAQUegxSN2424UEeva62vX2KzpuqmuobU4THyh6ZBuViAaRKa1hn8NS0AZXeIGznvkeFUM', 'x4RMtJbJ1zqgNftuvkx6KkaChXOX2o5wGwi6gBeBw'),
(121, 'Kimberly', '45lGPsODDYmEyCcVm8iWn0yNPSQRB2ALjS1KwoZefTF1iamlZAyf10hiGV5W6PCxlZqlsBhJHxIiq41YUQw', '1ECgF7SaLYQ'),
(122, 'Mary', 'viWPFHbEdPmp2kpI', 'lHYjtrY3Sc3EJZPOwpR4CGP4ymsf0uSeHMLJKgX47uOEzB3Y5x5ZbLT1xgemmmYFzaaecyn4'),
(123, 'Scottie', '67LDoEE2X', 'IYj8WQ4'),
(124, 'James', 'QupXllvNF6QTaKH8cxKSFYUbHbBEwjwoAgF6VzAoDWYd8SHClDHLnOMfY4WkRBtaFZcgpsRvTWCnEBvQtiMS3qvWyWPZKYf8EIUl1HSVbeTP7FQ5v7XQ0JcHoq', 'IiGDSpYTkvkvCuXWpbX63szrL3l0Auf7hYZXXwILGejq1gXwn7rkAGzEEGdCtisYcaOnZAAHcsGOXwFaRIJp2paC6HPMurItfMaFUOP6Duk4hnUWTjuPcgtM5R'),
(125, 'Kay', 'BWmhoK08L0RforJNket6vM84oHgDIYkWRPEagnfpAAhs8dgB7kWb7cz1tQ1ajfXOUv0AOwukqy1KAJqgOdzeebzQDKjIq5rqYYkNroSVT1vFNF0znO2Ld6E72MG5repDov6XUKiWgHX83yQteN137OUaAWx', 'uZNog8A0LfkzeQrCErivipTPXiI8olO7dxAeCpmpgPqMvkxpYEy1QWTx2qVVIbHcM7CJ2calIiWZlIFzEhhi5hixYtMgE18jMVnjMZpRrHtuPCyIukzQK0plXPRkfs0lE1zCwguReTOxOKZdFvX87j2OOzMhL2Suclye7'),
(126, 'Kay', 'GGz3ojzLLFjXVtooeBQhBANDnTwuZbRJ58zzPbLaGyKcGU1dsgSx3e6zqxwRcyUE17uzrpkdPzbhh8O3tY48M4TrBH', 'yswdTYEXHjOPwpu3wef8Fla6xhX1hXLvSmz4aIaBmhpxCpP'),
(127, 'Pieter', 'cpHhuSJBtJHb4ebQ8sVxgKhMnpIFnjVql0NiksSuAYZ0bSqXKrPnbDYTbQv1Bysu0IloatSoWGtpbB4IfQNjmlTgfRaFvbECMIXLZbtoIa1ZanNT77KcleIplQYfiMrmMvRNTiBPaVSpuYxujRsASwWSjts0hIjyxST0Ioyf2M10DKqSs5NETlEfpNpB58QKAtTBPfFrHxYng3beKn72F1k1kZDvUeB3KD5oMwHvZ2O', 'UQ6pPiFnbAtZxU7Nc8PuFv40aiVJHVhda8oYnWI7OsQhkIXY3E4RoWkW74tNb5wP4JzmS3piFzQyRXNXJI56Vg'),
(128, 'Nick', 'jCy1u2YrPwM5EpI1HRAsIVi3cDJjwp62P2VomMOhr1q4e6PVgi2BE30xOPg1t0QxymGgsFhXxYr8hjB5UILnIwWbySTwwtSMYzAeFZBhRAsYMpW1z67LQGRRVzWKVKMYpY4JcjHcSdOSvNWK5Q8BteCePK4LyVs53VEOp7IL6CjsfFEex6U5X6xEEsVAEYvgfNRckhjyBib5FuMq7nMFi3bdYYBScp0riaG7ja2uUY3jHMDg6', 'SXy7zK31LM4dVYhkdD6vJYOUBmdSP14q7c64XR2MhpggelVUJCIspwWsql5vaDovUCzoO7Zcqua8pPYofpOP5nV3bJnpIGvezDyFKJ2ZAymvmrXgzZMp4njEZy7pPGec0VOiWsVC'),
(129, 'Pawel', 'YvC5R04BIosVFw1LMKM2yUtQk1f78OWnNo36a3Y1sQwbZsTFezAeyHn4f', 'GAoSHlYqsc4a5ZAI47T2zFbPNbpCH6OGPD4MGxAnJ0nvOE5DIb3Y6lPjdHqLfE3UrFoOXJ42dVNrpcHYNWeXw3ikid2lBGpzljDQlvafd3eK58FDNeeBwPxGFCHsGqIOVycIOeNf1UQLGh8t0wppRpnPPHN3QgAnpLzbZfd4yE7zQhpUmjHK0klbmXz6hvgDhMFCrpRERrgG0v6mgK8VYx0TxcCF'),
(130, 'Susan', 'FJpuRqP2SiloxCqgUKsgOuMEJPgzcdMDbGyayJQsQzPu8AbBltnV6LpAzxKeBXiuzjOZB2FAPSqNR56gyVsxXiHnqFynExEoD0dYeqdWTZ8KHYu76CtBJsGv2OcVfNzeMm3fjMrMTUDGw3ZLnSXfYphG5hfaPwEQNSLAtDyA', '6ZyISpToYsUuHPz58u6PShaXK6ny5ocraM70woYlzRVbBKeTjoy1snvpDtnwCwEcQoXub3kkU7qc7JvtFurHsuQN5LvKTTuaoOQt1pPMjdfi7TO30INV7rw7NMiq2ha60LEyI8Eyl2TMreJiCH3AVcerpTE0y7x8j72tcwfbr72XBgIFmWzwV'),
(131, 'Milan', '3b7gzGjrxdzdTykQTADUdd3Kf3EADqFWJGCkTUHU5DTEWYh4EPpROG0UQPtXTxoq1ZPEAwZZUG6gOg3BKbo2c4NuJMzmxA5cjwzH025mHONOtZSE55z2yaYlhh4AbRQZ8OyCFdJtBL5eVWhYs3DDQ6PCaOx4TAQKYeaKvRb8pG0XyDu00Yjj', 'gS3cALTimgqFCunISzsZt'),
(132, 'Saskia', '4E5GDGPqMxd2Tv35fzOKRXPXC1NRTXC7Mw6vU2iwP7NGa8EnnISiEOUCH6umiHng6hMG6bHIhk73CXDUVjqBnRynw3vcp5', 'l7qJTO'),
(133, 'Fons', 'B1XryRybToU1FcvUDAsXb6XK1oeyony1eIxQWcUb8ZjLLVCQEzD', 'vXUhix6teCMtYEhW8hV7fUkPQQ0T5pRh5PXyV6lt8b7bY2fvR0Jg24x2nnQFtpvmTjintrEt8f2PxpzmQJg6hq8OIu6e4Wl'),
(134, 'Saskia', 'TneLaXmxSPGjG7VoiUArvZ6ejYqIfJv6BIDwTb6SgKBF5tDHl', 'xIgw1z8MyeVx4TUFnJXn8AeSmVIMw0hIrUbtAtFzwRTQzjN3vtkBgmbdtyi4qkBfckstMl75XqVUlRJJd57W3n1tA3mxPzSURDItXgwnELsDAo7YlDlyGsTW7SfRHtslE28eqvs6RVjt27zqZ6zvPDUdnSQsgmBT84DBFEaOcbZDBIs6clGNf3DMzxqFtrGfWroufOeV0Dcm5i3kATU2SQ'),
(135, 'Tom', 'zd8QwcJK5dLIJ6i06X38BZAtH6K2d1o7dHYI0UKvhLhGYfoDB7xh4ghYUOAq2sWJwfXzhUcK4IiMPauAVRDYJdG6LZuctAPL7lqI3ttmpyzbg3b3EIMYI6Q2AnC3IINC', 'mSvWDajMjbEhBGxDnizBFw5pqJPANCfauwlmWLgSORs3R4kglHnVoK0iTIu5ncq20LlvILbC4zR3NY0ROMHZyAA3bApCPVVGfxHCK37vMdfn8iLZR6v12DpFDH'),
(136, 'Jace', '1J0LCTpyR2cuz8o7mKgScYacLOXoZs61i7uYy7BGayen1o3LCSv2UwujOqL5XoRXvMtHZPa0MXJmUHwpeTXOcyDKyxUkfytv708tcdy6v8y7Ng3gmzHNsQOJXMVuas0aU6GKU00fzHaSM71bbbqynBid0Phwsa0r2zO24OoMtAqOpGoRLzl5nr3o', 'EVnxx4cfTNeaT87VkBCMGX0QiXdPu6brdRjhI223bdN5NMLvo52U1XkVrd1b7SVEnEbwlm4Sauy42IoEn2kxN7qcLtahK'),
(137, 'Sophie', '2nrdlArpjnU5BwxhUuk73IsJ4iYYDYvpmQZ0', 'yjXt3dAxJBqZo4LbZeYSRjUqAsI0IygE5mcT4nOdm8xufJwWStrLmKwMju'),
(138, 'Martina', 'SM2s5Z8h5iTsBjuz0H8l8Lc311eH6R6Jc2tuQvfcV5lwIWo2WtUShc2wyWVqyeiPhgZmclqeHuwTnJfyadsDviGdGKKvh26bJeSMdEC0yT6nsPy5eIgt1pt1YFWlrP3X0DqFyGmPMFAIMyng3ZGd4E5J1NNnfqnoXnwPDPhjuKDCcUBIEUoCd5SSzT2gYECLh7W2iByhvT52VJ3adNet8', 'MNXU2bBDbE7eXnxNauQQFCxHggWHE2pxMBmQjTeSEuWRpnJ7sJESwkawkPbhsIiRzzNvHagMhu8kRKaUki3CP'),
(139, 'Jean', 'FYM80J12hcz3i6tRd4LXSbGzDtVOkeCi0zbtqddy7IuMpdM66SqZZiijzAcPijOtxrvlhPn114sdYFp4KbLLyJQLTvKn6QDeaeLivWMqt8bN4ZLJUkQvfNT8qceVtB3D0Yo0gumCAFX4ZahKNzWo03K4I6B1n4bPgLrD1', 'YiczDw8BWmnnMlNr77LeKuTTqSANJnETyUuNA6kKrmRWTwotZow6ZfAEBDO4e5kcOeORU54aNxFkqf2E4rBWoxY5CIsiM2Nh1zkwIEBGU21ZZJvEw2bXm1Ch6v3mAJF8YIXHecT063II'),
(140, 'Suzanne', '888n1Ix', 'T6vsUBAARuWOxtHVfF2gWmkHkFl3c75UWCtajg2KdBdKgxvjVisMKwJ26VqcXSIorDaPLPk6BeX6DqlAKODC36TCMQAs4YKocJLK3GcuRQHNYo65uTui5B5g2liYOokArl07slQKRl8QMawXKPW'),
(141, 'Callum', 'y7wgMo8lEb2EqH1xgDfhKhEneT27LO6zhcKidKVD1cCA', 'z5YaM0bvOs3iFQ3rzeEXOK5dQC7gNjr26BkZHJOXTQ4g70f0FVo63hgnnlPMLZtsLfSOOSG8aS6Gj7fGWJfdnnGrfzGQd4PBM5VdFcG5dXvpO22pJc8C0wryebjhJNyzRMAa1EKpXQQ1'),
(142, 'Elizabeth', 'Njzmi2N0vsY', 'c62NVR02i36zy1EVkRLfkilSHCGQHHCJXGXSYhgu01cistTO7twYpeDXiOWohGI2h4UsJMBPZnl4AmOtWaac6UzXkxtaQ08tQCH2WA2YeMCP8h0sYBOY1cbAmpoUCCNGMJqQUuKpQEOCdHyn3mMtLmMloeru4'),
(143, 'Nicholas', 'G2DTCkpAMqTsrhWRZd33W50X8W48PGtuG15WjXZMqdi5XfwBM5F4bDws3CL1E64UB7WWODeC', '2E2rvSx2EQv5YWgl4zvt0vv1kRkFaQZBzF0'),
(144, 'Mart', 'tNJyI3U718OrT7SSn2pCCrNxIyGyJQkq', 'AA6KU1wjIuXt2rPJ2OzTiXKpsWhS6KKHWUotEezXrEwKuhjGJOGzynUkm5fxALryJwPkfnpKFhaonNlvofWcMtFustVXsFq5fpimOGEHRu86jkESPpfiIvOr4XaCQSGDxAY8Y2NQZBSXq3K42PnFShEZry5pKAjh5Sc8nmE3DsItG1tEQlznLwy7wotHgmfSQwa1Z7glxoZntiXaiGpkBj2Cko5t6JedKgcYmPD7yGTaVWpSvSeHu65ccvl7O2b'),
(145, 'Hannah', 'fdjROCRiBUCdRJpuH5nyz5oJplePktGNI24xSTSHZ4PnGeXX7L', 'R8hCM5RBf8rrevULOXacrHa1jk6azpdcz0MtlhVMT6nZNbenyx11Y4p3WWxVgRwRMsvtDGUAf5vXG3lyr8zObNu3vygCUBKXDOyqvMmY3PlBIVtb2KNw51Kqs604HULjR24xiII81hKcqY6bkMnwIAwx0GUXKGmIWnmGWAmcdhjReyYPdwGOI'),
(146, 'Philippa', '6ySKIsZ7O1FC17133LDXegip6Mg0MkP13ctqdo5UVbIN8zbz1tzuADBa3JV3jpkEi2ydcp7uiNzrkuskTPrncB4VcUlvQIA0OJAavloO2xROs8b01mmNk0Ct', 'cXna1mwyOl5jsxK4z5ubFfYaRXXqnxebWQMWOZnIwCJN5wfRQ1uLX8tnQvJ2IrYwv5aYrHLKvnXEsfGjD0OjweXPLgj86elp4gRCBbdzGnOvtORQyJslpMdJUkhrX5e4sAYMktbtXNLvhgeSkDkk'),
(147, 'Gert', 'bFMdOIG8h4YSJI8tfShU7e4qO14oB16MZzbUhDB8ngYgw3nCrUTfsFChdZeyb7oceUFDUp5cBlrKaatGFbDQbpq16sMFgFsaEt3JLKhwHilDEZTkyHIYLfvbZD2lgs4oPFaXzOROiyD2Mkjh313GYhy2b8734yosv6jF5H2yotZC3S4kwvo2sk3wUOoAWqGlpDLrxZhlScPN1CraKUWwxoieBpK1D1cOKj2TmoBT', 'Lz5FwjXJJCZFhUCGwjO2CwopmMkg5nY5nWvKVp8qu0Uw0nAEMHCx8OfqOWP56lVwrJFhZv3p8aZQBPTEXr8'),
(148, 'Sid', '1ospxb2GvvwB', 'GeLUP8U8TrKneNnVwlDMj'),
(149, 'Agnieszka', '1TUg5Bkg0DYBzdZ1zBp0KxOVY7sGnypgfAES0lwbOyXgnwyt6Eph1uSWaz8hEoKnzoWcUPvL74RERvwaWiSPVFVc4NwL8eacNmcVB8xsdlrsgFqaifhjNBB3fDaP6EnkdOf3iQMsUCRhmxB8rt3m4ej', 'CoeUzgFbHIdQbbGIPabZZeHIyVPNTbF0OoNUyaOCfpSCr3RPdJe58csHMxbwYmxvMKbJjfsYPq3eeF1wUMbl3ezdKTAfnzAKuksx2b5DjYHr0Nzu6W7Uk1WMNMDxp0APoDnqqCHoO8DxEfpQoJwT4ZczuMqqjvvy7BXWGUP4UTFivfFaqrclFSslgXWUZX2N4fKA53h367ZzPV4MLvWfjTTnDGC6iU6MOSkP4gJ3mstODQqTCXWXGYd'),
(150, 'Duncan', 'R6wnZzFLeaXL3lZjK4dPkNO0ZuSH1Gp27uparPoY3LHWmNoS7Kj7qsq7yNJsNPBEKRTTHhXl54yhlWBzseT21Vav6GyuKtOXtE26mKxLpc5jfKnwQAc5Zf2OVluz7FCwzA1FGjsG7', 'mJ0PTpAh5fq7ExntjXiaNzTIJdvyrzrGMHevJMmqovJnAZ14jvK56QYozZygayW6BWSNTeW7TTvVYy'),
(151, 'Sylvia', 'eimDQ4rxn33GsJUvtsIrcErQkksjN6S8K67lQpJfj2Oggt7LDpMOHOWNQ222DdZxP2dmufCwwckJ0RBRSADh1PHHDwCST4Yrs48VI7YonE6FuncLmXtQgTSKf1Z', 'nYHzhtlJBe6t28qSQPzgF4QXru3ZkohWBPz4LcdZ2N4TDimeVtGcebr'),
(152, 'Jack', '2iCAyv3Dt1cKMN6XRidUACsOoZiDQvI4sA4DWJydptGPAcKz6rooJjkOcfsOQ0zlrTWITWbvg7A0JyMQ5yvXaDbuUt1jJy1CkMLhqnrvrqIkgbU51ciczaE4XSizPL0bTWxzk3l5O1YNx', 'cO81CS6VndbRTUETkor84eo4phqFpSiUhtkRB5b76ArGh2KdO7r6cb25P42JXqZRDiTV1nWXZfDmgSXLTVnHIybtme7ZkOcgdxaxCNTBxShm7uqekWXjFT87nilNkriIozPbmHnkoVvAP72dUCYK1XO3oppz8mhg6PCy0sIwEfDf0e0lsY2'),
(153, 'Petra', 'FUHoAu3gM6dASAQlgBvUVq5hzvOFvNgnGXLNz7SOJQEx1AsiQFjQ3JFBe3gFewn3eHwRH1BtU5t3Xo7Vi5gavsFhS7Jxi7A4HhulEaaOpLpnAch5jpnSQdY5Hybjd45ms2px4EJEYr6lJyzzDjnU0VsMrZVbB', 'bW3SMPXGLBNgCExqg0SLUABs3ACUY7nGJkM0Y1o54zWU7sHU8AxIAx46hRy6fXWXEjKGq7GHlx7kwi3NlZDgefk2onQFF0zYo46TCTnSpMsNWkpMCAqVNOQtC4WpDXc852KW180HpEuR1pWkMGLCUAvMCg7ytxNe87Vw31wthW3F8IMSZYLgzQYV8ary50wjayZkeWlzVLqGIGluO5SZ3tVBFd6ClwiegzNM'),
(154, 'Annie', 'PpvN86noLLaNXbAmIqlWoBlMkTZ26XlvaA75H5R6ejxsdXjhPVNGh0oVAIuoVFHC0412yqVYejSfH8bhpNQhpAuJo0UOHFJe3JKpmDmSYevgGJ788rFh4ZPC30tVJbQ26LQMygYbfSNHkeH3fHzxB7qH1XDDOwIqstkHKzzQM0epmHHvToGNkt3b6U26Zgj3su2yivoHwv2bSVLS1aaHeL3le2n0Qdnr7Qatc2bTcR', 'kotdX1CKT5XGf4x'),
(155, 'Mathias', 'EFcZy3nzAbYAnvtN7ZeMRfQYt26znpQkmXydWKaixntiF2zdCYKXiq0DL6SadcaDIkoORfvWaRKPPZ5K3FxzH5BcvZOZqLAa1RFCrih25di1Px7XR1OdRtQMJtCbW0vHwulXE', 'nHKoyzw0h7gTDqxLg4SVvNoe8emQnlRiKHJ2EPgjEeHjcdRTqqdXWfAnBzujCez2nmvyfXRlyM8UppAg3fXMjyxX7H3'),
(156, 'Ronald', 'IGneevzcz7QWbey7iMrnhB5ozCXRWlhLjDGTcIj6u25KCEjngNckRe4QhcBoyEI4OV48C6OfbvNMcY5IUAXJ3vZDPmwSfzKSFdZtm13bVT1GTfWo6Gdtd2zjvjxcOWyODz2A6X7VvkGBVhKWl70dD5P6uaWHqpPuIyWCChRMYXTX5ryxl7sdiwUnGxVKAEAil4Zu1jowtNWCCJYjIT2Th1ivk5AmRrtiHF', 'E1MJ4fnvwzqnjT251fnvLFuNP8vmavIdeth3pPz2mHYK3P3Am3ZjmX2hBIYA14nczbqUWunbZun3neVvIXf0QyxbOZlyRMbdo'),
(157, 'Jozef', 'vSdv8DeS7Rwdqw6va1mQRyzh0CEaQHfndYS6DRwCvRSlP3g5j37ySToAmow16QBw0oTN7PLdixZGbDwMfXvfOKfjCYJr6fA4aRQPEq84XUfl84vhiCAF5TK1RQEK3aJP8HzVzJVHziBZgN6Tyvwarm2VIqkzYV3Ka3T7Ybh2xXy4fXpog7QUe3fwP55NX1AdP', 'KACFSL3HPgzQ24Hs8QZdglSEpP3OMaoGeyD2h8SJHIa2NVAFgUNvHukWTmEll2Z58MzcLjUpHoHYs4pepQHkbOGlESf2x4zBEs3tKClrLV8w2HUaeHRJv'),
(158, 'Max', 'wm3gW15BNZbs6qRt44JImES33FBpoXISdSTBQI1aHRJLKPwW0dUrtyRYftjmqN188gwYASMbuXz02UVDOQmEHPkAu0RKT8RHukOdr', 'am2ebH1yBjxc3qhmsbJ1NlGVwv1LHqgrbk7p8rNS1A8OeaoGIiomSac70jsbcj3pfqkxsSNGmk8SkLwy7iLaithxtyY7rGpePD2d7CJ0FPl3PK2tfGVdAI30Qt2tJtbpDs3VxHiwnfIZzbtDleZ7f1FHn76fDHxAJXPTphDukE1zlzfmnPyxupGrae2CG4uuznoilsIpOywJMxxZ2FnIba5vStTwrYrehh80A6rmgbz1HULO'),
(159, 'Kimberly', 'lgrYxszciiIm5mQbOjBCpg6pGKwgeEJZOnoPTsPKJak1N3q6vxHFGooJU7TygFBU6TAE4avWZt4btVcy8mMlgZ116jf7Sq4cnklr3obQvHYKnq87oj6jc05eAaLeBwWAMqiwDpewgZS2MoKZIwA', 'zn0eFyrHX0qLxf1XeTQtP1sfCmRDefzyjmNj2xFSXlmd73zR6Uc8gPHj3GQNICPBdoLDLomXQCHW8Wai8VlHDj80hn7UewNP12sUtOZcHcw7DPynD6TIKgWypCFwPDEC4aY3WFQMBL2jjRJBiB0IrG0zlIhUxKMRBSLs6fCqnk1NxGPPSlqoNDEsKpZzTXjAV7UclyTNv8NdcrhLwIgjKy7OJFz'),
(160, 'Sydney', 'F7X8ac0K2XA6RV41qdepZPQq3ID6Lv5bSsbchzKwsdMCw7OAf0rOjCFSMBVEXEb5crGAnhmHQ4bKIMHjCDuKGgn6TCXIJmcP3JYv6', 'qD5WkqPw0JdNgMUuLtQwEMads4JsGebMqR5C1fcvKCcXleKdsPtEocWwhGOUP2zHEcIvChG41YYG3fytNHJOjvWk5OKJY7EB78Cy0lq676cZQuC6hyYaAYJADRCFWfXPAJTzg5T2Fg3pqk7BUdDDpCnZZxLfaxfr6cY0xr2QPOGqIow'),
(161, 'Hank', '3qJfmvXJi8jf2w7anY5VBPnWgmcK3WFSKUFcyt054xO2kTCM2ezOXA06Dnd5D0rsK6oxJS', '4440hKtDoWOiNCFuBshUQswgaU5zkOXiixz0ogcnLhQ8rwwAZQ7hpk2DdQeVYh2ZwRRapKySVy277eJwY76gNETnRdGPGKeziZCmGMpPqzrSAGhf'),
(162, 'PieterJan', 'qk7urQLhpfPs0y6S2pVaOfAM52pt6lAXkfMb1koIKDQkJErFq0WrEhlsRdaZHIRSvZElEfWSEhS3Eu6QAwjGaqxQRREU5Wx5fIFZQg4An3BzCMgLPeKqiPEgAwtA3H7Cd', '4bI8xdn56r1JRjjj663X8MWDxmvohaeRFJK04HgygrS5k6xw6ogwGyRIBVV4qk2X2e5'),
(163, 'Jolanda', '4AApYYqhK0AQy6UVcyEv1hxochPYPWeWcwoQqZIwOzs2uuffATIopE1TGrnokIST88BrmtmgAP7PvVFjm0vRnBhqDASa8J0emBfz57GOq1uYNxuV3gwtZlcPJAPXxTJ4NLvZoRPGw', 'FTziSaBY7BGIzpnuSBCJKU51Ci0xPf8IFtRZ0hbIf132EHbS7qGddZugvUz3b7zbtIX3hEYqpLSfkixq1Btqs6fZYkwaBSRa2wEQ3KFUFtduYQwURW8lciXay8MC73ti7cKcDQVPw2WCtFzN32fbpGBfbY6qiPKBsiWZ4OIIrQWyyXo5h1xJGU8Wi70CZmihzLE3qIuJ7sDT2BTzU4VMKsUxUXm'),
(164, 'Scott', 'diVoxchNngsW5ZawNTXLx2IMSfgjUXMcZOfxNOl7AgyDZ00f0lRXiJGhxQbWfnslNQHA3vCVirzy2b8nqoyUipg2ci5SqpoGzZKT8NTlUpK17rSZxcP12qbvsN3Vca06rSkDl1Q', 'MDqEV5nO7xxPCMne3DfW74u03fJYNhJrDiBNRWLmwOim2tZ5rhHY0hkjL0HSkIU'),
(165, 'Suzanne', 'MFcmjUrDAiru56VL58chhmkQ1cvspxUbS11dEWW5y0prYCrTIZVHbfg4GsoNzGPrBVKZnZZiLzxpHr0RRmo4EqDoXujdyajIbADgBllvzBpIaCtlXbyeSLaqLbrocGOw2xMtJFJ1LrudIthi540xheXRfJKdNiyiW788Q8J03dHVagDOapybpoIIqyWLrDg8Lvf3KihU2ZjBhHsNfp0wW5Ns1wnNmQwxwgtyUYIaCPhEM6PPbMK', 'O7pnLcGxu2hxafAwjj7qZ87CVXaeIeHMgmffUll2pUbKSNhWOiuxrHJRV5e3aEseOt8GxYl4mqPHcT8mQWKQrJDobE5QzLo17bAV'),
(166, 'Hugo', 'FIOoK76YasflVDpT8q3EcvAz3UsWvGOifLo0v1DtFcIlUgM63sUsE6fDlQlqMvEZ3oEgBpthJKQCxSKzERhrpq75AlJQXqvwYgKReyDwrcsHCtndKR4P8BfQTyuLyJJIVj28LRsh5FQPGwFDFIdEkp1osrPO6U6jYsVhjFfK8spKwMhwdBPIqnEwkJUfZJCOlVi3XWVwz2F4w4uslpvX1vt41XDF7xBsNOzZ8fULW1ULyJazVfJfjQbPRl5', 'QDNjDBJGEBFhQOXlMPRqEWPajWFAySNZyXDxkAmXbF34JGDbyeagiwC8LNJYoh8Ty5pzjKQgFPL6pyZWMUQcW16guE3JYrWaVbbIqXUQ0rq'),
(167, 'Lena', 'trUzUIiiLIUDVlRPuO2BcvJ4ycMx8kxDyBv6I0KXt0LfZmqiVq', '2tk1xBztyMHIZ0AlbyBF5a7LRXbnvKVjwNzOOVZ3MIM0gQvlmG4Msq1GZB6PrCjnv3VG0JKjwSe3ltcwyMXG8vlLwnnQxotOcAtnQ5psLqujAloZGp'),
(168, 'Adrian', 'CB1zwYAHBffyYfSWQJ00BgEva5DcIdnl4Dq5dGq8UKw6Ji7082nACxyIPrrmnOXZV36fJ1G0wOoVMDLtphs310OqB8qitMq7GTB8lLpLjqU0siS45gRbrNe2zxczAGuhC8RoPhJ3HUUyi6cScuvC4Nfsq7lRgGikcXJCCewPi0Z8hINXk0K8N6WVdeQKWRsyU6euMa', '05epXvl5cDjleMVOYL5AX2VYimR2EbkeJ3xegTFKBf0FiJEr8MzwrQlnftqTvVEo8hzw10qd3M5pINS5BjifSuHdSY61Wub1THCrVM0AVgPrZmv0WoUrufFn4JU5Eys4'),
(169, 'Sjanie', 'BmZyGirySvclm8fyeL1f5RaUKnvsITDXZHum3yFrF8te3ubdcZ1VltK3fXaOFnhrdB30i22KeAB4OOr7E', 'HVT0bFInuyseeLtrNDC8ID4LO3AkjnFUOxzAxU7UYxnnsHR8apW7LzsXYFKV54m7bJYipjUoMOq8MvNI2uHQ6dTM4Upp0nOuJx5cVO8uZCj57DB6PjwyoLkqjDJrKaoyS6blSr5y6S58RCvBRLtLOgZuiKAKueRm8EKqvxHSnRzvpOH7ELmf4rNCdkG6Rga3g6XFp4z8uEa7DhgKeHHRzWjIcYssgWrHWKmWUxJbhxMgREXOcjRI'),
(170, 'Duncan', 'ULSl8vA0jgcgOKbqEVaAopacjnfxEYnB3RygntLeaxzhyMrc8ezQmzeTwEr4lOdymCySkmFrWoxG4jdZQZzZU4k4Oj6zG4jIBQeQqiln7ttOqO5WKm2oMKtuGJD7g6PgGyRbQRTt65BkkxZXYx43jqn8m5WILrAolfp', '7x5WM0ExJkE2kFEtdKp7oUb40KisVy1eIphnxgDWhdvqhkFxOlo3QlypvTvlqMFGP61jm0TI54ufbeByC0rtoE0Iqe3lIQAhwxgNzN4ZCbLSQOnRNqWfmTAIOtL8CD8ezEPjPInbCAFf4h8za7BIDh10Vngp1rg6Eitz6Ve87FJ8onluXORZW31cU2aELi1A5DXtRDFlEKy3yugyoiK1B4EiOTJPwySlX3S'),
(171, 'Cian', 'WSjkemNSkCslDFU1puELjcpdykiQQmOYwqwI5HPkKteVSzLiZ512lyKR8MZwk5BQnY3cNh8W6W7FpS4hpLe2BfBNPnFriCMz6ERBa4CsQlwm7brjd01DeT17ng5S', 'mrOQNTtUMGmbf5dzlRmqnE7cqbW2KTlskzC0h3'),
(172, 'Herbert', 'PjL04aPe6efreo0agHThbNsAF32D61A5tgOChMHO0wWotbd7uusO3d3vJAeQ0ZfRGit0fBy1xoacT55b16kKuOSwRAHzRycttnsF5D8IJPHo4JeegEbn5P3H6ORDeJsDQODUJPwXrqOl', 'CEHhBBaYA8wqDQtlY7dgeMK4PcgRYG5vUducpGmrHYcxcZGXL61bstfpxHj3DuEBWjgnPVx5PKTPX4LYJb0azz5yasCpcgFykGeDp05HCh1jxL5lwInkZxIPaSf4pZOq6QIG1hy6QnUBqszTTLNC'),
(173, 'Sarah', 'PSiaDM5TFqSF3YJiRIW0wYoPditgOijPvkRFFbrJDdPxzAUnSnv4YIAWf06niaJay0QjE7zZPznAtKhCMPRxXqFGv7OOrargCX0N0Mqb3LNUYeFKxcXnt1rh6WWywXvbfYcDddNPcWVgyaYQte44cq8DF0WzX5D6iVaRQy6I5i', '1xrP52pxgraivnmUGrpBu5QxLrWqBrrsONrT6Wcyoj8UvTq4YNsVJqnUaaoyiWdYEh53rgn7qAqVCPuelqgQvRVpfQ1JUiudXvMnEUfTKkG3wA2RQG2IP'),
(174, 'Jan', 'lKilMlE8hF8lTkY31DthcCMorb2o3Tz8Cre35eaZCzefJzuD8Gv8q73kVS3cfriJypAu3OhNsqT4QooCWdy8j0Zn3A8joqsGWmCst5tmw5QuuufVPfCg51DaNMRelVVHXBpxgPlhyb82tzVzniUAlVo7sMBfkJrJFZ0DFt7CxAnLSHooA1w0ySdCViYLSK4BQgAeqlnr715Y8NbpS8TGRStgJha2X', 'ahiLJmREjVvYwYmsQnOmNOyzzSoXQmp8bnWh8TG7IziNtbr3tykHbwwI1BOgrmdyqZMl75DRPSwpDaq52UlBsvBb5nPk0bhwj5W4Fh388zeNzlcqkfMxVVWpiOtRXsODkVtFD1QKVJmgNDuPUZMzvWbWjotWLunY5'),
(175, 'Florian', 'IuyGujDYL4cg3J16zAxYaDANMBB6e8ljdMiQ5rH6LWyG6HTYQNzdmZtBzpcnv8heKsrig', 'eISzNkIdFIh4ffSRlGU8sBvcQdGr1E'),
(176, 'Herb', 'UkMO84s0TN2cJ0nrJjpPojZkzis6QLAOSnNhzva8vVqozNZqkG3lQV3MON66YPwTnleIwvA0KSL3IjNaZiRSKxy35uyJXaFMFS6HFPkEoiK0LByXnoDe6VfdvmhWKuVdLpr6oHNLc3aXyUkjdvusPyeh22H8BntTJ50V0hSlhdX6V6mOXHDZv8tmKmwLbPv', 'dd0FI0LZ0qKbNeKNxawWTzO1aOUDFAMkOnStl8imx7ZIigLYXirpIVUJXA5hJ00hLoGKGimR7EuIEmfTAwIVRyVHyRRHIdosljOgUFr6dPIwI4k48IlxDM2Y344Gr7ADYN4Ed5fKDycf7IfjXAa0CFpLokOWe3QTfrzgvz2v5Rl7dUScxkwUwrJDVFs4ohi86mvYueCEe4KGAIzzB1KO2OxnyBuT4GmJ1IJl2xbl2xbkmCEF23okzALqxhpdMjl'),
(177, 'Marcin', 'l6JOb5rHjGvVBQu7rsrAAhl8sGSgFrPrLB2nlRHFrntVJ10ehCvm1r2GRT4xNsTMi4uwsBqgH6yz5KxXA0Z1CrjuXe1hkUiM38JEtWGwMgKsUuznnbBWI6LslsVw8iGbCLta5ZiJ5SBuMY42dkjqmsm5pzPUllSTPMK4ZXHuuwNHCFABJP2BY8jI7vLPyHMNnts', 'cvWhi1CnDRubBgUTqzykfVl0SyISYsoMFpbgYijFdkUmJkou65TD7Y44GGfNn6kOnYjvTfRHJUlWGLJtbv3pywNhQBJ8LoQYnAJqqpaHVwaPhFzgj0DArkVdOsoznOEEzziZFmHHDVgAstpCITLNuNfwaKrFTexINxVhZw3DBo13mtWxuroMaFeMNOhRzbrxIuBccEcccFNPuXI0CiDB2jCJUd24cECZeMteaByAXoajOgNXbrC'),
(178, 'Alexis', 'ZPTCcWXkoGuNYcmGAX57LlccAVBD5q3lGyrEqLvej8pb1fL54A4bC4Vgq7ahGUwCrAt8n0BJCuqontv1xn405ysaSwn1MmuWI5pptzXPIQoWbp1q6UfKyaNkPGQo3A8RhUXhV1OdURWH0T4Om8qGm', 'P7tHDOwXJKXbjeSGshFNfuSwxTNkx6xj8Vx4JHiExJht5GNifH0io5hmrTNIahIGgTUvX62usJcZ5Bre4Poihmths2SRvFwCpt4wzBN1JFjolUuTskRDwFs27ZMzGZ7AsJZqkAiNbhFO6ni5Il2UlZEYCNK6HI3TQLjT6GBB6MK3ZnWipnvNlZUsiA5V5UPpFXXX8kDYjRsGvqXoMR7IGHCLGfZ0MDwIdPYiE'),
(179, 'Sergio', 'Rk8lMQu5nrHZBnRbMfA1LLgYqipMqMwAeo', 'VtQtaF1cZM4thrKkPIZaDdrJt48Ryvty5PCK26rqr4ezuHgOFyqLaixAUmoiQTYZUoKkBK5QVm3ev38QcGEFgt2QAa4qff7vMuWY1GPIrXo8lKvIYp8oaJlqS2vuNgpgJnqPv0AY6EH216MzQecMA7Vc8b1nxq1xmIcuZHzHHo3QMhtN6ba0msgDuOjXG1yv1GzpBMGAc'),
(180, 'Lucille', 'hLiM1WNqZZ6oknvZtE74LbbFkObdepaC3NMt6ZOjYejG3lM1iphATM86ExHp6kuu6aONkhbkS5vOxgiGH3OYYGjXiGmnU5sW1AhzX0Gj7Q2kIKnWEJTdhKHEabSmuvbouJK278xl5KC3V', '58pdUl4mpc5AFxkCX1eVIwhO4vcgkiTouEc65GEZkSfHs'),
(181, 'Alfons', 'WRZewfcSwUvRVqlkuxnDaMdRidxkggKKSZgbjqFXcMtrc0m7AoKY1sqkUFEBpiDiA1gcpqBo8iihfiuSayLYMZz2W108SUQWHg8oia3N6syK3cDQv1aeSuYe1CknwEEkska3zhuJXEmTgW40CfoRTKyaxNvuydJnQONCJNZhn4nakGIO87usPVJvMwSFZWXVVHbV7clLWazKbOGbSw8W', 'EoY68R6fo4HSzH8Dent4xgPoeichceTRSxiL4hT8AyWhh5c18X4QisGmknLIw5Ih8vWXOoiNWVKpxXVXylSw0tlc2A7ppKZdpWmikgpZGfjHRpswtesxQFxcJTZX7MdsY5Jm7YnwUfikJTvdYanElS8t5T2qCo74kzSBaMrdGgTntAoSV8JeRU'),
(182, 'Delphine', 'iSTD4MtBYgg238MywnBRXAfzu7gfS0YGiUNx0PWtyWz01S2V1WHqqtlpUJ1G16pdiPcMoxrGL3zclhVFBX4Eu8eK33sIre7VFJL2xUZz5DnP7cAh', 'bOcEJwv7RmPTgUmYY0jo5xUiMmhzdBTw7MdO2NgfWU6iAVc5hBZzZSPW16IjtvYp0sU5L4gw6fnWwaynV0uKUlE5dkhnwJKr7g2gLCwPlMaOkOWLGTpghywWWbPNtFC84B0pCBq14EwiilRyeQK2hSCFb3lguUFU56wEdbnXm2gbtsY5JUFLkEtr2hJ42iTP256eGB');
INSERT INTO `auth` (`auth_id`, `pwd`, `secret_answer`, `secret_question`) VALUES
(183, 'Cristian', 'RAOoFQuoy3V4Rsq8wYPXiDMclslNhv8MqXcVsXpVzMqKckmD7EhpzLbmlvGNQjnM7jnx6zZbu1dvMs45eAIo7UpFLzJptHGtILezuJjKVGkzgz5XJuVlnFbj7yt7mXXI7mo1G6b3mpo8fqSLI20NMyFVp6QIiOTeLcrJISqmAQL53AMzcIiQmxKo6bYdsoQdxfHyPAzqFN8BXzxN7bERicFWZe7ctR1TYQb4RvZNE01j', 'mIbEnz02TVjUCPROY4fiyiDMXwkGgnuMwG66lOrTDZE6Hep2pmTiqkgpuoam2Ua7lJxVYHoDecfkeiqSg6kGJMxCszOP5kmykbonpPL0RZqWlACZI5cqbhowfr2GZKNSegCvwXrGazKqphhG1YlO8Rvq1a2CBBTvYIIQGd4n'),
(184, 'Tommy', 'WaY0zu3AP2iwvBlGGK1HAPGxIEkbJlx4XXQj5hlMQGi3rvy0S02vbMvQKENcxTRrQjfliGHK7KqD4YhzEl87aoEnXA3DvedADNbBqgAniwUge7z3kJYSc1XAzo1g2M8jMsPDCxA3AJukrxdJRmenQV7iCUZCAJZrMCZHJHi5881MspxtZmkE5yNMbcklXx', 'dVS7NicDeLlJThCUGplf6Uz7nsz4nfzigpnPqE1EWqpuvSYivrcqr3nqdujBdno15JErugo8f2gxehIMcsWq51HTQ0dVzlaBvOCouwmRpkcvGK45rIpVBl3588jQ2RGiBs5K4EbaB3WN1tSeaUSu1iaNS1L8PiVW1cs4OzihUkFu0tEkGVG5vvqOZZ8nI4P3boQtqnr1nBagk5fhXbXEIpkTS'),
(185, 'Rick', 'xTh7wEqsKjAeozGn8xOT56DqrFGz8gvvaD5VBRJFOx1zy11MNZvNNqspl7oVlvH87FTCKylAIjlYLTza5LxS14yO6B5ZHItTYV5RDsgTVu8DqxGsswtpQwGjeWEGjr3wjN3W56gWG4ou0lQNo1ZGc0U4Lggnh6vNnqSr', 'MnsHVrJoi7pyytf3gLMmTVdHtmkBuBOmUutANuDGfQmq5bX1jY7KANHDq57tm2pOqticiJWs0N7AfAsmjP2b3e1tiOIRCX2tTv8uBbpW86lfjahs31N'),
(186, 'Luis', 'gd7YVMwT5KOTb7feLyunYy83pPlwJDoJzEgy5BbQIRuBNwg7QqNA6tKTsLzVHMMqg0JTpP74f2gmLJ3Vhrp0AdM3RifSXPppr7spmv10gA5GRffHqZFhOUDTNrTsgD2A1CWjYP3DmuGyZWzNAeCPMk6dAXeWKWuB3FfXtLPooBkUP2ARwdqWgVQnKzgDot8hmxpvPTyBQqptzHA', 'c8JszIveJL2aCg7QX81OkHcON2tyFAihLWg4AaXOH1kMdkJ0va6Pxg81EYkdOro2vy3IzWv5zYoGvd6tXC4EGgzKt1TzQiNtPV6HPjPD1zF2TDNPUpj8w4cI6V0P2TPuLBAZcJYDdMQrdNY8xqmHeGNb6e8n6U7lkBq3v3wEHYP8cKRN4WZMi7pLOh5R4sN7XNjoghDizHDXfMcKi5SPUTRDV6gVEiyT'),
(187, 'Dirk', 'EivsIsJIPJxm7hBnzLcwFDhO0UOOqgtyDcqzLH5h1bDhmrqyt1TTpVibddTW5IcvKrgQBaVCnZkM3ZZ', 'imJ7kHsDaI4lYNRCFg6boXIeU00k4qasPRUH7nXbtOVzUTnzzH3fZryBrphvuRRuO6b70OVDHPnxq8yvI3Dibp2XgkFWx18hpIRckkCfhuvVpLGKogUnYJ7RCdOAF0r0xG2QlfC6R7DNvshYBKNTkN6m0y2RxaiItTRqJYWW'),
(188, 'Maja', 'EplNyvjdIeOfe3ynBm0ULzlr672Mej0zTdZiYsojOZ2r8dI1Mv3JRP2wMmtbv0GZD8ZS3', 'ezATIwamZTB4xmruG5IYuMVYnQoaUCXPUQpzRzYAFI2xgEdubefSIWlEqTAtUsAqyIAcnJTDKUSR2FVuVc2sG5WN3b5'),
(189, 'Rolla', 'broazi3DbgxNhV2VXKiPJQ0WIcP6LbE33N1fpZmkobnkXPLSF6EbSTnOeKSWTUCpvLUPjkRogan4vWVjiS2CQAJmKVLs2hE', 'vAVIAQBFEQB6HhYMrMUzhrVrcROcvBewTnZQ2GhwiOqyIyqDz04T4r1kkdJFHLFZbiNQDxMprUfEtE6oC76XtPjSz7PaB2ybJ1'),
(190, 'Ronald', 'tOJSO3DJGpCtvP7YyQQdVbIYeUVqtMlWfcuKYBgN6kQc8iDiuj77ASNL3s00djOH1YTWk58v1zAtPae2tOFYtbUhdK7QCRCWSHQUZSKkPrIIyzHtGDziorJt8zYvT3xXKzDxkHyqIOdzRkn2xOwBsUfIAURUtwtUjL3qMOLvRzatLMEYkv4loj2USa', 'wjbaJpqkzNxiJctSXNMItYVx8Qvbz4E1uNFhr6o1BdOFVn4nTBdFSCRJqwQkGD2ThTUkQr26JnQO0pleDH6gsOMSpbJrCol6ouMFAD032QJrPv5FGRduXasV6R5rlu0QGm'),
(191, 'Louise', 'gOTzwXJayu57cktEkDPiFNPIcW', 'X3hzBqUe0mm'),
(192, 'Joanne', '7FHRFaM6DX7SpWUDTvJEsEExI8Scu3o2kP4sGdBUFiunu0xvZz6D62wAnpuVBkorTZLVCYnPiyOVNuyGOqle4ba4y7kj7y86OgRDTdy2BZXdvCTz1mIywMseufLrLn4y1m3JDmQSn75fE3NrtNBMzomr0vNU4BZ0l5ePylrzInpOOi3W7LO6idjELKBfinMUoKjIeeH61WxtBUa8M4SC75', 'aejZNIValp0lT0BuM4jaZrZAeQQrkIl8Wu0YopojfU0a7yVsKdBfLM2C04AxrVhy8orMo'),
(193, 'Philip', 'gj6vfoYf2JsX1kWG', 'S7qgvBXlNxak2hZVjIbpNuxgklAxMBfDxFE0y4VWmMzsFp0d80i8Teczb2ID5Sgz7UiFXHbQDXcXByAzw5rthJIxlzSFld30xPxcICIdHp4e0THO4h7tBDdUHNIrZF7LpkZejplNdqn1EPx6yL27PFSjDG3bhLH5wUjpv6KQfk76WsktNZuoPLt5Pq6864LoWHtm5UMfi2ICK3BrzopsWt3tmqXrunQUBO'),
(194, 'Rasmus', 'LnCEKJNKbwGJFf2oYrRdcLpOurI1bmPrulAIsYj3FYpjVJvlLkiqegZcTWbOc85OtfQ3iiub1rtJSV6lFOfdRUMu72ZYXQ5EkjnrRgz4OrLW1pjiY1oAiIDkxv7gOvtarBGADUFgbA8Of0drdWlyZs5fOO1NA3inlmvslDFZyEsKsT2LsHiFOlErX206SIuaSNHAHoPBSpsrsrXyGswkpLSCaQX2fkz0dwBGhOYUw2bQU8', 'QvCEpRdOaa88Q3Oxa4a7k7mh3UPGaEgevXE3Q5Wj0lyWqij8ilDcWionKRBQfroSM3RNnjoWxf4OAiZvrQ6ffWukOc2FilUGyYhLmS2A0ZmjZiCNHi7NXqHw5CML7yJ7'),
(195, 'Thomas', 'ni4Uj5IVsqSaFq8VSmjlpYyUbGQaxUJpZUm6BYxTUX3gwVzYyzedVbiT52VgGDfBxYTsqtwrRq4dycx6XCR7Br8XDQMBjC1anAB6jsaMCXUCQywTgpekxJETkVexkBApbbocqogbNYdDoKLylCgaYjueQ8cadVAl5Wj1UwEzXl6jKayb57JybEcMkIcYrrWN2ninaJ5QQJniuHtSvuyMqCQIBIsRkdrIk0HfpLPHvLLTCL8L', 'PfGlmW1DIAyXiS6nW87HYuuB8JAPtRfvX3pgmkZyD1g04HoH0dZ3du6KOFTNKTzctyxHUJagn2Hbwo2VLY64G6IJyTdx6cM56XPEzfcB7ioAtsPOZfWBA2miGCPzxDhcBqGvrgPj7ApswchuAKEPQ7pr4YbEHzF7oqCoB8xXP5sxrYAFwmSsvtPhemh4rFVEb6TEWYsamcPFFM3HZ03Ub1PpJHXkBhrDedZ7UG1wJPPfY0a1TGLUa6f5rox'),
(196, 'Phil', 'rTRSo1lWalAyqzIFm8irR17jGKENpkcszCjDfD6zUE1NUBDzJPEsiIF5dblgLNYBDsmSqiRroUTSJ71eaMfJbkksOJKqnyR02JOii2zloV0KISsSHk1bsyOBSlJnjriqc3IKkN0TOKw1Cn2y', 'yurIjine53atSZaAen8jfTNjMVvS5CVVeVAUAOgxUZSrUiAY6vY5CUg23S82KyzJAtNksmWNyjYuTWKxd35gPgR6VKe8eUTfMdSeP'),
(197, 'Edwyn', 'JNlsGrQkA3G0stMeCR5x2fgR0RJ0uHzp3elEKGakf0T51oYaYo4dovBDm3kR0BfGlfRH0GhwnUEMRwb1oq4Y2IzAqiMvVFgIU5LKkjK8G7BghvU6EI7DMHhltXTWmjHZw6F3ZDeq23qVUdq7izXQkIA4muPKcsN5oaIsUZpokJLhL5CfAqHzt3Z4ouOyxg1O6Sm5AYWKcxMzznVBsTMsGzPqHxfOyJq0Rm', 'ybZVz6EmZ2B6P8LrTylnoB7QoYfzCE3Ft8uEBlvLjrLio610s4fqOD2cNYN4uUUUMwadx06hGOpt12aQJvcSBIPzFi6Bzi2W1KmgkRVGKdRO4beLqaM2FzpNGmQ8LUJ4o0dflxy1fMWlf0ecDGZ8uemF3OEbcNNspMXgl3J5qWf7mSMDOCwRTyZKEBG1w5kp4Sg1Yets2tcp7KkSx8TmnffpQRqlkFgE7JGoc0ctZVVQytcq7v1kFYUz371'),
(198, 'Maggie', 'Y7Evs6TIMlxnNMxZWohwOBwxzqCqCtiB53aFV42uNzNXWgzHm2YPBXrMnDj1QZ6edDx3ChGh3EJJ7yNbbeAg2pdVXqZGAQDMxMbL7OGUPmfpM3dpOttrfjCuNnvU7uLDhmTgNl', 'KAT4wPONweJaHLkO5jJRHcyNIHxTel14NiJUjLx6CJL0g'),
(199, 'Alfons', 'ZKiWJkAiWOpL5k8YufOP4N74N8hyVvrp7oXNLPHzecr1yFencWKQhJrvFqg3zhHBm', '0GPCSawnSf3jdOXvHoNMCoI4wmTOi7AeQnmpTPC4Mjr'),
(200, 'Coby', '51y1fsjwtFAB8uTfkOg0oS5U0S4DX2PHcK8tMewVn6FFpAZmhCUXDXQ6HNaDURdcTKKvMzuiXUTbIoOKls5sjD3iuFdmUS4NwCppFsPopklJ7DHJKaZQefJWAgkk3XUXnkYsc5Ur8p8ynScUHIUsFKymwZYW4thxwwdIJpqot8g41nv6lDyncTWSSjH36E2cak5SeOiCASY', 'F68kIoUmoaoJ8MnROYLoqXJiQiqboVenr6eQjksMOUYbdEwMQRAFAFJoT6XTFhN0SBN0gLKJ1A7RFyHRbnBm1IEeUWUK'),
(201, 'Marta', 'An6SdDyU5g3O32oDhJv4dTKOZURpTKEH2T1oTvcktudNLO03bGTRpABfAH5BMfF0qRl2AkE8Rh2w2UmXTxqpU5VTkBybKuAZ7Ely2aZu17X5N5V5BUzXLvdNnGBtcghBSmtDhbnUd0hDq7zaf03CFjmuXgAd7F2YUo6uu2UGG0nj3', 'ViTVRWKFLJE2AbNvhhrjWMbdulLg6zeuxbySNGMtxc1lPvoInvlgaMUnwKaAhn2qYOhW3eYFlvDT6odm0paz2MYdtF70jxwygs8fV3JiAQACB2lkE1kDUgVM1jQjGo57NLuKLk0VtH50N8KYTZruiavp8ftnHyfz8SoYt2wYRXuJveCOS3HT1EZI2AJahAQ10gvtxaHZEJXSnNN71RymuF6w13bB5zaW353Ssf0YIe'),
(202, 'Sandra', 'IcscKIqjk6IaspR23ye6qwAhb3iWpLDFyVhb5u2zezIy5BAlq7GvWKw13XULPdOr3Ov0Vo', 'SivIIiZPjKdGX2gOgCqGyecniOk6A1PktnESMFzOzphKhnKc2hSS3AEaVgLmIslPQ4FvNkx6ctXErmkzgGd8ujcpbC4pJoinh1F38LrQI0SSRX7uYYp2a3h2TSuFoRMr3O52vUs4EOMM1HBaXQRqakNdt1FxwndASQHWPa3S60X1KCCJ0d7ECegpmzsJAE21QuJhV7N6dtBWTtXFYLy4fLtiuzIdpDORgkPEBsqKLpGlM7FCkt7AlCbJy4'),
(203, 'Wilma', 'igVCJ2PV7570vKddWhjOTWRaQUGZACrL5qo3b3HEfhKFl8T4eybjbsf2Oa1Qgf0CsyiZSTYaweFSe00hTtZ65XQWgNmp5sB', 'E8s7A7TsYuGUnMX8JpwvqCuiATpA3'),
(204, 'Harold', 'jTSZwcCJhzouRIu28GH0uke4HxtnHZJJMtjptJR1DKKZV7EotEnMRkngbLl3Scc3QeSZtzBYoRzMqExAygQYAl4aeD2315XMDcXCCJSNteltwsMP4gxvkIBR7TbtdtrpyqaRFs4Ggv4S5AHOWZq1s6cG8xfUADrHWoJw630G7wcepYdkPaZnHnw4WLZ0l', 'aEv1AIK0JtoiPmleEFf6gx5RQpd0dt2dTBTYYiL024ubOhlFtZzGA60Jz6DRKHoFXpPcECUU83ZyiYxux2N3kOpcPDS3jAuzkpjN2UQcJQEi6S0UaDJbsxgOgsPrVgoXuJxnAkIA0Aa3FnPvpG20UEvkQxmntQNNN0EGC7JmEflRKfRbR3Wf8tRxYEAqVEwKX2EgrmYLGBVQYNVGwYcc'),
(205, 'Pete', 'vk3LeYUi02Blt0bQbcHAu6xEeDjVDzC5USd4hoXPLgIZtzpXm06RfVxB', 'exkxpvdfPoOsHBTl2aijTouOJeuDkI8G7qLUtI7YjO2cY68RvUUTvRpToSCcc5AmNHtjl6ufDYMXAzSWEygO5LTFhTI1RzGCcQQGaPE2niw6W5nJx7XxcNKf7HokZmJSS5sVrCN2aJC8sKB4R7CGXizdrj7yV1S88I0BRc5xcFonTRZuHEdmElCxrUfnNpNzffdN6WTraO0jD4SYyYiYVRUubNJCHHdfzAdqpFsLLabfWFgFpV10ss5BkK5'),
(206, 'Jo', 'LePJ38YC0OZ2lMzvu1lHD5vokcEB0gJ4RyPrr4ISWgjn5ufbJkUXqr7gtr1MyT6BqIFnPPjUiHhVjKttGFF1UiGofjDucnBYhiEuHZ4TwbbEY3TAaAdCQhbOCdeoLznKt2w1pcZYFZoSiHHJjgyOSVovd8flRjnHdQUKWA6K1pLjFHxG1ubHAg3ncZw', '7eqjjVR7JMMge3szChDnNfE2OcZGEYtLLu53BQFlDJGbCzgQcTkvNq8jzeGsokVMnDQDfjeLS4KTsSQocsOSYn0gzWKimwx1BRf8BK6PHTl6K5tV3XsCxZhUG36GJFSc0hIpCO6TRFCkfRdOjQWeL0Agr7TyCwzPGss1sp1RcLQr6kFWMrud5qSZ2bmX055XmzWEwdXMdcG3IQqzagWA'),
(207, 'Chuck', 'jCdyNoRdH1YkoNo2qgFzNAq2FV5hzsnLCnSf0KGYYZQTIml3dA2Sl2XFHb6uwRGuG8QpGiLOgwNrUxazhhVEYKSI8bsEmOCuJjAQn8W7xfEZWagJlB1kM8XTg7XXMiEj2jHNgu6ziAkrpo7eXhlGXBVkMi2rsbcOOv2lvlVoDxvdwrHNzNNmJhJH8A7sMa6EkguwqE14Hb2u7hO64a2PiIBbSrIFK4GN05NxvAY', '0IdxnJKVCfOvT54tE7kDfSVqbVaMHXnoY'),
(208, 'Leah', 'fh3oavfOdcNpbqA6tlCYVhY4zfuGkCRxC68JcQVfKaAt0RrIPmP2ErtUKg0Z2Y8IKRSat8MIKTVAr3ziEYZ3JKMwgelOdvtxEzefYlFah17eQti4CyImFcWij2BcmXGCoQynl4ZcPMMoWYtzdp1a5Q4pnp0VK0TePxdpYFtwu8i6EIANsdaVDSPimi84dSdEltcBKO0KT3FwMg7t0', 'RBg0rDlaCa5LaUIaiA18GFAsld0Qh1r5nGKnz6jD6b6JFNhHFSWInDWEyCCZvpzguDYLKqK3jC'),
(209, 'Fabian', 'ZoeaF1xyhplbemCIr82Ln5RONlgnO5FMzxjLWk1XVzSOzpw61AJUPG66GtGTC2oNoW774S2723eKiES3glnhAVLaTu7D3eYsZH48YIFvXlWRZpSrxFcw6deX42nheoOhYzIQkFN13U3POReNhgAEKGIU4UcVzvwtJNqW0bSLgkGZee0W0M2ZUVmPXX', 'X8kOTzBpJnySc22fGG0701nJIFagheqUDb11ih8OvJw3RmkgirzjBB6aw0deoHhA21WYlshToykqiFuP04fOVeLd3Pgco6d3t5ZraHD3fU43IXIxF8ZDr'),
(210, 'Zoe', 'xmCRub', 'p0Ko3qFrhRcYMehhUBliWdGqxMj7rLjrtuvyQVcUWPCiNje6IWDfz8vSlKLl4rTrURPTh0ZyDkgqA56eC7QlHPChFAORqm88Ce6pFOqPmbwQKNc7'),
(211, 'Amber', 'OmlSaQl4eCrO5CGqy4lduJRx4fFdCOZQ1KkAGTlL6rXL0DZNPLltZ3LcgZCZi88ZgWsri', 'NNDZHAQioatSivWIozCqvARHYZI34npKsK20ghJiF2dGSkQX0B1IUbhWHuJTCtpJ0OyqBz3MLeDrw6XIaonTxotmEZAGWmjpEjtxAVSMW0eeqWsKYlKOJv1rOCd5wLmPKWfSZaP7YMu5PBj2Q8JemeB'),
(212, 'Christopher', 'YW88kljYmmahm3QkDIsswxIGSXBfPvCbTlEflcv2oy3e12XCuyhDwE7q', 'VkJMgnDnLp64BBqcil1mpCScWJuLYlRBgYcpbCasX40lDmpR8mExIKtSmsf6yEfKwyIjywN7bK'),
(213, 'Luka', 'PXBSD2vbdwynLm6UOjRsFsOWNUiySYJIalIOT6rXTPfbsfHsukGarOIcbtarUm2mGxu2Ab2oiUGQPQaGS8zkXIPiBLZDpSZro4xVQPiA6njGZrPPXSp0ZyOxn3jLPz0xv', 'js'),
(214, 'Colin', '1Lf6YcTyWPqhq3IDvwLzVY21hu5ceZMAaYvnY8HGLgIMBsfjJJFrqxdGkpfU5X8t6Euseja6ZeciKikGplgThLDsZgk6mkePwRmiYiMhdEaG5MMqjf1vRWlqC', 'q0etwbt5Pc'),
(215, 'Jules', 'P3g7Y03dEiQzdKxEvZ5frzYIPzJGyzttzlz3D7oZhb43i3t3wudnBgK1VBv5LNaq68vSAwzKNC3LCGPam22iWxA2k1RTI8hoWYGba5gtzBR8DqbVC8L32pxoftjI1j1cZO0W6m1WvSPvvlJIkzMd0ts3fI3Jk', 'xVN0w8h8zgp1e85glmf5KWBlOiRtQtSUTVHfDsdrNEc1FnPNHOC4jq82eEJ4Cs7t20lUTyDVL4pW7FVm3bgRVdbKzlrqCtXVJKKV1Vsh'),
(216, 'Pete', 'jrPsxHXQ2M7lZm', 'JjCoaAXKl6wbkkjrr4H16fSSYwb0OSOKmPlEbbnmCtveTeU3C13oc'),
(217, 'Tyler', 'EA5T4okT55ZshtzE1QowjbQOuVc3PdEp816HwdNvpWwF2rNqMMgkMVuKLmpmkVdmTXmYnBrfCNsWHASWGZWY6YOi8AICf0tD5NJFJqO0zFI7ZmFTby3pdc8VjevMgSbW12oB3BK5Ed4is', 'agDwLKUwmPei2ouJCNO5pBRaS8rRSW4qJwL2rCzsOi74qHEfouMsiId7akrsTwNT6PAjrrlT71Mjwu0KS0feE6jtwqIK3UAGw5B32jDY4sOFNFKdSt0uFyjlSyVoLd2TaRAXCjMCEafhVtxpNwUdtysnubslc2sW73Bq36MVmB88'),
(218, 'Henk', '5RdzHcfonyEEgHG73njf5wTx78b2hRxGDU63vXATFwbMSTiExHiVpvVW3ZHeRwgjbpOez1GIt0vCiGF2Gu4ldBrWZQWJlDqKyAXz0z6KgoGbLVHm63lZYcUI8cIoRqAGTSIH828TtmkSTddXdBoEppUtYZFT4SEvlcgcxHlT1o8fG4Kdg7PoBSxbONoHJUSHeRx4', '1EbvCcNSHaDB7tZ0lk4NXfE8SO8prGzW4r2GHGMM1iTP3kDh'),
(219, 'Andy', 'jzGNQubzz7DkZGRF0hfqUqGANeksnDB28TPFqItmfKsOCenMaqHf721ogDr8tgVjVsIsW3A5NYsrznLkBfz4tWrB2GGd5qnfWAUGB5DQ2cUHOgJAMUlEALQaPz7IDEhyVcEywIT8KoIUyFXQmqBqt66xFKzeiBoxCWghVCgdpGteXn', 'WKu5Q4Tj48BR8H0rcbkFGHXSdJPxMV2yceGZQvBLwoRH56thAJFYFu0tScRr3JphMC1hQEOvloTDH0PiY1HOhgTXPCNmnx1bAvnQFtU74HYWzJikPa6RzplUCo5qV3v5bcgaq4S7U7tZsryOl1E4WL77bdt4N'),
(220, 'Tinus', 'S5lXvkI2OxNAO30T8pnTRqFmzyccGEhphq3CM6kUPwFQnxbeVHdNKoQDOuTBgqej7b6Rckv3SNbCdDfqnn0OiKEVcaoce5V0e0jmGlVE3RAZbdjvW07gpm3dtTvX7ycm5hCOQBmMRfmzBKXJCFhZfGC', 'V1MXvT0ivvWklv4B7NUnVulhQxTvJD5DzIN4wEBXdebk1lVhCOfCyAC2FTON2zw6yxuKsSq'),
(221, 'Bo', 'pKZHJbd7hcu4Fni0VbsymOizUuRYCSzLIHpdn01vav578ZiXB83RQ0o25VYdytwdoAQ4raOQsjZcDJGafE0kStpn3K6N3dkKBM2grsZvSGMFMWspG8kA7dQokqBW3oopE1gRUUwrxJR1oOV', 'NNMYxwQuWnePqldSthI8mGoiJpXIx2atblItddHqkoQsvTXWOPlqn380SxLPTFJptBMh4d3gaoKGQMCp3OcZ3bPjRphb6xctA0YqPl53wBR26XCWt77bdrurfypClBV2JqVdwDVNksds1qqjtGNwfJMFjfutnkl2i2gLMpPY21lxWKkL3P4CL5hpPaHwcgCIFh1vWDIdzrqIskoaSZKFhd5nDpxNATVOr1r18HoCUETY0WGiddqSrVS'),
(222, 'Gert', '8WoZjOVpFI5cL22qENcYxGzCpwSsCo0behtXq4cZTUhfeT0C64HWlUJnMvIWuIfAg2sBIcTHTYmrKCKvmDThiznoAwfQY8FPpnYcr6X', 'ZE7rGKaV5HxZNLVuVbEEALmb0GTu8UN5QKRsFmJSaGueMumW5fqGXgSIrUtrpEPwN6ndfon4zugT0nqjOHO3hr6pwHSEJNp3jzpSVjokdnOX5hUZxcXBi32NPK5MtjNUsluGAcEVsNbLW3ow5pfBkGPDpuv6roiBuVSmKeDujOEOihdldWTrEkMgZgP2BbXGOy6G8aIl5H'),
(223, 'Amber', '6MkC64uEd5jZ5cB5LFFyjMv6sJ4tciLNx0pGaZYC22tM2SGHDo2w3iwHBKtOsZJ44uVs1boWKIhHxtj7ACMRcbu1jWyWKlEdXrcAaXcHLRW5PGo3rywWWRHWLkK5VmuasVfpgpEYBbw0Tdl1Xgo5sDBqgZQLMPrP1t7oxhCHDutiPnsTN', 'iwDEY6'),
(224, 'Sam', 'br1hjWNjnMVoTLKAx712LLF4oK2wLWFlRGRJiycmROrgN6nqla8ojJ7qYyaHvQZokVBiWeoamFAQ3n2Pp7oUS01wXgCgkPkyrgDSIiaNAm86B3sLXpybe4ZxGhe3', 'vQcBkfopQLxSg3QPru8LefNjMz7pgQhhqsldKYIWzRkjEr3fdleznE5R2GPbxEgXTbQF17Dunn2OThVJTlJUA'),
(225, 'Jan', 'jUoWJJKgOPGngAG8fPCeJLn11Vb6tW2MZIEYGW18jVT8Lfddc7gfyAQvFCL1xcMfQ6JveBJFWmgiGDVGTwLPxYnMVNkZnoQblysfC5qLGT7MfshKunI3j5Qlua04yfT2BRF4trLan0JbzV4IirlF3xZyjLy52TmuN8y8hbNjty', 'yO1Xh2d4MEsO67hQRendcKH0I4pbXuUuQhvjMhzJgc8lyNsazQ0'),
(226, 'Kim', 'j4Gv0DIJMl0enJPsEpsofgcqmVmQJxoYLvT2wtYAOkZJZNcrhJxP2RgDhyi2iCaEB1HsSCSzIi0lHh0uBgnabgIkNMe5XJZUFD348wfi8fp3c533Xz5a6u5KPDV5ztCW2wpEXpCJrCvKPn51dZ1UeSs72LVnhmKMOCXVLTBrMKie2H4cGAWCjbyPufl7FVOgdNcU0v6GWX', 'cYlWOisfyYqInT6nWbK6tCn35va2z0vJhbxGDrotcVuOZxU8C7htFJ8X4FjnjyV0UpzkIczf8bzagBxNqG8HaMxYwleliwearpvSfx1goLlY6yTRvbwuLIWpWp4I0I1n1QrUQ0a7ORKBch3xdB6kkPF6qdzo2YNyoLUTMo3GGUgvhvjSwj3KLdQIaFJo8KfDsYmOe38VW3PY1E8v'),
(227, 'Lizzy', 'URNtF1r4RKxMugE5MxRxFjD2EL0RkThf7ffcvdbFpuRDz6OMTwTwzjY6SIdcuHv53sWD5pPFfDnKRGgBIbceLlrVZIl6dRMiYa757DF4aJmJ4rcyHXo51d0gGQ5urh1FYPyVc3kLUZjuVF4Fiu4Geppmo5zO6aBtibepdPXTNcyE8NipA3PFKH0P458y2kiGri2m5ItMSibgaZgqch4', 'KOWg1x4vJQQmP3JQhtVDEVtBXQKgiNGQyqirBiRq3lTqEEkUrKo16iWP6ZiHdMcxpRG5UvbS1vfB7tREOcwNH7dNLzdXboRXYCU85gVLF8F23O4Ehh46hlmMCHVK5ummqtVT15d0iz6tAnsd06q2liIMSo4nLKnmZBs7gBIW3cRN0PKVvctRRUEwRMLmtUAnoBti4di2n2Gx'),
(228, 'Alejandro', 'MNtDOBQKnRnVRrBHqnBaEM0SDIZSiY66NzRcIi02ezaVDxz0A4Jb8h6OaL06S7etXCmbZ1QmvOxRK5Rba57s7HdHsJQg87abGi44YL0KMfflQjKiQ0tLzSUHPG3AzOZVWZcRMP0hhd2PGW2R7OLQPV4lABU8LQHC3Tj5nRsPBQfQbjRYkc3tqon', '2ghsOqmmKHIWQKPbuZVVKjnNXq1ZmV57ReNBgb4xWwxY1XBco5eE4FiOGZu0zrA7NgCzcnFXAZ8qkkHlkCrwmzDUpjbaNRnTLVb6FIPRRYdt1'),
(229, 'Emil', 'uk7C4X4nwkKCXLBmLnGHM8yf2vm1dRPYLzp1QDCW6qDOeW6K3EZR3b5A3nwdfAKis47BD04k0iyxZqybx2Mv27KfyPcFkzyFAr7XWmt8XbP34iIYQtCGvrXoU0230Qm7awHLSmHtznwnqi2jJVkTCti55wUqXcA5pIOQLi1SCH0aH8MZFdtZcAUGICGpiyLR3Xtna4Yf4A318zbu60Cwoxm5fKu3nviTMoI1sxi7oERnxnGUzKwXro60b', 'pwbTk3RPc4Mr6TnQx2nuesUyvyBq8rw7UIdQ5FbvXxq274fAJNg7ykWLl87trFL3QBkB7HgaqHmBB2Z2d0s'),
(230, 'Eleanor', 'wrZzo3DmzFlTnQ0I7ZrljA1MPFaq75PEGxGNqNtegTdNoLR6UZTXh4coGdsFbUA4mQcsNC6AtDY6oAdLcilYWSSQxjOaSlxcOTiLASqme2u2VNaAQ0LPTHafljBeb3UlbNFLtewSMVFyZRgTNqn', 'N7JGBfcsXvAPpLqQVIw4ZcCQ17NOAHxHId7DOJEq88UadDFqrUuMRs8zbrriCy5PD16J00bzGE8hMwQA3iIUlUFIKBSZRU8UXzLoWEpmAZlgnTAkscL2qorvIS4oVcKbvJT5DNCe0abJjHCoRrsR2vbY1f7jN8G1KeDBdMynNvMWCzqip1FSXsGp3GmkK8BZCoSiR70oul2RcfJdzz1j6t13axOIP4YGkGi6zlZcPknqcjFj0J1oloM1Q5cA'),
(231, 'Rachel', 'UjBy4irQhAm51QgQrdWpZDarlOLUxf7nqiAL6uIAM1qfEbnLYCTHLNQr07zRZc0UECKLjidOBHrm5Fzz8VardIE8rUNEWaEXML8ert3Lv1RiXjEv05W3Jkdjk', 'wU5ewuQn8EJOt8S1Uk8Wkp12eL1hrMNi'),
(232, 'Anna', 'cICA6', 'tDG3S4UEFazDlrdkQXIb6k2lhSEE7mREc7OuqAw5SbuQwTvG0pHh'),
(233, 'Jose', 'U3hzJX1XUYKVd2sJMwnNxH77kPxNxdg6KG5RiSC56PCsEHGRF2lXGnJuzYFOZjrdlKRXQQ7ze18tmAbV8a1CxMLUo1x6lpMxeGlo7CVbmPUggE2wz72CjWH80yKWRkuNOPy6ZWIDoCzjgBss6BE8e0ix8E0j7B0Km8C0xESJGOrP41NMoH28B4GEnlSUIOGP8MD', 'e8zjB4hn3AMo7eVFWH4xv0PiorPFDPypZWtuV1iM3ANBRCednbIwIzoCNOsFTr5RqmhtglHV0g0pUgCdVTaFq0myBqP6KDsCqLjyiiH7XIIe4hbYbGEWdIxWWwvEgruzPbIoMiJ6Bk86xrUcPXiJ5RUrh8GJ5PhZsSIxso8il2M4zbpgn0MXRFR806iJS2Q74VJBc1GJKIgIcvErIdxi'),
(234, 'Lauren', 'viqG2p2i', 'lOPRN0wUKDyNrCF26lkxjXUopFPGll1YzRCnGHhsrVtNsMkdRGXPN5eODM0P4zsb7Km6XpowmtC3lGBcRfUNEJcu3XbnQfOsY4LFIegozTpjchdDudF16hjrsXJkVj7uYQowSQrWog2GBU1O1TmTopYQTzywIUBY4skDI1rSeIcxVzL3DFzY4bCwGrINBw4'),
(235, 'Camilla', 'CweyhFre4Sq5kyXTCeZzjJnbLLRlFDBsWvNq1s7q3W8YwXm7KRwvPM1ogqjloK0UrPApQ8zOgvel87R23LfjQCOkDT6GdbHdiy6T8xNhXYTZOmVvQysfcqk8t62BnleXBOIewW7vTNpCqhR1qrNUh5Kf422VpS5y3081nTetAMc8Wt4gqxeAWwsBSTlaN1Dn0w7svAqcz36R56CIW0L1DA2nXG7iDoGgLzpfO0Jwu8z8bv6k6JM', '26LWu8jnK1BEgdfzelFKYVxCDlFfMdxzJbnkUCixtwakZv21s4s1hLbZvakEq1pB3ycwte2NS7efhF1nNGbNa3blsMPErWkpBgVD3TUviPeoni4QanuJhoVRASU7pNKde5K2lUEwlowsEyVFNq5nD4U36kvudoR2Fk0nZkFnKbi2bqgLXjlZOTrLOtAhFZAgelZDBOUXNUKuHPrYc5zxECcLIG8dFpuxe7FMf3o'),
(236, 'GertJan', 'gE6AGe0vL2A2b3f7aSw6yrz2fSi0Y5oWSl76vwK6lLVUDLiVdZuwUUEp4WmLz6Evfm7h7BoJjgqdOc4MV7d0PDu05LE86LmZthyP7hgTdGs23BKNQovaSQSvtB04CkuYFIBZtgsHS5rKuFicrxqlayEErCq6VddRMj6iaDhq70d2k6b6y4Nf8KhlOYpHXO7xrHDCvzBIL1w0lkkqvO1IrRAWlHcVi5jJiklb7fjBgkZiJCgBsoUITUdMNFYp', 'EYql'),
(237, 'Leo', 'jThiJNiQvKwaUzBYuHt0NLPvXlZJHxYanGb7RBd7nlaFg7qMZdkEiTWQXY5n5QY4nvUE0ntysoMC1BW1HVn50S5on5JC6dmBTZJx0BtzNIggz5ylKQDzUTYFiYaOVZi5AuMm6aleISwxl6ooklgKeTnwE3ttcDJZf88P8ODWLyv2Q0iZUCRlH7SopTAsEMU7UiaBstJP', 'WwchoCCaWDxos3F8xEb1NkKvmnpsJ1jJ0sJaLigPt7aEcVu8s2KpYMbpeLZqbcg5sSIE8EEVGMfpHAMhIGCBgnLqlgCeww6OwOrvVvuRnU7wkvrePqBgNbNDX8IyYSBFDV64bDa4Hnqxj4LZaZOKIRtmpymcGO4mqSOoIv5yyB7LH0K53imnuJsbQGBnguxgMBVME3tOmuSdTIGkyqlvHhgsZNkf6gMPTLiNC1'),
(238, 'Mikkel', 'JJKdJyrAHHLI3FSuWLnoYJuouaPKPaD4i7aYpvf0bwVB0FqyyYM4TqSGQYBeW48syv5cZtlpAvpMrkEKWbvKURHt7SegbIITfktkjAkZQAyzT1csEYBrooQE50wDMXSFxdJkRi6qHun', 'S6bbzit0BBMwhoamZEXeQPqZuS5R0VTQkbOVbmoQ7yJyT1bJW37CX2jnBVKBpyvV1ghOfFyTelSa88fWVIRIKDMmfiONT4P6s1pWSrricPr2Z5XPwo3K5zaz30AWTXjqW5g3U4jNdBl8EJHM2HphjEXrnwZBROp4vz07aUwWMFEmSJh2PWRBK'),
(239, 'Rolla', '4abVyWBUUipJv3aJkYEEdj6lkJ8EFIviGGTxJpTjSk2Kmx', 'X7xEtUk8hEciqHahxcjGBiqpNC6dhug1KPWA1ZaByCr2vE'),
(240, 'Godfrey', 'STl6WqpBgODr7rSAdU3Ikla6vQMGysDN18yfvam8ubkGNIGL3FLNPNfTjIiqtJcZiy0tWUzVSOxYoRVDAa2DVt77RiBNYEHjbEB2QaoCUlFvUnPKiJx804ZTxrhgqAreVpuV3kVwdGPf7R0vnf3JTQPGKojFb1oLPFMHjg4pUG2bXIDeQoRgjZhPreyK2GBweZyhKU2lroNbTuuplgV6Odd2mzWbwqu', 'UHN3zVXuN1repfKasJD3ShPZnEYMFSzdYtt16VjKTUZQ7FrPltF3mRgBfV2I7X3OT5JixE2ClDR3PV6M7lYA2DXgFOFgTWInuGAv80CUtDky3JWRAXBlLPbZq2l2yhuTwrAukaVFaNJMs8CqDauaWvyIhB0'),
(241, 'Nienke', 'mJD7kESmZTcPEGlewx6DF2uniIv1fKEmNOPM443nedv0FO2vLV2gKDZVpiQ74CHY8fpU5JVyJM6uxjjmJ7vpkLIS33YdDbTzuxdwGvNaRu2eEunZp36pFIHL7G2B2lgl5NUn1OxikbQ5CNWjq1kuTnuCr2cDfVYz6XqNGNnloXbG7G4fZk463POkqXaw5UpRfEYYAD21gqtDPjIiUBIKvkIO0ad8xJkkTQ5C', 'QQB3Dz2tVz3pkXRJKkXZKCyU1kTuca81Fm4ANEqCVTZeVhQs6B15HLQPiNhypiFfD824Eca4zDdlPJNWp4K1tWZn5Vwt5ZhJHrpFsbiFNYoDuX8Ika2uPVzBkbPve7ECtzeShQa6kfZbeaz'),
(242, 'Jurre', '03vDsqYArw15C6x8gG1J4hZtrIOhFzhcteElYhiLTBaboYDFq8AfZMNwFmNN4O2uHnmQgui8KJRle8loDVygvq0WBTmwXGb', 'k6xUko1s4VFBUxnUMJV1LvQuLckz4vLzhRTVuIGTFTogAYc1ppl4lpwsZX8msRjzXAzaJtGFGPiulG6i0mx4ta6xI5Lav0VfJKzjIr2ZqucsJ4Eg8SCuUCYHrxxJkR'),
(243, 'Lucas', 'XyfnFmzbqThb0OWucDDbJ4BCWBzjZvBlvMMDIFCSsT01114IIhebup1FsRXnDDCGZ1pGjN72Qo170kjc2ezEBPFX80ECCEJk06j6vOUdNMFh4jglTQ1Fc13wMLBktolDEDWD3o65ZliQdbqrgGkHNlvNqf0rn8HieztUTlF5BA5Y0hp', 'XCk8NKDq8VlbJExp2hHddE2T5tcDeAPSEHKZWUaBOjWC1rarwR63HAMnjEhi6fGOYiOVxXcqBLj'),
(244, 'Martina', 'xEuh3JPefA0jCsAV8iG0S7GS6QCwFbBD71Upg114WuTSbxVCMrnsOdF5lAXXCeTpKTIrqOaU8sRj8TKiN8p6sKGTY0e3guzncXlrSeYTuDvEPpRtqNzQRqm63paOEoBnVY1whDGeGwpJYbY2SMdPcNhUvzpyslHpw8zP43y0r4cKE5b11KiaR8f5brWpUn2KrBFiUR7dxK1OWf1loUhZvRiQ785D', '2OitwBNKsaVrJuYXg6RMZNPbmQLCSwL80wQf8LSq6j2nt1oyDMLWf6XJrzu8lR05eNZMIhaZ0Ojy4RgmL3nIaLyzBFcnxPZiNLph0d6iiqfEfH4eEXMVjdatfwZv3rchdFX3TcdyikOnMFISQdQ3TvvF6LiBey3mMZJcEm2YxNAnYwKu0fIKzaCRMXVjKj57eniouyVwmHpT35lBAeAtTUz50BSNZJsDL'),
(245, 'Charlie', '7p8miaGAxI4Rcpeq7gjDpyh5p13HETLrACJeyRjBi0qGKJ0', 'WofoyVfFTL1ZBIo50TZZyWJoDaFUiqlASspqIcTiHNr4vLY'),
(246, 'Ana', 'fDzyj0ThHLwgRnKHKXfskAjiOzraOjO5kCv1kcz4TGc8gcq3YLEmkKTVfqgPs5CMbSfr7RYpAgqD5A6FLGhPiVCjq5Njvz3ESWwu8kYr0LLX8Zuv1oBZCmIH7cWgUvgrESDktRzzr2YlxF7I3Kp1z3CZu6qNZke1VcHK', 'Eva01FYSxyCoNtL7z4Xh2FJJWDc21SljvGEBxH7'),
(247, 'Carolina', 'wZk5y4ix', 'SpVV0ZWz'),
(248, 'Jordy', 'xA0SwLDcxnPZsxaWQI1kmALWJoD1tWtv0O5Y5ODNQ2PeWD3iFRMyGDaHoFFJzcRgTg6EnLrWSRYfFTNs1C3x5KYhtY3RnbNNjtdek', 'exzVziMP43cw77X17R5hJiH50baxJwjZlREHadjTj6lPVrbLlOAAGsVmQTuqbkGjaBbj'),
(249, 'Ross', 'm46nMA5VZxMAbPX0UfEp6282ImYt28Aq4ThHi7VOTxYIyEk54C8CORr7GlB6gEh3F3mDanPM7NBl4N04aYroKu72QPrrpHikG1NEqkcjgENSAWm3H3NniM7ren3VCCyMgy5NAM8DrbfpgQgFtmI', 'YTyuxnIUZhz2NkjJMedN1kdQWi4UsUIkYJ'),
(250, 'Emil', '1CZTuMcbigmTFAI40cA3jimPeXsfZCq14fMMmYw58GyqNeci1jV3dl6E0D7FK3eYW6VPDUTCUbwmoAMXRjCFdNpYyGQJ65DBiJtDaQlVqptkxzql7yrfHy3Gxmd34P8rxHVX5qfT3VpPy8Lnz6VDRXEYEW8pefoJiGSJjkEt4phGesGCaGGX5VnkYcPCDt2zl', 'Cq5DEz6eWhCfzv5R6nBvA1KKNmry5GcjypfSyFuz2YMswsKdIdl8zCYpHsIqXIQ76UXtWsF0N5Z56QhoMZuvypPlaIvkJqW2cbXpqDuIUE3iymri1WxYBVXVvxGf3aqzNMCfPvakmbXyhSxThJOJHpulWMOBcxvoU524lnXq5mGwyD6iuJMQgk1TJHaMM4OJpDSsAv8DDS2NtdIvfOFIb4Irm3T0eTk28K2sjIpuoRLsTf'),
(251, 'Krystyna', '3z3yjQXKw3IdbZ5u33obm2Bno1bOTKUNy0w', 'WVmawUj6sISjvVgRT6DTmeeaeMDcf8MrCFOs56I5O0pBv1TWj6PbBGB833iabbF4mkTREVfBRNeGYYJIBZXtkZXXKbidfDso1SH0'),
(252, 'Isabel', 'u3HLYl8q', 'jOVYANZ4q2NW6'),
(253, 'Martien', 'JuwfVtfe6nB5RHOThnkjbqURjqK8DbcnVW8jL6oOEdkeOzIe', '7e3txOoXBlL1qBUSikDPlqVl8cKud1OszgoOHacjdIruNjKJlLVD60jysoCi1w5U7Sw6iHyDVgo8vk7yQEMbZV3vwUdcct07BggDCTZD35hNK5gg'),
(254, 'Godfrey', 'AUOqrJElofdG5E2ToiZyueFtNHb4ltZtm6hCQYjqV1TwJnDiHsswzU31WjEY16p2vVZQph3tPaN6YSDoTCg45CknBePIIZq1ox4mKzHKeDj0HQB5NrrU4bgOVpBWVJtNeyLg8qS8NYEGbSzgPv0SS22ybWVfqIm1rCuEkDYCCXI5HcArklBeKNdTKRFQmTxWVl8Zhn5NNroCUzxZoSpCcG0frYrgdsQxRVvM7IgGyLQ1VFYq5kuMrVcmNT', 'vbJUDePfI3aTFVMuUs2cMaE3xJS2pAyKo4PZX8aOC1mAqzpx'),
(255, 'Olivia', 'txS3INWAQRkeG0WDNETRlnTolpZsaNmBHg82ioQnU1TwlzXf4x4c3VZlNOLrwMu7Dt7U6oDdpDxYZxilZgWeoXGb7', 'F'),
(256, 'Teddy', 'ydozi2NriEWEwiDTGpbGvNDlnWVFbqoEM1TP7nQPQQqSurDKOrMRai16XnxKnpc311oJmTH6muiJKi3kND5RzZoM60d6UhD3ETwmOETXninLQpwBZd1bNnQ3uk6s7llaQGe4Z8RCCg2LDNGIiLHx2pQ', 'xaPiZo1ryN42SqNe3gwFQDDYkKx8emnnCpmnPnqHjtznwBQZgqObK12nyjFmw0lLA1gJqOENzqCwirV'),
(257, 'Izzy', 'ULVoKOP2evi2IJr8usPl6s8iMKZcJrlyNuHiu', 'aOlio4MVciHCPUKfvebWev8wATeHBM1g8T1m0KWRCdR5aUVV188sNoIyaMcV2jDpYSpGdrvgKEU8NMqhibAwE1xchSrfSyMk6liiTr8fKp0D4M6tmoL6CeAYjlRiPNVEhYcwOu6sOTF6BFy1CKT0rb530mtwvJADqK8mDVlOhVyWCiKQ3rPT84kOMRc0TLd0U0Ljnwvm5lY8u43HgGgIV42yhe36EHvbM'),
(258, 'Lincoln', 'Qe6VWexjM8ESD1TkOt4zZzGbqKiKAJWcGpwA8ufBGP4ARHyp65ZRET3IoAvF7RnUAV2yr6jJTqgWApWNu3WSVQbfNEEQscxRCYI4gPMUVzuAnIi1sqbk46Hk7FjpeoVNAgstBalqvIwjICaWcFonJimXNxnLQbMLvmlMHiq1WGgOXRpjPLApPagGtXd1Ezt6l3G1nrbqFALv5wpGCD1uKPVpZyMac2U1Tthio', 'Nz6gjmiWVRLoboBqXQzbfwmZ1v4Fb2ZjXBCbmkTRpsiTVWlkBBSZ8Fsff7Q2PCGCDO1MWxcP3MTWeOfYDD0pAyknsZNTHXwJ1LWvEVa4arxpkcg57vGAhgRw6xZAXtIFqOeDjKYxDq7deqGrUIr82VKUsqKCocGERbSjR7anWRGJqeRTtZQdkzwirUauETvsVOY2'),
(259, 'Luca', '6bxNUoslkscHOe3oSDkxErABcqTPErzt5gR7PTN5laoyFlwEBFtcVSGM3buqAj', 'NjDFQZgETQZgNhLHxuQspjpuYq5sQQ7yGf6ejBf2CanWVx7FOi6M12OOygYkA2PySjjQaRCp5KNAqhJT0S4NsUo8iNp8jgEpU6vuvxKAEM2IYZROKRHnb7FSYFu2zs5jreLNJNhCsqLuR503WXxbz3l0TdBDHBjiKvY4UciOglDspbcQhFGtW1VTDH4BbOHgB5GdMpQytWtGB7bLyEplCzgYV0ktYxc0T2K8fvVKYVCQ0qvdVHqm1Afssa7'),
(260, 'Callum', 'cn8CU8aXekyGvGnZdG8q1ij54ZrvJgIMj4WWjTtdynp8BNUeDPwsBugLQx2doUi', 'u6XoG4SBcytknAZxXb8GvgfIo3C12IYqlRhxmHaEYVkFtEexTjzIPUSl5Me54oWRFQwln0GSacUYnscNrQjBSKxTDqkf2vJAbL3dAlYjMuXGAGKFi7CfCsMa2Jc2rY6wrsU6uRHe1BgaTwiXK7SmTrr7lFbTcye'),
(261, 'Luke', 'FhcfGSyOKEESSSohElNbpRixrX0xLKLFBg8cKkseRdzr5d3PmuKa8tmzSaifcVJJQnlelfHngYVSC8d3CrsKBcgUnTBMwtz7pnP7LbEIAJlJwwlMmqswUzYu86LHenStAJ17ezwzPzOc0bTcsRQhXYVrb8wM3DL2zToe6rEWHgHjAdfM2', 'IK18szyxsoxANXMXuj4anOMU8VBP4thh4B1kbH76q4sdsQDhc3tKroEPj3gHsf8TViUTD0EiFkPxp7oEkvgjjAmqUdMSDNXjgbjfVQcxU1M3p4KGia86bd8Zp6CP70o5pmgIj35bReWMJpJ258Ibbp440rmXqFKKhhkitD6xAZpyc5b6DD2HVTE8GrlxS28Ru87tC0PRxAMAV7qm2tFRZdhD4ugULXm'),
(262, 'Christa', '5OtICEnEMFxZzXSj', 'd74umNcrpPbKQHvR8junK6yb2kwnVDoMPNA6YB5chZHHnVwd5vCGMhFLyRUusvKVPhDbAert2hV5Fz4VCIQm1G2t73hDqmwCG4Q4uz'),
(263, 'Jose', 'G', 'qaWeZyIOIvjN3dRSdShd2m8uw6qDMTcEFWeWqteDau3GuPXGUy20eIQY8VFl0O5CihA2t1LR5iaxhziuWWNc7yOQTF21r3DF5njb'),
(264, 'Camilla', 'VmwM0kbiiwfR3xwoHSkPqpnVVmHpoXieusgYhf5vYYgb6lc3XxHOXhgseW7ogD5bji4ztuSyfK3ZCW7XRQIExUsHauPbPcfnI8wlEsT3mKCUeCKsgdnrvPgEaCjzuwR56prQt64aWHQyErf0uTk67kGQj16LLIq7aWyU7sGX0CIaGC7I3GBLKNuy0', 'ABlP7OPgNcK3KlQa25dhkpiOfCPAYPI7gaSIxqzbTThQE7irj3FUlC7PkQrkaJa28XWS2Fpj5RelAFtDA8Em7SxSv2eNJML7r6UZkeANOL6cpNJi1UuYuqNymj2WwiWLKUTG6N1ExTcJEGUVpf7plQC36UWDmfXDzD8MfM3iNqeHg3v0AobWeIsIyP7uEYjflCPUpqjhsz'),
(265, 'Hank', 'EqsAmCHlAyX5Tad2u6N8s4VLZQzNibJcR8pz3wycr75PQ7zhPdETUvuhLxrz4yUy7AHlWoNqvjNELU5ZRUmzeM6SKyfLEpvO3pz1TXrQlojtBlpaJMi8QQZiodgAfgjEDF2cA71PQ5VEFAYPRJfoIFV1gxf4dMZCCJbycsbasoSpMFqcbkOcjcnKijwjwnXHzI8EWhOHBzHdTPtrlQdhAMBfH5aJ1gXHOpiNHvmzbjDsbbS', 'EDvRPXfCFm4CYUAUaqvS0pMiB1BsC78en8IHvsVIS4dSlvAhtxIs5AZMNphVPu80qjbUoIFn6BGBoXOuP5Gq3i5e7lLofR1HE0ZKfJBw4OFTYILGlz4TMEg8FSGMCGvWxBH37Ml0UMglIYXLaUX'),
(266, 'Catharine', 'MxCyIgtMuDvWCE0NSuyJbpn0lBbTvCcvV7glLkRSpk2wuPjxwiJuo1WJWE80dBHTkZ6s0vh1rbZOZH3uEfmkpOD0mVist1AKFkzQNCt65E42kHUVKhLDDtGZTkJZFdDEDoQPGWpVBTJf8S2a763z28Xx41NufgzxcBd6Ytf4A4OeLVNyBu7vQOGpVq4fXPd5zZlVJqUbyScpqJuEscLD1VAciTHl1i07EvprScN182', 'ZqqOjQxZC7xcACJw4X01grw'),
(267, 'Tinus', '20nS1PilIFrAxGxzDAddUxpqzrMPVrDofwqWf3qSeHmA70PA1D5qyHIXrpc6CK5uEe8ZnOD0PnUT4QvX3g2W7c5ZiBrvWfv1FCoTFKyE3cjStMkVr40IFTcMz0S4GCaO20Vhi5XjvdOzLEZUX0d3EKqkybFBKR', 'aTINp0lxv81lyPH3SF6VHDqRPTF0hsmZT10A2ClHgnEQWLCGYWN8Dk1ISjy4ApFMdSR6CJ4qF3z2eFwLUrLHtWhkPXbOhe'),
(268, 'Christopher', 'L', 'McHxOXKm5GIdFUBTKj48Uqq7nRKDMkbreHqkyF0YeLZGBlk4EJGZIzZUfWUoFOkS0cBeNF1nIrTGDqZGmbcvSy7ZusvanQba0z'),
(269, 'Sofia', 'I804AHZhamNpGkSWWQdTIR4J3kWqfrNxRfdATSR0Re68e2JWlXjbfuqu4jiI2U7zltJYB4BlUom2epbKVJxPq1YppkVzEgW7pSbTjF1CjXkL4PrYrd36qAbwhqXwksdgSpJ3V064OLYYSdF7DQB7YuFfM2yRb2J4LgcMIFcKhDMmKIKuO1pXqhQKTpKGTn8C8LQ60oEYoC0KAFx0kgEys23NLXbJejCmxLzSkQCo7k7NjtgwZRUc63', 'j8QGNsOgzpAZCPG0KWeQcR3Dzz2EAmsopZK6WZ0d3x6ZtKqcNfHk8HLmlN8XU2FG8cNTyjkrWoZJZBS5n2AWPqH7RIUdW'),
(270, 'PieterJan', 'QGi0vQqQZocylKhGQCw6DplxzffP2cyMwEbPmk4QVwsWARSvJHiKnBp1', 'CwQlNQWu'),
(271, 'Anna', 'PnAH6ctlT5gF4JhGOiMV6jzSJairrmTfaNTApuoVfwNzPQ7r6qHaLZ1ydDogSChoEysXJl6jN1HNPeXHou071Vb7tun', 'otadzbr5VNpLBN3UaG2MujyIDlHkHctJGjEEvZDPpyhG6IjqFArMDsd7JLEEFE7SdmV4wwO1qyG8jrirlaz3fbsqkicQ2MIQBGoIm2FJtQJyeGRFQVofsfoosuMISh3TOd5fT2MAFkYBN'),
(272, 'Alva', '7c7b3A0cI', '2zSfZXcIz7M6xd2EcgWEptQQjkrhzfuQhr2QLTLMbQdhm7UM8BLwxIDqcELCmjn1Ifid4oAOB2ySuTdOyiM0fecW574TNsLZL2WVnzt0pzfqhlz6i3ESVXApMfOIeVtnk8UJUxIM8yhfYq61oNGoxAPT58ONvtuJzbmG'),
(273, 'Andrea', 'IJ860Zxm4FCnwAErK5dTV65uj5YVGZ6l0A4eO', 'tQJogtImpjA2GzenXpDruNfgGrQLS16KNiTXzoHhJwrVEWyzSA8m4wOKNfQl7nTqAKfvbNcyGCyiCgFHo615bXO7TxgI84DvpIEmbg4ueO5c3WvaC3RwWcPpeYnHLpXpiyOBNxfVrue7sg1lMhLSJ7bPuIL6zpfE68YqNwY2zX8YriClQ4fajJh2KMaHqWzs5we6trUQXYDTetOsRekG2T18dT3yt3z7arOoVu'),
(274, 'Luca', 'Dq8EJvLZCN6PMfnwgavY3CmgPsdINL3iRRz7KXJU4D438SWmBfyj6LCo6PVJSc8Fj2ePMz1Nz7GaBzu0hF1HXVTD0PMSozfksXB32IALhYjbz1MldrZu5WHQLFSB5MSbBlRUCxotCePiiHF8FK11aRzqBnwvdeSUrxtuE6XR', 'RomQt6v1UHmgibAaPKMF4uDuc1fwtHlo3d17fDfIeZt78NfKywxIbWCUWzPPLqHhIJOifqISW1lzyTSa7qmBfWndntBvb2YSZhiVt0FcOuTjBhcibnh3yvoxP7SF1cTn8hFEDmrn1Di230L4FHm0O35QroHBQQrJ4ZVgGbAHE1SvArVNf7ujugwbTCZzGybczELXN2cTuWW4nInMKo7v'),
(275, 'Anthony', 'BvdnYGPgWuu2yjGUFQasi1z7o0MXa3Gse3aGZEPZ7EzayPScuQJioSF4vPRyQfrnLM6EdmEWRNssQt80SZcWqDp7gUGy5jhAixN0GknufvwTxKqql6WDjW5ADrIQQIadZ3Ho317EfulvYrVdP85kRKIjdvQRppAubvqVXoidj1HVgfzliymjdi1nnWXx0KfDy27Twrf75b1Qj3RS0NiSwEfxmayCNYFPd6nsOKqxIiBH2nt3wy3IUSjms', 'ahNxxslbL3fgS0dQUA2PZnruzIxTy3W707aSGohlw811'),
(276, 'Nicolas', 'LEfq', 'MrCKWRgtiawJ2pMJk0Spse4n5XkVdavVgEo88dTnSc5stsmL5ysn0imJBUeZR232xlyp64c5o3V5YhwiHb3DnjbK5OGX56RJlBFL0Lum4EGLqVFggHzCla4x25WXriKS4ikYAlaRxrPidc752Ccwz'),
(277, 'Barbara', 'IjoGmij3YTf7Aceh0CiUQPDQHYbQVA3dzCwYajQtB4wtkF4dkKWRZnRizIiQNIjsAd1ajEX3QKxWscAuELhl3N30lqW', 'y5cfnbzXJRPNB3BbpDxgaEiMUXwpATX2B1qWZhnvp6x53prDl8rraFr3qwyfDfxvUCLsDMIqdzSyaHUnrjxhhrmjRdU7n2xXqbF8ofAFuNoCAhPcrFcLfA7A0Z2rn1CskBYOlOZh3ACfJjEPfA7I1f2AB2MXDtFhGmC0siSHm'),
(278, 'Nigel', 'vEHlFL6Hwt5LMVZhpA8ZqL7Re3dpVdWSMWwoPt2PDD2b4qgt6bHN3lUlmOfVbS1h8Hb105MQyQjfcQumATVR4TRAOjGlaCg2BZEcbxDHkcz5AB3YfeOfEHIzgptB2UXuyJUgITbxzknHyFy', 'GPVQcRCubny3aUUShiQop6AyTo43fdMVEf1m3BIdoomUDsWkQaPUYRqkcMmUlYgp3AZc3NOT3O1qBGfyTQ6VxiC0OxWNDnaK3N5kU70Of2lth1npqraaNfcWtPJEQQvmiISsW4VU0zHMnObVsKvMDzElqU0U44cv45m3VGehBtqNGavnwOjNNjjlGsVWg7TBvJGsomFsdmm4Q4'),
(279, 'Katharina', 'akdy6dp6OOvyEEquf7aFRG4mESrQeMz38yrmeT3REGIGGw4C5YbBzaPJp4fwZGMxOJkIUCSFkUmBNeyRKUlyP7PneFfCC5RBFx6yz6G4pftI4GdebXYVFckIoyToz5PWLXHUCdNnmVZ', '10XvORsuc0xNSPU6UXxU7hFjK7aNDzJBYkuOYWti8xLY1W2YRdZmkOGPb6yIT3kzJmmNf7EV'),
(280, 'Ivan', 'XOYthnf0SHfqtSUizAqH8bpEJUvNkqECyIxVzGZyFqtbBWlK2DkZl7DQXsxc8RpKHKzw4K8wls0enexgf4JhBWVthQgvF3EIN4Jp4c2U3fgB5fKEqQVbdPk3Gr0h1B6QaG1AlCkkSsSeyK6nkLckhRHgz7JM3PSVFuQVuP6KncuDyotbQelaZKTyxh5ITP4lIwgsWLK7eyT6VeE5pdMgDpjkHuY', 'r8V3RMjhUAhed4z4PCe4WZzK1abmp1wvT4PBbGZES6fSzYZ6WHpmHCxBIQkMbeCN'),
(281, 'Joey', 'iYUoizt4jsHJL873AVIyDNBekGNgCyKsHXTH8xxt6qmbMRjISHwud80RJXLgZyja7Uggfw3zByQJQnrO36R2fSqDCCg5iz', '7di8WB4v7xdIMYfFBDCPou8DXLphnqCPo8tzAqDmC42xdB63enPkdnQaULeOBg6OiQdpAjHC'),
(282, 'Nienke', 'RfjXuk2kr6r4jd70vZTx1hhrIL8dHjI1eELRLN2VpfzG0lIf1g5UydZMRP7JfB31npxBxiW3urjBIarBehZCGILjPDnX5cadssrkwv1wvCBCZPLSt3GKoesfZyKHR86uZz5pczveLqRpBvsI8tAGS6wetTr2ENvKhidcnxejaKEXaRQTPROHHdeU8ZarPuBiP6dUBx0TqdAAh2MkvLZTRg37pwEwYupnmyQeHBH7Ctx2TKdKFaESDtarT1726sS', 'dIU4HNlvkjVecyHYTwsojcz6fpv2DBVOufk64txNSyZHlh0vZxR5yjHkVr7UjTLxiBAPiZv6iuUDNYH488uPgPTu3yZWA0BX80U7QJVCnjf3QlRBSH4xQF37AukInPBDaLj7Pj6BxMEZFrq'),
(283, 'Michael', '56p0n4NijM2Qn4Z7SasCEyqynPP8zbSgivKkxEi7ukCTsLNnUK0ZNhCe0YewXoYVnEn3IzL7mpHmMaOgcT7XRT71E17lepGMBHjYKs7pvAl8vSPtKldOuH2UV1nm7LbOaAuveFH0WmUyNVTdpe5WqPxdZmA7mOw4a4mjbarHRrWUbMNZ7Khde0TbI7', 'PlZNFkUcTuoNQADvfjkyIbI5pDurVZZfMGLef0QN2fVikhNVwCrKgzMTiVZoWfTaQPbM2eXmVhkIPjwQMlWusFruQoizAfH1qg6xJBBmecFpqXfsSzoFO7BH7NEDVgcSg1yDn78M8fVWQdyahxgSkVMVuS3OBahNV0BZAs0bOpOnyx2JKqfjenwXLBErLfLsmOIHI2pWiqGQnzPj6w50j5mAgxwR22VPNRucbnJpPgGbtIJD7aHYdcpqOGbK'),
(284, 'Sjef', 'rrLdJJ5BTk', 'MySyNRKZjrnBQImi1gwY0N33x4UNuFbTEl0KfZSlkoIMVt32Apa8MwSiDXGQrWDxgOvmawHFfcqN1kzxeAvHMsMp1OM2hl826rBqm'),
(285, 'Leah', '0pTXw54aQq4hfwURN6oVioZrH5BxYrKG6jBLRi1JH2b6I13D3NDaV7EaHuCYhRzgeB2BwziBuSuwMdVPkYOOb0zcQ4BbCQkxsyKNfkMpfLoRPslBXo3P', 'Kjc7TAW46zkTYH'),
(286, 'Pip', 'AzruxvVEkdeg27KBknO0ECFNRLGiOI0JJ7IkuF1Tl4pOeRQbiqsoeMvNJUspVYz6BnbMxDi3bRhF4IsjGWqmesTOGlMVMySN8kqnM5cg', 'OGb7GxXikSBNul5XzCamhcKpYIetrMh3Y0LJLd1Paf2bCOoHEcRxxuVqr1nqxx8hkAAGeum24VMghROEli4Qrv8irUDfeqBETC5Igh7VY8kYYL4E81KJUSq0CXc1xTgcnTXtn00Neab2bmabcPtukjzQGICJh4p71iwt8rscKnBGDuOgMnjBdJp1jIOwZBGVWoZQM6BA4mCG0MOvPKI7PfTtji4KDaoIlk4udPcOdK8zAu6QkysMuioJYxPhAE'),
(287, 'Femke', 'gYDaH7godWHGhVZWcxRVNSPj87XHlONOK51ZlrS7KTPhozfZVQZdf4opBTfDd1uqB3XeEZnAHW6hQY67jOlAp', '0YgyglJaUJk6cx84kcsOPQfFCouiEUMbPcGDO'),
(288, 'Lucy', 'ZVeTNL7enZnEMLtT', 'XUgKDG4J1YFKYRRl0VEReQf5qZ05duyfhVguoLWriGMA2l8w67MrbdEjrd1kc8VR13xcnYBmQjizemOYS84343ptDWp58VfbYanSV5BKJHnUV6w1OODABsr6j5TL'),
(289, 'Malgorzata', '4Txd5zZ5GZOqBFYIuD1KO1gNkYhqBuH', 'zBL6uyKP4vEgPCtRQCNB5LvFbkFCaz7MZCnLHKu6SxPsuJ0IYL8IS'),
(290, 'Izzy', 'IjXhfChjvbxkuygnktxMR35CsXba7r7DUhbGi7Y6ZxMArmMyMrtqOGJhcEuTmWldGrIfujn8YSiBNcqH7LoULa2gDBGzOIyQrXPeFj6VZyWH', 'hzFiS'),
(291, 'Charlotte', 'ybopo1xjQCkO70Bw8L1ciYUdOuSIVGOmAbZ8SSVfcdy2KfRVhAAo4OPGJO43Ps4PwnXgc2fc8U2KSuVXb2fi6CdA81Tko2FJ6B11fWftcyjxas3ioNANGDRBb6Cjf1utNuUQG5MyZ1qu3T6BuKgkwm8bybnWGFGC2715L1DxBY', 'vQR8YJwbqAvJFHzdmcyAGgsK5qHYeI'),
(292, 'Gillian', 'RQ7eXab7tIDedeShVjEozXGSTJF6JgqmNHstLAUDrPa54bZCfEWUpfTCdOqBrIzSVwLqE1bKww2L5kNhvuy2ja2si6MnimbsVnSLLX5jPZAfGASx1vMxAwdR1CiYsoephVfrrVmeMd5HZIY1QOU4C848AIKnVxKJDlxBXcyEEQYBiDI5ZtnGjiJV4znLC5IjctiJ1HQKO', 'XCqZnBUzeUkkkSqCNFdh'),
(293, 'Iris', '3camkVeFNlwdNrb6Y0RQXgD5YiYZn0liVQnDIPFNm2OocuReWjihQWX4Fd5tqJFhRZa3eZoTedRoIJj5ygZVNc2Wubni2w8yUZfN3BUF3pBpHeqZdII0at', 'euDi1smSyW7H1eo74ZhEDjDOLAwtaYJFqvYdKzBTMBtrYy2CLVAhWikEbtOlnFwvzpoFT5QgfpLjpRibiBM05ka1nEdPd'),
(294, 'Chuck', 'kFgdxIq0rhtZAaQDv1rf02yCAGS7Gplvkv2qrDK8Nsa8L01uWTxOZOu3tkcrGVggWP3nE5UrrRtbXTIrTo6j0DsKbIOHiFBT3rSBiddS4Xv6pz4VTLLlEgRFj7po6oSpwlBjTTLUs2LVCRkEDN8fKqxYth8NWGrqhT1c3mvrx5Bu0iFtoZPaD8QENkwdzS', 'KsIFhA8GJnalurxCnER20pJG4adpBFhhZPeTJHJmxuw1onphuaLVIytgJbzvk21AnzlzwsTHpNagS'),
(295, 'Javier', 'vG73JopUO1noAl6JVBmzUo8XVJOTiwSRfxKuRr56b2CbMFt0r5rVrY4xcB5rh4TNGjvoSx6GHIX8us3YvPIazgDUdHhon7OWzmtUwOIQG3pyvMRKEzzUj4KtTVnfz2BoUUyRa4qR1nR7', 'ShT1D7LbVDsSq67BEPGRhM5waTRtV0ftSqM1ChhFGLUdRolGAGLt81TyFrPzotISq7HYM8cI2jdsLXjKdd78w1TbjFv21Y3bwX3PXg4iQbXCUzdZcXeFWH7nYt1bKhmE8vcHluD2Nugmt5IGpjRkpgGdRyADL8W5zpNoe4V2pxyBB'),
(296, 'Katharina', 'kCtB13H7xCkE', 'leU7E3ervuWJo3g7OtPYY0Yoljt1Ga3eabWGwVLzOfcbwTtoEwhhKXqAKbCn3pZfvFusSvIOG84IGLmN75vbCjHTbOGq5YlpkyKJ5PtsOjxlEeUN1pQ0fk04vE6xHQxqSAAbBX1vqrmhQMsslSsADyNDO5SRH6efnJxWyDEeUELOpvUdH6YOGcNfH'),
(297, 'Talita', 'orruR7AJuKzz3UBY1XVgRBnOZroe8hRcQTADXtuGPLx0mdEXvwpn0XMDuD2DyH3MrlldkGGbigPQ', 'PwuKfbUQ8NhHjEHxoIIfkVNUibg8nzbiUp4ojlHAhUpW5yhbG44S3A8liwMETj7rXLkxSDh8FLkEKncDiJiEpiDPF55M1REsCJ7Oz7sYI3XVJn3gsHrUSJuGesUm5mqC4sQO8NNxZo4RuY1ibVjrEEjo6bBYs4Z3nE1AMAq4kazDgUy8eieNQImCb0aTsjCns5pQGU76PvJzQDvkz2b'),
(298, 'Carlos', '3kKSOsJArpMoi1nVBQnxZ8GonRhgW6LPmtkztJTox0A2LlkaTAYD7vV2Bp0Sxp8oBmuESHkDTMC6PWQxIrVMzpMjft1uptZPZmrxexW7vqkFSqGcV3qJZ5q5v0BsKYcYXFlO1ymyodCy6cv36HadBEQHmu7a46FpkuhujUSrbjFkMSbhHxAZZJzz2zns1DwlShPg8TY8y4ueGOodEcMwmB', 'ZKq3fLnnz8qgPTqItD4u65LYaLAZtkpl6dDye14apRLWtNhfAX3xTcz5pLmnfUx0weIklCEjzygH7KHw2STz7HgvHJAaa4yByxiDmtto3JNG1R4EQXlhR3uf4HmH40mnbPG7JYQXStdQKoBtJuBd7yhRPDIBBQT4sFm8geqPK0IjKxcbk7Y3dRGD6QaZTxLJ1VAt7H1A8FYHTlB61uM5CWuJ4N21'),
(299, 'Cloe', 'Hq5HcnGS2x3MpT58AvsOdAoR8p4WX4Aupd1vV43dPBQVeCk4nft046YhQewNzN8AiDzkqcu2pIoLo1uzwun1l0wIl4VvTViDBG6hqpUlPDaZ4bj8UFs1O3Ilu0QnZxluSGITXPgdRAj1jawQsREI5RNPyQKi5saPow6DdDpWdIL7Ub3Xmjb4OLWSdK6AbvJgaauFst8iVum1UnVK3GpEIUVLuziM2ap1ZY76P', 'lc8xBfY32KYcrq5PyWibGKHoaqrYGzorTRh45PsNLCleRCXlbbzIJ7QyJKUAx3D6C6L8WmKcaPUQ0b82PxE60jzuqZVjfzKqdbkdTyL5nEHjLMYzcs8'),
(300, 'Jace', 'p2YJTFqDEtVDRRZ0Mkc5bmlJIgzhetZutf5J8ol7KjHXpPl3C4ID4DjQk6nGrPqbzBhj3THKV0VobIyO4SBFxb7KjEBZAylsoASqO', 'HbNvwuvrMxfXFTT7dvwTPIiMcySqnN3JMF'),
(301, 'Jessica', 'rMbRBkQkMq51ZlILY2jMQsX2z6YwXsf2zb12KijYRzBVWIaVpRVXkdEIk8Fp8VVH', 'IQt1elf154SooDkMBP8dnTCYBoxozL4qwXTe2wGAGLQHhyXHdJP8GUXRFIwBLi2ikZvUrCUYFlI4urJTNzc5bid4rqMFwmBNHvOaUM7ZvvWCwWI5HXC2DKfN4lHklT0bcXHlMcAGSl1ovIKbPRrs6GvWE2ObLApCkhqXoxW5TuJ5SyO7puyHOsJvgMCDPbVMkfI4iKeETmrtlonG2cEXaQJct1XJsMVu8j8GuxxQvUhUtaRuuoTlivlW'),
(302, 'Drew', 'dl5Wp11tCn41ZlhbBhAtwX2EdKz52wyh6ax7NhgT7qw5pXPUWgGts0hYj4h4zGGguw5GJysYn6WeMBystWiMiv4P', 'b882ftO4FntS8HjAaVYDJ4fM53Q'),
(303, 'Jurre', 'OiMqoZcBN', '1CmdvxRwXigHK2EytKegRbSKll6D10XDGfNQLjfsVCUGCfR'),
(304, 'Luka', 'BAu4Hluqgfqa8eoaCRYbLzlvFqU6HrPhkZgo7CpallolppYEhcDwverXJPfMSAv1gZhqy41KYpo0', '5h0EElgSRlwTXORONbzL3ivPUmkQze0OITMl5TSKI82rAlcbBz32DgwBatft2CZ7Q7uA6YFDqhV6Lwns6TfNnvK0hjIqOoECmoIgCyNyQz1gmgez738HVJoDwP8zSMbsD8kiCx'),
(305, 'Ollie', 'dA8TQcuQ3psAmZ6ZULeP0RxZIgDocLjWPSFMsF3mpY5Z8TXSJOV5ZYAg5drgedgFSri2SlfQb1Flzkonfyo8hx2H50zcbqCwsLvXhbf5GXMThBOeGQA17sQQ7BzWrBioqPwihMSSzvzYXdYgm0WjrgMeMz', 'RBKWzFKEijURntYeA08QEHVFxgUfvFgsWWi5HWbLWP'),
(306, 'Edward', 'O4Fa7GeG5RBMZN8iYVo4c04FrD5AktWmPf1y5cGUGKPnLKWU1rpyfezGuf4IcoN8dF4bZaUxme7m7vD3rUoStq66ft8L1VLtRsfNJRLk', '85FZMiaqDYF63MYO14wSDEqHaLQyHJP03SICZQG1tvY76ngeiHqVBgGvjpchklx28gxxk6di6EXpmn7bsz5dtulcWCqU0VGGfg0dh6rmJoiFGrOqdyMiLrJZeO8jeCAZWpKG8S5C7WOUi4ZadcbvJ6e2Jty0PloYzGsOW7en1qf5x8k08P5jWO6'),
(307, 'Klara', 'IlGkVgtxOjsoq6VCoEw2SNBfWDDqTOaxM0uwwVxB0FmpUVZnXM5EIqIbLfMrxmxjRoPXdG42DLAaltjCEu1B3mbCxgL', 'EYzyACIO4FkIoSAQ3CHjEfqZjPcIc0K4fxBy7PQUaYAAZuBX2xYADvIdY8jG78G4BCX2rOK1k8VFqKoOGGFXQ3Lp7uK4OhqJxfcm3600rLSpOSqMRyiiwnXGvkr5P6HXCRu5fabMScUQgXvoInxvsF42X3npGuifwNLrvMCjTWVP6XFA503RcSReFhS1AQkXM8'),
(308, 'George', 'xVADFUmIM3M4DaLMOEKm4AvajxFD2o4yXtcUbysyuhmWWT6yUS4mNirwZ6dHL5xN23DDnIDBiYvwsQqfAFQEew1pduRlVWgNGL7HNltpnigyQrPIZxIiPvZp7xERndZzDsqTpHPcPswKX0DZSJG84jbRI0LNBfa07ol8g88YEOlEIMv', 'Q2yX0KjcYDlWu4ocUSTobR5U8CuIink5ovhdFJDMFjCulfRqV1g8gxXofteZJQo1hKYp0iR1BiftkEbv0baJ0LD4vnsvxh5I7KlOU2Satghg0WdxRV6WJZmjVnpcrD8hobwmwNUkPv6tJWDyt7jOPWNn8QrsHNBAd7pVoKIAG6qAvaPaG6NnZ0jvSUO7wYfUj0u0r'),
(309, 'Isak', 'cCaUWlChQ5rxmB45rnRBcJMzxuHb0lh5OT0dN21itdKUiCPNskKEOjnQSygEy1gLoAPsExI4SWSporKGjcnLnpgskhA06y0TZ5AaXVzD2gS7oQu4JZnkjKMQSh5t5JFc4U2nSjaTyNNX2tO2D0lboiscsQLFOBufwIiPIHYtJyYlgPBPuocLITGz5KAoT', 'KLhjG5DBhoIOamt1IB7dIPD0owyKbime1xApAjUbJZVmR4mxbu4NOLyt4ndDupuc5d4CHBY6Gg4mcGzK3NW3Cns4VGfveMQPgz10QvvwbaXr1T6iJr1ThWBt6hzWSBcNen7jqhT5OnQbzkOyfDvZBpvyt6y8RH0UO4Uqzj26xtmog4mU5d4w4c2mlLnNYyrP7pJd5ZuflOYHkl4XhocZVv6ns0RvZJodmiWosOhXUT0wmcIETAlI'),
(310, 'Jaclyn', 'XjC1MKQdce7ADjwteYYN2BKqNZ', 'Yhat2'),
(311, 'Andy', 'OPbIrjqoHoMosaVlgKbxRdvrrOYTbFieEekj', 'SU4YtOWtfxByAEYk33kNssIhC302PtM77msmRytXaoG5fP5VisHYAhTns2nHVA4drfpldI6uQf'),
(312, 'Joanne', 'URV6Bt2fBTFfzoxiUrVhFPmq02hA6sfmCj', '3qT6wIUWMojh764bATf5zN1gWfdOeRv17LEx5zCRtuTSQmtf3b6iwholAawOHmYKGeyB8mITQsGCaSGIyoGLVtyqFzqgQSBhZ6YAt23ca4y7kQaadIj3z48e5FeU5bF1pA8zyUBrskXvxyQAPWMdsk6fTKDkdzCGqwM6047ZiMd6xwA6HJRO8x3IrIMgLfglHxE3fmwZzSYHC6i8dpblftOurJx7EfWiKHv41icEVsbcI1Mut'),
(313, 'Steph', 'abfYpDfzwVGiyMstaU1sRzSyGrr1vbgug1lpuSLSCPfkNr8fg0vSYzTEdi7JWQFKeyPZEOlPYoZcSRkIwW7Yn564WqWtHL1uWvtz4KPsnfW8zTgN310DawARVRTpwq12X7SXleG8UwLhRGe5PF7T4pPJEJEcypPLDpXBUagtNflTlZ4NsdqY5IIZFz4Eoz7xiuM8ZRQaa4imPKu', 'g8Q0GsHcvmJAeBeIK76Hoe6YlLmwCZMiAbRADZGNPO4acoVgf07yiP78NDHGqfbBAHpAIOJrtZ65drgn3BUgfAfqjiH8qLw02afYhLTYAQEqWTmtvNq7rh4PriWeoweSOus3K'),
(314, 'Christa', 'hZYxCUObnF0OqWmBkEwhiWiXWtDvurM11wcZ8YDdOoNpNxGolKFG2PdR3k3NkIEWSVXoLpg60DAECBk', 'v1lTc0FOInevEPLMgvqfbNyLFx84eygXC4LMBftcqueAEKfzy2B6JIsFbBXVSYhpELir2gjfeb416SgKiQxPJ6FMOeFelSGa1wuXPogIQHDzQuXxM5fSVvNWVvzQCwSFyRBMaBaXyCtBsoRrchIBJJkFXOnRUY06LSVQkZTh61ywn0VdzuNs'),
(315, 'Lincoln', 'CPdXRRMw4681e72tNEyOYcwEBHqittbulE6RyR1DqwJIwijS7MAMyq0bxMdVJqgh7T4GKlPT8ra1GMwC50JeI4Uu0DcOAMwRs3iSBUXwYRb4zxyD6qF5UNYzAWmJiGu4U4PeXYeG0f', 'JNyL3EZBJJduBEh7vrNobZVWw4c0rtKHyQMO4rSSNPjbOyEpHH6ohMB7tP6T6M5IM1STJAiPkZyzDXyHAG6ES8hQeq5tkAcKFcGCMyMkbFnHjUOM6s7XpOnfdnZYyW58eRI8FVlnBLXrNu5YTMWwfpACg4UPOhgNWxrrqpyHKvR1M4Jp2JePBPpDpHg1eYhsgRjsTCC5I4Fn4u1VGkZyYVQmnXA'),
(316, 'Truus', 'RUGA2U6kIqyfHtK3TeesIZTDeVNNarDqyubGwWhgTvy71nKJSftN4OprHASF10m16PtWC1lV2YwYL8pbLwGZk3GxzhDWVerWWwrNT5Guptq1v7ApCUpr6M8DVsVhMxlBSwdP8ts38ZjY4hWnbcELZSQByViWNlKyaK7mT3uAfsyhQT3A3SuDMCAzQIJNUgGDALn1Xn4f4i0z4arvQ5oU6aWhg1GUJdb1efum5LUWvh8ccQXYGYgyg0hbuhhpw', '2mcNlnDvySel'),
(317, 'Andrea', 'FkL4uqSMjaAu1sBDpcyquXLr4riGAwSHGQRJ2PyguZWmPaKzHTHYIHXUxXTd3avagbm826rOhQeqWLQ5pSa6', 'MzNMXcEtIy8pmKpJxRtDn6d2bUFyA3Tu4301Pfcv3SKiUbHIR40Jei5IJS44yiWjdSQzq3vjyMlMIjaQDR4jeVBkfnJyUCffQugTyAGR3Vi6qtneU1pGzYeiOHh5oXmL1DMfpZy3dU1whkjLRvzHudYkllkVNJZkz8XLVseSN'),
(318, 'Elin', 'DvhNSkMyTMtZjrg14viyyyPzJ0eD3FwdgfufWgLwBlK2HWETIdxmq7nCkEBOzOxfzn0BXaePZW6Xbou8NDT3FxqluwjfYETrjxxrJWcu1PrXECzD4FPNkqT3doISmj8QQaaUd20BfdI7pwvr3emA5vSUuXubp4cQoBNwM3lNkoko3AAkVvFVlkD8LrLB', 'vdUD5D'),
(319, 'Katharina', 'bwaqWEAmsnZA6KiVsm7UEYNIOgPoeHGTK2ZXQDcIUjhh23mT6nucL4qWYg1Bk7wdNmcnLSevcXqF8bHgeF1UVJIFaewVJjZYpHFfaS5onUAF3reYbKFM55zkPAup8szTFjg73i8cWkewqLZPQBHTDyBGC4Y3JalqCWO0l8LJl0HIQqfzsHasH1ocXuueuTQUI88UevvrZyk5uzqvuFpeibyrDlrTghPxmkCuwCZTA6wMH4Vrg', 'OFgerLWX8p3bXzWjrpEqvxHTQ1D3QntpgeDIiYlV30KDiioRMHVfzt0BEApd1pGh2Ki85ZlNab7P6yIwtpZ3nv7yWUdOgLOPaDBX28IxOYBFJggAUTz08p4SyaOICkMvIpyP4qd0j3tr3zkE6uLdoUAKT3JP2GymmaOTG'),
(320, 'Taylor', 'rBhQ2zCkW2CUmIV3Nsp20ynniy7p1vzxDoojrCZc80VRlIECWrfdRtLnmLzqm4opvSiXhjuyyf4F5ygoacnnlFDd0nmPs1Xyo6KMe5vG', 'fzzBCr7GC4trCXROr5OYn6x3jbfBtNKNeFuH0wfDnqIkIWbfI82yzJiJtIcXtQmcJ7MDhE23FX4vsXPuD'),
(321, 'Cristina', '5yoKAjPR4TNEfi1DiE38bblyTuTlr4W0mBGxBoBAarnrkax03GyYeNJDKCtfU5cLsf1zPvTEdOd2rIBarH4U4D37M3JAYyCRgLU3hq2SUwqhOMfEq5IrpV5jAjgoAJob3zDQhOsxTIzMmP23ROzs5KGERVho54hw1HcfrMRHknj6MiH7OjX8Pd7gMAexl1mdyyuAji2Y37CcSZBzGQDOm', 'GeM0Oe7Yvq2UE4TwEbdBmcyFe6Rr0w2eYuR7Ur1KlV3IhPYOsGBAEZs0TyuBATI4hmPQzJEf1dinE5ipqRga40Wc0h2qfo7EUZB1wVNHsyN4lmaSMLCE'),
(322, 'Mads', '65asPUkyNQwADyQKIDCAFFamGoYrSSUsvb64awYI05jjvqrl1THsUKHbDz11JMaD6kfVtF4H4INBpHy6AAxTC3GCsuGvNUfjIanz7kDJ4pae5zQProGT8GuwU3ATDgaqUQbv1WeMMyXUIjJ', 'fgebyejF5Wx8AAhk3vYqphKxXr7GPwd2AMkFvZIuC2Yl7QxqfaPSRRmQVoaYTf65k1FemoP5RXKJ3JyGS2MB1OonaMF8PAHK7t2IofsGIwWszECdBUqTGOrIfqGK4yCH4iaEBAmNO7sI87Eui3fBYs'),
(323, 'Nicky', 'k5miELbB6Oix8OT7dznzTP0bnBudmXgUMjtb8', 'zDTMM5Aw1JdsQNzBnIuNKxJj1qmrZQrnoaUk1v1YsOmeGoGzdSjUIsqcE6DZTqude6Dis7vjjdKCcuS2upTzS6zhfLapcUvV7r5Ehz8ysgyHXziWFf8Tlo62UJVTkl52Aqdz6z5EsjPnup1ttnRjTTUB8hvbdjJbf5JPFtCYL8cqYZT8zXcZIeqdQ'),
(324, 'Saskia', 'Mwhnx3Qzwiqb8EeS4ywxUe5T1drJ2MNugIXA2nAYcHX6kjiFw4DFfPemIKtsxWHccPuHbptcu7kwQs4NT8qWG8KdUX5WFF1LvMv0hxwmZfCWiTaP7jvGFeiYETJZPy1QMecsiXy4DqJQHGOREJH7ua4O2YLHYOpBZBHYJeWDqmXEeb2ybiF3tOzsj0SdToghnZKO1mN2867m', 'T1iTvV0Zr8Z3qhUa8DdInO0H0nGSDAEjixzqfvqRhsfq6Cl2A0hxlpXhw3nXMoyjYwYEmmcXnSaJtPnOOTqg1oQ3lSgjTmizaCFMDLCsRUK7gvtBZyadI54tXgBB3RLAVnJRYM5YsKIJXt20agUTHZexdtb62Fn2hZZoDicH1Q6Hm1XOyY6MPURmt3ZdHR5HFF56IDxHFTVPnh4E6Obk'),
(325, 'Milan', 'KsPr', '351TwlqYQXgrLjdT5m73Km8NlXHyDSztx15UFJJCTJOYphbtfO8AyzWnXQVZ3XeISeeM4UDuWC8UbVnoC'),
(326, 'Lea', 'grLAj4HcHlzt2CYMP0LJ7qcHLrCt0NecxG3iHmOaHfjCBXVhaun03fZIA3VB7T1qXDzH6jpVnhceAnMWm40eIAskWNaTBV2GZxSwU3QIly5jivy3nkSgP84xbB3UjSRSCXGM1pxRHOovBjblALnnVGu3btJNM', 'RTKOO1OdZTGJCCJDrFZRoIej0wg27MS5aoX8O3hFYpsAvmnC1p6v5GgNjbIKMUsHzHnqaHDRE1eUiCrwrcF3pBnBcUXouxVRoYRoe7YtxVM36NEYlwOfzqF8yLp2zjfJhkaAtSVsNNqkTe5kZsVtpzuSmwBMHB1OB56gcnm8ADVcyWnl6pZ2ABejfgGqo7GfcGGUp'),
(327, 'Daniela', 'wkHz4LIzn8YpLBAC5x5RUzzpK22QAqX2gWpR8anBkzyyhiZKeOEMJU0W43vXfPer5AeeGMORO374MymxzF4o6MafJzrWCC3a0dtIs1yOC', 'ObQELs5kdD18cLKTfSxLfPuJCW6oP1k1RUGs'),
(328, 'Saskia', 'Ro4ban6MOkbZPJ4KsWm5YpiVbQSLCW1f0VYlHgi6Z5xANg4t8NqyYaxkjIpJHAy4QMutmcWuDfyzrwagBtvVVpv18QTW3sD14XGkYjuNWl8c0qS0kWtClXMHTCbcF8ZwWe1zgkZlbNSEYkfJYoWIoz6nFHZyJ7FbYyfcqxYhR2BX1s8U4kAYU4czsJNJIzPywj4Wnyo8GeHGTg4lb8b10zhjZ1uYjmVzj47Ey2CmZ', 'A5Iar5uzQDF8cJNJcdSBAl4zou30a8ErdJN3bULhoGIt2P0rPX7zjmrJ601KOXmkmzCP8akZ'),
(329, 'Sergio', 'vRSIobuUc4urofLut6JculnOUI5yoZ6ueXZL0RWamVWLweTqCXN736STVxkOotJvFfu1yFEGTcD85hyPbqZbuRZY5Ja5QOxAQB5lNDgzTpqYU1uFQkZ71DXv8PGJSquBKgy44SuCee5wN530D1FFhU4yPi4zFy8Ne2Mdoj', 'qz8MzgbSLXXX5fMJteHtn3TXlw0rsuG2xdfykOyyPNF55SF1wkNlFo13JW4yYvbMxgiu2q5wU25OzoWRq3lZVRBXcjACmcQ6qYxzspLNOgKEzQhNcuyDHWBxbYyUFvh5D1Fdk7fHTgVtCwRWCLcpd8vECmkgAFCKCJysb0iY5nHjukedlz'),
(330, 'Lincoln', 'cm6ZllBzshvTQy1VCUiyvmORjUjal758dQ5TAH7J7dMCNZQRVaMMrynGM57LmRSB2uG0uaCBevRkPqnC0lNrivXg7PbTJkEhF6WJiU5DrUqrS2PdU0DLYz7dcQfcWQGAXNIHLH', 'DkzAxaqezcpLF8dywlcDEcSAoDwas2FLBOz2HND8Gq4IxpvBJHtgjbsMdHaWQxGzGz672RH2BhhRiWxIX6gyQ2odiEzUxHwafUObenKbv2D1yuZEgovJ4YtHgA4EAcfYwXvuEi3k4M5qtgnbG03e7fkW4CBjKO0lupRPCOiHuyRoGLgMukoIrxF4IZs43mHptE3ZN3BVIG2Ehzztodjy3RKKYvGvdVAm8'),
(331, 'Nico', '3CZyu3Lfo7P0e14n8OSHSfOhWvEDoEOs2q3LhME5hL4dv2mTezwvFyccw457rSKT6sDiird12dO1mciQWJchqPVL1sG3FrQrBgWlZflheVOTg0a85YUWiprILfV4e6clSbd6mtdJHZCNP', 'sBD1NHShbbkMmAu7HA8tunAxQfLq4B3fmQiyMxzbtdsJbHmkaaqwFP7XAsrlIRn4GkWBURfrIzrumwdAsadgHinybQRoqr3mzKo1iXAChTndwHEyFSU8ng7iOuVCT082v3iEgRMuZ0Z3OC0UrbQCjM6'),
(332, 'Ruth', 'VKhev5ixqN5ZSSIG3O1fFXoYzVmpQ1WEE4cRfLxc7yw5LZKJIgUwKhGHy55dabbiWrDTaqkiLgDvtjpFuprVIynCkHJ11nk8YLQAusj4ww64UWTvgSQd1CiFbghw888fXENitcySUHRMAKzBw2vCOTpJZzEXPRbwXZJfjjrFN15HQKk76fcBDpk1SrEPnvcLbrF1wQ7wxLczMlw72XFEdl1ZotDjVcVL6Ct4XrfxQN67hOs7rF', 'KIjXQvmS5XcDWajiqiwDZzdzsZLWgi7qbiezGgAzr8WVRuNKPN4AwixdNejYyuXmuRzQ'),
(333, 'Ted', 'P4mK8fmjZI7Cy8R1pJyRMu5mqBczYTR7X3i3T36TdtlqTfeWtiTyx3j3DkmTKmvaw6AiGV1rbRYG0faG4t2RBHGZOHn8XFnAHrDIQ3eAQCmrSQ5s8nR6OaZUDAj5pufFYWlt3h', 'abKDFMV7SehXQeogjDWBAuh6PZFeaE03skVOqnCYbkwIW5n6lxcDbUynOrmA6AZJRikY2Cvc1ccegoLCQWgoMtu1FOBegrq4j'),
(334, 'Truus', 'OoftMzvaKDZ6FBSCDHekkC2oBbCHMohTGCD2603Gnuw2A6WnaJRpoCe6AR32CylAI7', 'vfU6lgVTmXMUxJ2uCTbUuTfCKiTK3B8GIZhwVKWMvlCbO6vvJqdlK357kcpjT0jD8fN8iSR6DYREVYbn73LLuYAfZwfFk4bxC25jIu57uLtdOCzes7vJ6nBEgChT1yedTDfGODYpJve8i7KMEDmTp4M25caWJhinjNuE88Urx6k'),
(335, 'Daan', 'agemVe20VAMwTcr2iAXJTqn0k5v5ru7UhLSpwltTeS2JiTBmhS05gpGR7vqTxoJC5iscWpLCwrBaoLs7wQ3GaK2WNry7YETICYopZE6GQXIGSOSwGR3qeZsP636cQII6io', 'hs7cvkpzWS1WVszYHapywCQuD7g30dnyNDk4n5bWXx8ekEFy2WVAitNkNiLH3wCzST5pYepO2rPDjdlHxxcaI30Qq3JBTQ7bNBc6ZS1QouJEj2hyj0EKsKwGaEilXpZpdo'),
(336, 'Nicoline', 'v8IwV2BZO3DCQHAPffnxQqmrFHtd8GYz6BNId3VPhQJ4y8aAyTK7MBn40xqN8uU8zrrnHZ0yiQNmwOQwR6czYhhKNzC8EV0TUtopAeFkCCANUZOPnxzcIZUfVAZbhSce7EHDzUdsAiHWQTDQrGjsyMgaXwmbDtXhhg2Ngw4LG52kezPd6xTsjiJdWgW', 'EdZjjGF5XmSN3Pdqfzh82t64hhJ7m'),
(337, 'Taylor', 'cyDBSovEbkFRx5pLwlpvl03dpf8ct4VBPbPmllzRChCyrfGHQstOoadENcsfwePowLM0VQVR4i3WX31Eeh3x4nHAu0ZslPrVPwCvqTm30vj3p7EScntuOczyb7DAbiqo0HzqzHuBCQif3iMCPrIpnpYuf3', 'oDwtDpSqVUEi3iMBIFNxCSa1Hfp5nb6C4nnH3Yl4A5SyIYuCQ4crOusfZk8Pm0cnmquiZSGCdhi4LCZUVzK3fctkzlUBdMnyTHNTe3fVgFj0t7lG5hHK6bzvjn5hEJbgWF6X0Y4NkCAR0lcMDdVws33vzfG5IwFl3tGFbgzkVK2KqfQN3UvlbbvJiNcamARV4r3C5Dbpr8jXrvpnzPRCd3LmsJqALWkc6GbIq4JwxSwf'),
(338, 'Emma', 'oYKG7IWcUu7MBdKLvFB4PddelwKeC6l77uvqWUrf08ZGjll1pELBLMjDX1fomfVKzh6NlWtXjBZeiYwRqFlhNcuwa2ZjeUNkNuIhF2Z403wlnVtcviUuGELko7thtXocp0OnbgmvgfPfbWjRD1NfXZxoZI1', 'apiX8VMcdKPmUglrSuuigq5nWPgrGGLgjdMSelDtUv0obw4E3JFFGGtcXs1sw5tiOV5oqMUPOyel5hiScRHJbuCC'),
(339, 'Mikkel', '0bRAjAYuCNS3IZkPex2pmykyPu1SqzbL4dhvOL0FkcDiuRnb4mmUj4zQv1DSuAHf648SyrPjtABa6PQ02QdV8DxVZhdOViID6Y4jMI5pvS4BzMDdh3T2VaEZ7FyqgQ0zuDCMZDRVtKX2Z7wQYpqvC5isrL0A4', 'zWHFVQAd7wJvolsHnnli8v6V8bIlyqXaztiFLHuPR8mk1twAcCcYgPfr83KQxeevt8em0NMPzdqcNh7latOH8kxTcFncfOR1Y3im7KkmyW5FNqsc7SqLtc6zYMoTxTi8nkg0vKCVD1lRXIagAP0QCdHdhetIx2E3dRmS1BS0t6VcTd0nH5mk604jUiqxMNcNsDXkMP2gVTB76cIhAUaT43ruDzv4YEe1vKApyiJ5QDxhrE4pY8K5OUkLyohP'),
(340, 'Andrew', 'aiUIzf8a3U5VwlLtumx', 'CghELFKRcXi8CAfCTfW8b4EXaQ3VUjXdkG0rmCIYroQSklC0MTMRBIEGJaPxy7hmfhVdhU4VzOLQTsjydfyrCjG5pfJReG8cCJ8bwLEpNiKqDiIAPaDXVmwxVYktwE8BjQ2GmH8VNysqj7gzt0nagXV7QscryR8niUQHqiGsj61inIJe6T0TvUThPO2mGKTO40yFhk'),
(341, 'Mariska', 'HbPanPuvFw8Rcn26ca8jOoVPm3MvYBg8lhuweVxZJrkWgTqiIZJC', 'K4U'),
(342, 'Maggie', 'dfrVKr5HjFEMumV4Zz7QssIhraAlKvuBsp7NTfy52rgcNTXF2Abf71mVsVzZKBWdlJx3wS2UNbk0L1P7Cxdvdh0XaeO0kRVWS6rTeLyp5B63Cxvz6seBqLdGabuvYXAAJS4UTbyJiS57JmcMRbn5L8mjjbu8l4mcA6FnGH6jgovEwI6v5LHDquiIGHivj86s4VN3tucafVLCq6JWWAaaZWPDT8yuB3yhVP5xRWD58u', 'gJJhxS6wxiLH26uvXicBvNlcQ5NLhRFgi2GQ8PxxzI673h1GMi3gupUzvVHkrFtxHpOde70eVLUDQPkuNY5GLWQwBPCUWRikuN5G08fq1DuEQsxsoXHTa1LRNsgcX6SUUqseYjJ7iRK5uzpMiuokiuZD7JRkUyQ4tIRKXeiOPCJaVg2ziIaX5vvljRkYE1OKXy0dtq6kKjL1usNxmMYLJvrfodKNYvrTDeaaSbaOE7BQNYl'),
(343, 'Giel', 'TFaoc07TXsHVSwlAUimh3bJddj24RLAX04fCentLxWsGHJIAUd1P1L2XYC3A', 'Spi5IoXL32SvArFFxwTJXD0q6dQKlXgLY0nAYz8aiLQI8HTSz3uY73yDmD72pQWHyvHnDleJmL2MvraJtBssMr5U6qOm8EwJtG3KACdyZ7sYB0BqoG'),
(344, 'Magnus', 'aABeyi12Ci6ojdtG1OEJAn4eHvZKyMFMDpV80S7dBhEQOXrpVDUvy0sdJYP7SuzuJUJL28WTLv673ULBRtCQ1rYe23e5EPyVHF7inKjfESedvo1r5pzCfF1NFLyNRBR6LI1Ost5qlXYOrYku7g6B5iLpF04NIL8nVEk5AlcM1jQUarG1sMdmQ', '6N4C1aGSeKHLNGPR14us8A7YGueHhwJj26NFIy3drh8MCHHAxLhfSfMw4jMYwPlnx3egJMmPvidmam6I8q5Z46dpwAHloYcbIlO6lKnfkfPgLMoyAXrLClOBRoYo3NSagwZ2I6sqrafd1QW2lj1BsBTxXFijc8xFIghLM2if1nycKaLTXt7hneJmxHyed8QUyctBZNHT5y42yAncr7h8MI3sOIM62cxE4yUieub'),
(345, 'Leo', 'azpUJQCLr6Oa64uClFJUut8ObjkXt0MivKAhwQwXGDafMJtlNPe8VjTqEjOttVaxozMdDYsAvsDr0pvvJI', 'XTyxDBM0bY6i5LgDeyQjprMW3AbFpklbiCzHcaDZlCsj1ov1tREaX1oKhZT60ZnHqLkDEOOvDjQFqpQScmYHhd6sL7ZCI7gpe64pCj6PbnGDalq8FwwR0KTkf4n3kFrlSALoY0QMCF7qp2Rxn2eilclwCcNAud1XLkCxvi4jfWI5K8eiXfstZlfuG4TW6NSksaKmEpLAxjPqTmX4PDFHVwQBvn3RXT5NQ5V2mkmf'),
(346, 'Mart', 'mpsCYRQxssIhRoIYHun5QmSCBgho5st7WKvE7HPqsKY8dHywRyGGmhDbpZRAIo60oWAOJU81IkGRXGrKuSv3iJq7BFtCNnqNeEvqwdzFVBWhF7XbcjgLUdejzemiK41QVjpQp86P8uLyLoHNaq53YnKIV4v', 'mlmftBxktx7mBMMtizR1UsiqXrHO5shsUXDCJxzXGBpWYSPTczybUUbvZtcPrSNt7sVJY'),
(347, 'Oliver', 'VIo7W32d7dPPazsgrNRCm71zb4ycSEONohdDLvrbcBsjouJf5pECboYb07S5oPBMhu7qu3xkLH1Dpd5ZFLcNlP8aYqPQ35aFmhD', '4r1TYP8nowggOcSuY1FgSfn0AK1xFHm6e6LyxFOE88keMGMU1dKDJaaT2sP8ZsVMVlNOoxg6GHsRnaCKCzzNUKPBEGzGfmleym61tQjayJnV4pz4uUWCfewEwITcQNG4zi0WSeDFhZVf0ZRshXeMrJExlc57WZKFn2ioWA1tuSD4W'),
(348, 'Jody', 'fpT12GYPRwD1QihQ8ZZfjO2dnGiOqFmYmgCDf2HSa5wMOrz7RxkIDf7EX5gSOd2i3Wj1P1KY3Mj1dFLAzAHvQ3zpW66gSFC1TkaypqWNvYoxtetJWU', '0vmFmeZvhogcTKKkFD4eXQLU82oVNRAGrICewhbD0yeKMVg8ZyP8psxn7xDaJZMT2Al3cw4wGz0X6F0gOuoiR3oC175juhXJfYI8TTRNGJjk63iIiJtP2i8CAQlwrXmzXBvcowpEf8A0p4texxyMoYCARsHaFKxqim0vSpeQo7727Ljm85s'),
(349, 'Steven', '7cThKVkidSqBXnV2DlhPzhS8rV3N2SxbSDBwEsV1iBifHDDAmyAyKyu3cgvmq1auZT8kVu3E8rKDEml7GOoAL1jSXKggOCqo02U4ePJIr5Xg26R4Z3KE5VBroNTHzc5QJXqgTQw5kDCyaHfqfzam0XkneXL7W', 'ESprt2mgFAzL4p7h0v0qWO6Tt4KiylPez2vZR56ltSUWMkbHuMSfAQFWneuizHMASdDNr0jZJg6QMdqa61JdJ2k1kk3mKtZHCrTkGEEmKNv1CI0fCAWd6hdZAnRgaklGPSJakwS6p4hYrMnPgLETSsJMwa1kar7syJoR7oHC0aXOHTPkxGUbwX8JyD1VZ6GaZZ7l0MDqIbCXhBCSbnDaAEhPp05UUYLCk1IHpYbAJR'),
(350, 'Pieter', '58BotD6sMiDPbijZKu8EXBbKo8NgGIzpRyqHvF2Cl7fTVMZdt8J3A3gEpQLbSNumsutzPbekGHr6sI5g8vPuTfeyHm2hIG4', '52fmcQdtDgokj3oFbkBkIc7Jd5e0kIayhdyPGwbIwtnSTCxZCJq5uFvmxxN4Rp3FpJVKBwVuL8CMdygbjQh02qCQXv28Dh68l225m4BpJduSU7f4Ygye6w73daNceXB81gvJQ2yo8jsxWGbhXKTBG34eUjaeNZGwGwKFpJnTLaBfXUOZ0n2LJUCeDSn28mQ7rEBXaVBKylGfuiflsGdSub4iRR5RkiKk8HrgQfThvnmw5uAvXMZP'),
(351, 'Erik', '4YaSfpvcB08DhIfK2S3SKoUjA0uyz7K7IRNyPeHLXppfHEuAFlpRuVwPMgnRsmD3VzJblqRwjoodr6w1P0A5oqxuDExqeNkRNjevGK3oXjghPxgdKB0zjOhu8edTexxneFjxMI1icOj31ilBlLPz6wv4G52', 'BbV7qCN4eKps0TFDwioFCsYePGuttK0kbF7fI7hsxozDMivLOm7gCXR8EPLfxciZlyYZDSoOVUN6Y68QTcbVptbw4SzplQlYY4mBEef1Eb1XBtG0jYho5LfWdvCVTqP2EG7cWDfcl4PVveowCCBXmbq3Rf0fpFKuwwN1aVqAgpM6U4HBvjAXwH4'),
(352, 'Mads', 'liFhErdTe3PR3YSoMvjccdqMnR4mkaPGY6QnrYsJ8IlcWKV0UL4PmplEMHSE1wrLISt7US5MmcT8BL4aUzgGXOg6YL1gp1piBusqOmfDphlMEHaV3cFZUrkESEm80aENUxPjkOHajIQY3MyER1XJmMBDSuYdHmwXFwodbzMuuNkMATFV1XlyIGwTfpaUbgdV4H48eEpWkq2NrrsbQJspG3tAEW51ZlBZNJaT5m6KHv5KC8QVk', 'b16E63OsuzYnwnDgajzoEMmTK3xMUUxJy5o0S1tMUiYxmRbxmS4pXh4ls'),
(353, 'Bram', 'h8ehlPJRsNcChLCUe4J0MIE7SMB1e5ty4JZWezgLulJLA18bY5FSWzUjdDBshf2', 'D7qoC0xpMSKhxXF4Ms58DSsrd1wy01B4gTojp6EIggA5k0NwoVitZRYpRhHryWhoJvnIJQNfHIyDAf0YGlHL4il0RzQVTt2HwwwTJxz7oCzELAfzLStOd'),
(354, 'Matthijs', 'wdUQx7O', 'gzxscxXTpst1VTxDzJwJ7vy27hfg4KxxWZIwoAwJS4TMlqW8Qeh3urTBPCD2ujRE8OxSFjI1Ky5K2LAmSzve2CVvsO01HYLmOyJ7m82Cc7hQZQefVi0zwB20L36iJDn00XriChXC4moWlhL'),
(355, 'Ester', 'sP74jClPLVwTpUGDrg8Bx8qz1aSkAggwhBaMpFmHTsQJ5Z1PUWEvvAhqb0gHjXyrsseLfVPWlVDipzBENkntjHe2IPiKzpDe5ZFcyG50Zfb3za4yHKAk0YPEYAW2d2pqT4wgd0lvy32Eh13d2iVaLUVHty5wGof87UoDNyd6ygBWpDFSzkLDzhzrUyKuCFItYB6AyhMipmgXTkfp5xex1bRONUvR5Nulbzx51xa3fDZAul', 'DCMcZTZkXWk3J4Z8V1yih7TBBB1vQiBj46ZgtulRHWe0AXyASQRu06ey2etI7wA40FvsjEdY0RmplMdQ4Tkr1fbeKAeddDrVcomJyiGTvV4dp3ekMFFFpwyQvZRZvtfqjXwseTylNp7NBqfyYYoIvQ3Jmx77qBC0U6GrbBwWk7NvpTwqiNKc2xF68Cwa2DtMrfjApoidmdGPvyxnMcHD3EcyKy6ytFrHVotiacfYlbOF0BH'),
(356, 'Ricardo', '7C1ccuFLNy2MxxlKcC1qshwDSRhcwhtWDoP4mg0HoIgNQsNXDWe7axuUSjYVQ1uXvjoyNiKZVvdNrEI5XUZaHKBKFFqme8tyje4tDx1StTv7FLwhF0uR3L3cOjZKdJbHICk2KOHR2XKF5i7KjJsU340aVDdWPXSVQoEkZGftJ0HRrEzvGF6JY6MbxpzFsIUXjdLBhSjDUmsbbffh6KnamSLZVpEAxyo1TQ', 'ZPYk2e4AUHR7Wbxm0o0yTlBTMJwAWPHop4FEomCKbq7awsl1EqXdQDdHfhHxNi'),
(357, 'Duncan', '0jnHiQgNACrYtCVAWsUrMylCNz85bZPmWEzYpWRSsKC7LIbxwJIxTP878UIdEd2MkpthrmPkb0XJierNsclQXOq4c1PiElILTNY1pMEWGSxwv0aZJVQWQuqLCD53C3x86NAuk', '8sBHnUFGEKtUZp2MY5QQo7MqWEcjnxBw1e0uI7ofyzAMpr877PLgx5yDT8rpdDAJX7ujqlwcPux2LvulHtczlA53QzljvNrGoQiMSJT7MIyFG8pa0bglE72wFp8hQQtcmzL02YBrdyW1lUUIANSu4lmj1p2IrDyK26qH7csJboXdpka62j5qc888k7WWrcqzZpc7D62wQwpiNkUES67S');
INSERT INTO `auth` (`auth_id`, `pwd`, `secret_answer`, `secret_question`) VALUES
(358, 'Carolina', 'pSna3tbfzxtavCkxag1rT0ygOVIDLNdsmGajzvuU7WBK5b8FzHPTQI0OZscEE4hIzL3XQyEzE6N3hTEkFHBIbisntEIyLWUqmEztV0MzCX1bKyrNEZdvYxjOeeDAxc5qzDTPLtL4WkPdqTLyubMtVCmPH42UcNraOe7FkwVzRPR2', 'cie3doL22uJUHO0uEtvVAPIxXBk'),
(359, 'Louise', 'qnfFR2h24xz36NGECrfpVDSkFURfLnnEQaNHLeThQ3l2LDS7YwIuLgHaVByiA1', 'q8rJunuryjxMXlQTIHtg17ASvyYkeGHyfZnNMJ0zcQYKhKk2etrGxlmuu8C8bhQUwK8TfQcLezjW3p554cdYJyUNHzF1v1Tv3LelMtXLgJnvi30hgygLRnqRWzivea5f6PgqGZUXuLDYiWa8PZzRI2iV0PsGk2YkN3XJ6ahl0wGZ5bZBsGrhu1xEWpZZB8FdZhpZlZCMMToFEmp2VyIXFczkNnHxoRIpUtTZGYi2QT'),
(360, 'Sally', 'vEF5Xok8e177GoB5GSe1PGkOkpY6uCZJdUdpw0jgWKvxKY4BOHLOMhEvX6vPmW50zXRjyo37vZCoMoL7MsM516WI81cz8eHX3E0UeCueDRHf564gbLnkBXuVfTkLUWnB6ymHIRsEbyVbwloaMurcc', 'LwetdnN6Qfcf4qNM5Pob8Rp57tKsdnXuyWxRc4Zku4KI1kLlS7JBbvRq7ecw4j2unUcfd3dTKGP6ENDh3RsQh3hqD64V8gfyceSQb8hrQ4gEIWY56hu7u7X1bmbM3oLUr6w6ZB7MR71'),
(361, 'Eleanor', 'T6TvGgMFTb3FNAA0zqXuUVsveUy6BEmcNe7dxJqVbSBCzaJXFhqYxEfRcdQ7gVAcCYl7f5iGO6FtMP0dRsbCi3XOml4UVUhWhGkDRCEI8t3Brp8ELp4N8zsl6h6FBoorFcDPPl88SDRdQwuAVtYtjdTUJYbhv2rk2q6Kd5jJQmAnauvjPn6zUWlxbJbgz4w4', 'HLzcERPQk3Ijfu4Id53Gd3qZnOEkspYy5xdj8TVFaEKW8ZGDoeOX8gqOv2LSELhW8rPW4VGrtJ3jN1lznJRhGMqFnXXTcotEP'),
(362, 'Amber', 'HqYJXumi6wgvOVlcCc34Zv4lBk6ADex8qcW', 'CmMlAHJt3KthhPzNLgIqhUMo4l2ZLx7RsjPx7JhvxypX1pYqbeaEhsGZ2NImnJplu6SeJ0y0bWA2ugF6A2ZjwpcoOKwU2YKEA3xfrZE3u4kuGlEbd7A4IdrZTA5qka5UBAYDdXNUrsrxUobsyIQ4O38LXJCg6bMh1Oz68oZRz'),
(363, 'Marek', '662WWp8vGPFA36M6uIdwO6El1t64dRJYVEecYlJ3IMHvMpbZ26qZFdwm6NugNGfjoNxn1Es52Qe8CqlxvxY20Vq7VWzGfRtgJu5PfAeX8uDkGSiCLiLwZ6kZ11oc4tBHJAkRYS3wtEsfpF6eGqwlu1MBHC6', 'duAXZ3ibNUUBcNf0ShU7j7uO2BGJSF6LqZaY51PoUlZI6luEuiyzig6hj71krKdnqHN10Aylu6nu8LtnvWTJgk6EDFF2x7IjOuRHEWnelYYKTCid25aDu2X6OuhsLsHsXZAFgyApr8i8RNiYM'),
(364, 'Ulla', 'IGtvyNFegE1iocMdctmuuTWx53wXouM6Kji', '3QPnTLcffBo5zzSG866bqHzUwgjBcCA'),
(365, 'Scott', 'OdMNFGaJx3q4BucI8PU', 'HbBgYMQURx81A25RlF68C3aEBSIixWpqJKLw51pgubnjo8cyC1QSXEBtwyqZ5FHJYRzKss0z0iOM8MBGeLgkUv0MDCXy6lFw0KvNFrwUbamVp1uSez1Vu6BKjsdmLPFcnaOqncJICmkwMEiXHUGiatVY8yrJNDcmXxbejmU0SqVwWeMlNwLvitW8xTcRqSTvIUiMZuL52c15AelNkftCrMwXlLWqgZ5LjB4TqBtttiNOy2SkBlRZCZb'),
(366, 'Jo', 'xriGgPmQ7Zs7W5Erlhz6y8yifPCBL2ikodzHjmCEAnjjnhggrujmtJ62J0OxsImUhgZMiTRCrYgaSOvm3Dp', 'byrLdO2kr4b0eNs4e7FKWTJLU5L0OWk8TA4g8NLjVpiUi8r4krLOGHWDiyuzrEHP7ZT3tAoSv6PgbtmwotFPcovlMjp6G56HziyggDbzjSDi8Z6P3vD83BU2KkmQ3WnYibnGqIViTqqNv7rd4Qx5YEisdPcVS23U5jOPLZ4EOScnduFHRCMIoJEZvojAMYrvbDelWYbETQdcWCnq6wO1W4eVZUmM51q2wx'),
(367, 'Tyler', 'q386Mt6Fz6ObK0x66bWjv236T1SiYn4ce0HEH', '5Lz7wdirvZ1pWBN6L1nLvxEMhu2yYjIdcEaEctPWlago5ZseC3X8c7INVPKaJjACja4vLBR7yiCy6otqM1qYcKmO81mYAobnJDM77nkFaQtUGLAxSrCUZbCxHrFxKfrPRyR4OtnUl2n2v7veFowOOtlUti0HGOjbngGpPhkCFdNcIqOXnk4EYeLOBehmh4'),
(368, 'Conor', 'usW5BIWGVud7CLMGgi6Q3XXq1LVkvCbroPd1DCxWJfiSNFvOvK08H4amJrdBtja85mY3r7RPGo5qIt0C5AA6EvJYr18cPjsDNgkkCvbTEQVF65Tg7LWURfo', 'i4myfxG6w7FAyb'),
(369, 'Peggy', 'fPP3f6eEbO5fSLk0E6YtEXcYSw8Z6GF8Wr67FWJU660Nnb40tFti6YEmDjwq7ei3ekvMFUhinjjY723rjDF5QjBb4qG4cOAllA8bM67WkkEVaorTVYPqVnDJlqun8EGq4xCg4fFcygtWnffcBN6HuqZdmTMHnd578XE3CYOgsN3DVQl0NtDuY0EcMoSlKmrg6y', 'ZbKOeNdiNwkpzZHfkbESoqrbpZ8F2JTk12m7vo7tBTRJu2yuwpqIajNEW55nuWoHkA4GlssQKd4NJ6DR7QbyS0TvZcI6i1rYV4g6A1ciqVKYDwSfS6dGf2I22Ljwk8zvemeCYwmkWOdHUO'),
(370, 'Jack', 'fDXizv3utn', 'z8f3IRVXY4cBnam0lyE4v6Er1Bf7cMv6UXbZin3RtkWmsA6Wcy7DWCDN1sfPsekMWiGX66Ze2ABYAYc1NbLIgWWWUTteYMQZCLHXHrQ42RB428TjZ3CXTAcrVnzyQXKizzmPFYfcPuLNOE06iHOkLG4EpuE5cFKGNHg7q4Ij2gK5mJORwX2ug43sOnNh4FShoJ3SHK5kz'),
(371, 'Ellie', 'bEZnORc8peEaROGHirhh7rzAdcpuL338ZeeXpPGQz6gKgo0ao7loinPMzQx0So0rrHlLnmrhWO6JuNTkku5bdwAAIaasJtoZBhA7Ft3VzdhmmHJ8eaFZ2VOamUmsnjcH60lMmKJ0J8TldjprxafFiAZkbgFi1VXc3MalTQqAhC63dFidIcVu6lRr1Bhv5fppR0g7MnWOHfJ72mWw', 'fMNLMd8jYRRpF4bwB0iPCZKILAcvKO8EPop5om74bnoCKwdj0XSuXHbWWnwYiWEsWBqzoKlyg1oZIqJQQ7w6Uol0xDi1BHZ0aleXCLSwSDWLC6Nag0Y4zrPjyJ5KmQ'),
(372, 'Babet', 'znRnrfq31fprAAmSfu37cEKypV17i', 'oeLdfI5833u8TBGsfxSKGj0RDHV7YzD8hdUiVLQ5suss1XaP0c4e1sojSb8tYou8yAt5vHOetILVCcMd0o3ClzmuxRYBXEl3nGwLXcvcagoH0C'),
(373, 'Jody', 'FSP2lQez0s2JsuQCXzj3', 'M37UpOI63yCTsgL3UkxGHnt5YjhH4qgmTfoUs627lFESHQ6VBEDPiiik1rTIkGXY1ni7dqtwhb1yb8IgF6V2P10StPzFG43yLOlrepgkZ'),
(374, 'Nicolas', '1eqNdDyRsihuEHotoVBvo7VyvQDbaW8C0MNmjPgmYKDUY8IHtMYgzCgwMiQcoC8SVWtlHTVmkxyDA8iHQQI14TeJ1V', 'V0Vn5l5DCjOpcl0IJJnLowFHq3HcVfrVsuzOv53DEOfZsXaG21PKZPq6GNucr7YaMBMciizYxJe87hrNsn'),
(375, 'Sammy', 'XZYFf4KglKHR2eOp8aG6GR1cNZkhnFmN7wPcvwHdEcrIz8n1xl03ezLj6DP2opvhNBi1iFvRUsy52q53uAgOQkNhDDSQ1AKGlnEz04vzO5aehATsBtGQyuPCd47b1Xn748QrhFW6JJD50vyaOPbfSiSvuej8kAqF1FhJlgOFp5VU6yWBe2i65zCU03whef0F0xDocL5KgI3EJG7PTJt4kxuMe0K71N8Ep3KIt04QxCai7aVRXY', 'GjQBNzAXGQViyGuoxQ5ii2zXKOCZqjVA6CUcyQfOGoFHrNA6dV8xiWsCatBcsq2C3edbsgfWefwVbG1HyXAUCSNkd3XNPYqQMDSKXATZDXLkSVbjgce4Qtylkzgod7h7cWAmnYlGeJHLNmmpu0g3TSpNFv73GuFxlJFZXeznFX6xPksfR3KuctGXz81TwsyM052pRzAoAYCe7LXVcEGlnvS7e1732oc'),
(376, 'Javier', 'erlhIA7CcRYSHpDqB4TtYbxvDW5bbuqAdIeLwi60TPuFGdq8A55NPXASASqi85Dv7nQDimulwK0HKKPoLMeyZ4YNw4kkOkc5fzXGli', 'kCDU2TkTYYvbcfmCM67STlUCZuPTOtdJCRkP6jYcEU4NyxgejgYP7718Ypslrey4YHJarNVdSLTvNTH1RAnmn4EYjfKt53O'),
(377, 'Esther', 'Lya1OEIBvBjtpTMPIGi7yzzhEn06mBmENVoGWXzfqp5c1MERWEcm7xN7np74nna88lciwX6hAEwfjsaMRyEqHc5h0E2DVk0xtdVUmRkOvcchrRnuH8OEMw8i7Yl4ABuyZkoFxVFu1e7ee8TW0XntL6Z4juyS0ZUUYQCZeRVyemipenVNKyRDoARfUHvPZfGBKKXSnf57y7hfwNI7K18QEc123lQJRL8LYj3A0OCRO2w0qJ7vdyBzKQye0ZCN', 'f762EJRQ6nFv6jZy3jkx2UAmqJtdzu1M7wMGLxFKXmKJStTQHILtOWiKiCArtxVlKEORJJ40s0gu3GBlH2ThUOkzGNP1FPEzTDeN'),
(378, 'Bob', 'KFcs8QAUbw3coTvO5TTNpWlo2YNC68BL1vkce4qx3wN36jX2YplaB1qI8PIiXi0KM62ZZrp4iXfTt1IS2JHLfAlYCl5MGoQeU16', 'GKHnXNlqlQXOUaiNnbn7fYFeF1NobdpeHr0wOMGzj2RhcaqgPxpe'),
(379, 'Jonas', 'JVR3TixOy84SAklIkscwq2N1Ssh0trskUoFKqV0dsjXdR', 'CZOnKWZn4euvfKjOC47rWUiK52MU1qKSCkhGgAfmpqY2T8YjskfR3EHryqk1sYiHopTDDLogYHVcmyfoEA2k1EKCzYF01UslGb03z5c4UICVULWlLa7x1jcYp46Umge8dtktYoVdfJsJHq3urmMnkE3AFvpxTyWEFmyDdtARaXFw7k3iANkgdWBecUwso2BAMJ8tuxw5Q7DaVlmtE6WITTDScGj'),
(380, 'Marek', 'CaYKguNLxQnSoP8Zyy4NQ47BDtZgATrlfgToR4hvjnnCDZCZepN07SoIVqAiVspoqltt4vHefPdOmzk60TaKv2P2Gm8FfHUijc6QpHQItCXuwcZNOJRSTWMZNQY3WkbOmqtdBIKEI7KrANB', 'U2OXlQ'),
(381, 'John', 'GcnAHicejTYxGrKiahmOVOAUQ4cnBcIScOA2AgYm2KSBTDAScM6x3xHOlhrXitVz5FBWUPmCLd3GgiWNhitUBZtDE6eim4Q6zlvTb7yYOui1NCxv3Dg11zjRSB0Z7OKkpccLAi6jQjaYxfgDdqFAaEsoZax4iy2N7CUmhD45VifS2WoBVroWgTf3arW8j4o2iKbj5wbKbXPgH24VdKlHh', 'sxPpvg45AUVmyP1Fuwj3BRqxRlCtme70ng5XTwGbcO7jYi0BbOM7GQf6SVHcE0JhPKOVQJo2WPTMjdfG4xN4rdCvyR33o4xD5uu17DrE26eVDS3k4IlEp4aYDckgNIcXieYfifhISVt6OHQS7KDMlXwX4aRq'),
(382, 'Rachel', 'BkfnyHy0A4Uq5kBj2RaPUeyNq0PW67lxcLBxRXk6rBTfX3KL6FefrAgx15dTwtbZaU1jDDl6HCz1Yem51KO2OZZRQOxxNbrorq21Nr7lPVXpwyKkRadsZxZQDDQBxygQbcXyGRlE6hU82PyGa', 'N4D2DWQW5RcIUeyJ1py7U4y3ziAaCY41CdPU6X2ZkLEgg2J8wYbgtax2KwmGHXzO0bjeYSsPVDaBbQzoT5iSILoXl5Ewn0TFxyJNjjYRCyKqJSD3eQgiVu7Q'),
(383, 'Robert', 'HzkVpe1fd7mealEXdZO505Bj7vN0EgpGMVxwAFG4EazdOlyePyiv2NQ74D4Uj1xCINkOKszDRXAyioBuDdfQu7qb7NRLiEUIf3O44l1wOLwqb1L23WvoTLtUbTaq0TytiJkplU0rcKAx754o0jVeFlDVK0M8vMzsx8lCmkg7N5YmPanlKkQaJNuXMZYlGVWRXKp0R0WgzcaD6CoSIj6iblmk8SEOX8Jxp5t7h', 'cAQRab6btyktG78S3UKPoQBYs3r18gtgjyoYxtU6tRDCSznOv02msPeVrt23Pg0tq7LkGiF47vaUPkyNy7KTTJLGxY2Taui3CNNhv8nrOwjF7Ty5XVL2uEhbtHtk'),
(384, 'Julie', '4RkQbY0i6UOYaA7iwnUYVjlSrUdZxrlU5QG2GMCqI2JH26WVtIrPy4U0GoFJbLr3bxTIjS4uTiAizR4KwAbXpMT6JPkhXvgBtS0wo0x4aUMdoeJOfJeqVDtHBH5', 'NoZ5mPfpYhgqy2qr2GLOP1qSfTzCVSb6CmuUcEIiqur0ZlPP5RGQFwKt3cUrE4vmDGDkWbhzUvQrBkeQEN3QE6wdKJdxXAIrgTjRBlaQlDfp8XXeRiYkKvlrCKqQF7PWhHJ0piGb4oQZeqoAB6klDMx5PdMsgVe5fizLCDWbjZxnMLRrorHhrMxW5ANWFdRAW0d0TRX3P7cXxqtp7h2QcLeWq8fyoLmkiroAChkHm8aQ'),
(385, 'Mikkel', 'ubSPNHUXOeguO88khDdtSLFbiLGPSyIWX7garxiuUSWlUtApQwYcNDGf1kYsZcUZs7Bz1fjX8M', 'SrgQrkSKTGow7O3U1N4XBEapQlLHJQAAFgQetozjhZDEVHbPvxTIHSy3ywLFJMyCKbAwHhNRYvwzHpVMw4ClCDtU8QDwEDCmZwHyZNPRlYJRUvW00WEU2Edl7HxjDGx4l1JwYeNfC5PWps6ERqzVjqzvrYkbGhCyA0SGGqYThqukf3a0s1uKRyeHzYmq5ax'),
(386, 'Delphine', 'iE6fNn4a0hDzhfI3YOeYUX8tMdkZGTtW6j4ATq6ozWJ2WTcsAROZyS5KWA8fnttD5rDFqAN02JkzpGEfeHp4WT5C6iWQTyrCC2hOlgHfBYZMEDc147Chlih7HXPz', '0Exm0w5hLngq2tA6SMDYaWgg28iGe1LF5qcqelVKDCeuvXAFeuAxozNNrrsSqncdaZT2IETRzb5W85C8FAItZIcAOdlqdBNfHyiST8Bk0Svrzl63no1D0mIqp8K5KzFrBXd4wQ4NaL1JQtBVPM'),
(387, 'Samantha', 'vjTTc0VkiZfAsVvVkWvXMVdC5p6E', 'sUBsYKWm8uOUENoZOMvQLiKzJsR43MdY70hhJysvTlrIQDmDCIwHyRfXpNFeb1ZulSpTc3qefdHldLGkRwlsbdVyZjBnikkXSbm1aMi83CiE1eIbwQ8dOn4wBVhGlhWyKmav16ZIyiKaoWa3yAe5GO8qAC4wFBx3GSL5lJwBpWYilGiyK8'),
(388, 'Sammy', 'XSnkoNEpE2Tx4YDDl3eFjplYacmnfJsAyMW1jSkhGz5XhhAQ2M0JTXIed8YDkRfr03QTJ8meJNuNLHOnuuRxH4m4nwvC4JIzQ3PL63FXS83mCgGOtL0LTQC5xLvoWbpJgkyNbYQpwzJLi8fq8u3NRgfzdzzkIsfYX2r0pt7T', 'fldMKBBoeTl6mqMK1UeaQpyO8SHk7pIC56UcXor3K'),
(389, 'Leon', 'ysiVscZEFrUBlsCMAZIDhHQHvoa1KLRq24h8IDp5SFaeKYILZyQIYE035YtbywvWsiBLgWmtrmtpAm2WgNBStj1JEaaLD8VKSmM1cRSZhgmI0GJ2b4bJe5IBFtet8cclHSsZRgzuMSFGQWNLxRUirsQlUXQP6jF', 'GSxh0pUPXKc3nntvrLvBbDTETRzExhfbLTELjIKMzlvXMWf7ctHu1BsMft04rhUXNETutDCMiBHG787I0w862ublLemayOefZ0eVfTuVylIutCqXwjYZEBW3vUPWT2pyo'),
(390, 'Drew', 'KgoTaTYvOT65upAoQuipw0ziwWxdYQeSzfmhL6CXPHtxMx6REquClaNqpobRc3fcO0otEvtAHieL7UE2NMZ8AFiQi22jhGSt4b4oG8r0b', 'dAkTlv7408u62CfrpZDGk2nGcu0n7Nhgjnz02D4ogcfuRDViBuHDQDRy0e0YC41zzRbwJis5TpFm2CpA4mzsvBfFCRLO7CNT0fIgn7Vxp3'),
(391, 'Joe', 'KfFu3VjXOHi4xWNiVjLHV1HACql5GPYbhpFxSfqODajtDcLrendBvLvwCXX6kAGcb7YthJXHc3fVHuxSfE08h67gWRZijMUeGlGiWiIePhrmbtXzQ3bxYKGBwivBGDonk4', 'WanocvhbBYentQbmrPizp0zf5RZXLr0QrNcra2FxQXj4rDZGWzfSEQmW8PQ6GWx4qfXS3E1YxHRkBrtV24w8NnEGeLvIiAZQWTv2XIuyiZMFdbDINeYFuYheXOJAnf'),
(392, 'Stephen', 'Ff0KCLdK8k5Tm41GCFPO8LdgbFqEyLtc3c2GMZKOLI2I7GT0caiQrrTEKmvZioNCDhroFE3vGGsBKsv3gn6VDL8noahzXigskD3gK5Zk', 'GBUBZOAsT034rhkFpDcA8KonS51nl3yWQdgXdbKeeOC7IONZE3fUJ2pDZDK30C82BfLnylrL8ZdAB3lAy4SNMDBH2vpfenXLWgr2PqEgKeXRS4E24wEeF5JznUQfWPGs6wUKEnXD5eCoNeA2Z68t8ynm3mRUCVTiVBZHsOBtBlz3UlTRg5GabYI3Uxe'),
(393, 'Sid', 'fO2xlO5NBRVMzj42UEy4Fd0q0XMLEP80XHRNGu5oFHu5UhffscLkdSeSqHjcqvSZqsEmRZYWXjvQxDOqTRqFsa4H77nGtmY0g57oVoXVtdtquPFMzLrhFnrhrlRlCYUSElJ4psoBHnXZow3WkWGdeulrJvNligkAno4ARuWV4BeiJDGXHIpIzvMEO21tu1gYm1U0dlCFlbSwq0eXYmmp1RgEUOtQHUJsFm7ldYP7UihJ', '4qFTq4NIrlJHpwALeXD3shmCKD6OwNCRBcKrLCjD7gQjbvpuwm6Ji7PLp8'),
(394, 'Madison', 'yjzMjGbkIAw1xISCrBtS0mQfKxthzi8GxOXxVnkq3PPTIyC35pXqJbEQ3treqZFSNM35JMoXMOkph8pYNk67WZD4dUPgh6fySf8SqyBZB2b5nXOLOpMdCZPeDDPmva', '8X8AdYrl3NYqmpgRV5V5lpYaBHM2S'),
(395, 'Toon', 'nYvWKPNTX1W8fD7OtgNxfNC5v', 'nhgxZNZ6IqZUkqT7Kn2qAdrZu57kSCk5vTgY5LT3npQB775haW0Tq60fS35snSa0DBbO1IFytQ8yCGGW3nNEQ8UXjOg4GMQACqyzdzVRLR4exovqYybZnZZH8xx3FHPG3WDuBmsfYqdjek3ri48DKqMRHLaQnflxFusG0UZHDNaxtMlRz5wNn3C2lx8BZxmIiYBdVLqmjCIZbcFVjJCUC2aNVVRkfL168VRnlcifGMW7FsjkSxvmQLh'),
(396, 'Karin', '0Jwa7C4nDevcy4wqwbQxOI3IA0UfU43xcusJn', 'TrzgHa62eOQhRJUezLBaWfKL3vpI1Gh7EiHHvgluDAjcEK4E1bMppMeNohfgiKUskza21xVlvbXcFpEFFgsRiJSqT'),
(397, 'Andrew', 'M6fuDo2CkaEQ1rfkxjIFPmT0BgKNXpVYxzcGu0OysS6OMGmfZYd0vG4YA1tQpmIrpieKIrAkXrzN1bkyWYpgjICxhMdY4MbIyg8PeqXyyCnfjAaEHcgVJ60urmVWWaQvzRFENJcNaYlr74Q8tyendTWspkM8ZcV4QSgx', 'VanMRx6OaQbHJ5GQmvUSFPaEIPCbcZeVKIj1zp4jlPR1peuhZ4SnoRb3y5TOn'),
(398, 'Ronald', 'oYlY3iFg6IhoRcgeAo8OcVccqIrXJvxcewVZRQ4Yoz1cJoaSPw3essd', 'xHyz4NdXWK2sqlWL6f1oizkVW'),
(399, 'Marek', 'lUkxqiWfqVxDOnB6SNp1psrLSJHXnPxzp3UzXdwGZfvmXis4no4pnk00qN3UwYtiwJB8nuCFYYboi6TsTw6Tml0CPhJza34c1fRmh6jnbbZpjnqHmTynW6W7HiFSyOX8lFz8wYksR4MPFr', 'MjQAPiPk6Z7xH4WhWnrPzKgBkeS5kOKWDLPdtxsshkXzRPDHL4n7zGaq6vxl5yjYIrDyixndn2CeM1ctlpOGuUwjTNvo4sCtItu2lLTU7fZ5lb8pp7jhozidh2xDWAQ6adRHnnbFUeXQpYwcNNpVuxWPItz0Q5OHmQrqTPAsGaxNEOoNzZXB5hFbKqL3PSDRM'),
(400, 'Johnny', '140v87RxQiPuvdcTk2w', 'MivmVn0jzTyFKkiTuu8eTHR1UIBHSm7zxp5PRuCdV5vCmWOTCHZufIeTP32YJkLhRdO04JhckjTvcIXWRx1SZ0Cdmb6tMTg5tGpf66qZByvsz8Pi1XA8aTucLA3cMvBgi8LyEQDUiTQ3PWf3BDsrPpjmNGgf5mtP0SvfsmTtJpLoNNg0xDrt7hleVfrQBR5yH7fV26BCFs1lhcWFXTSFzqtwbm8GPSKYdOUbh4Dj1hrZWEyAY7nCYvzg'),
(401, 'Alva', 'kQ2a8gj1S543Nk3OtLY4DFkXe0EtIV47ZsZCJl2b0VThuHwVgc5H6m7GsK7SoM3gCgFlyblDZJUu7TdoYGLwgpDQARBkkZP3zBP1XX4pNCUcB2ycnOlE5LI0pXLtw8sZ6w44DQmRKU6GVarH60IB4FfCLTmVaaKqC0Iu45Pfo1dR5ZdM1gCucuz8xtRwmtMWYdXbhOT30iF7tflpnkBHJ1XxrsUrjP5xmMx4EonpX5Au1lNvzE', 'uXQSHwqu8rZyTvWRgNdKAXmxA017NrpJhJNf2ReKK6ZufBO1w14uM3qt6z4DzAAvg8Ne0LdCB53WcLFFzTrQUjA7QQAbsE6UQmXVRaBLJNJxfLrvv3tXxeQdeaaUlBggTuFbGgI3TjKFHq8yKGwz4EoNPcytqxn7cUo5vYYDaZJ8ojAhpAGA82X0PS3JscgLaWYXYPaovIUGW11MZ5lhhJKzvnzNhJE3n8K'),
(402, 'Kaylee', 'pnHOBjHwLZfNd7pmnBoewsO', 'NJvXPlTrwEn6TrZBl7h8fzbfIjdWSRK'),
(403, 'Emily', 'nQf8RrQw8QIbsjfGjfydPdQCGvsivVEu62eziadyeMtuobfWd1jFLuBM8QFltwceF5K8HamgwGetR1j1fm3nkZpYDp7CqxMlDlqXxAuOC1LP6kcZKYGARegHchy8XzQj5t8JBsxfYndKm07m2jEXot2lkcFd7xiBI05dI1aEMphm2Rp03hYKXi6mquiRYnWWk', 'EwABJDL5EmYBmSVEgAWHkiWrJCxgQgMtvgFxeyPPsxAsBXRbb17EKS5LcBOlGN04XdeqlxaNYIOS2qZ53vXciasAMsQKaWMHwHZIF5Fxzz71XSzTyfNEQizyGjczI3spCHb6sUPBgKOb7mC2Q11uI4BPtxMH4PpJ5AdvuB3NJSalHMAnL'),
(404, 'Christian', 'CveAmomAw2m6wGiioSP75MZVRE2pXwi0s0y30DnmzP7DcbzFM1JTJSGOEY', 'LpShvk7JWaoqhfFvpvVY7guoSYKXCTWZWgix8'),
(405, 'Cristian', 'DkU8Vfrjjvs0m4zO4B0SgNPWWvycEGo7H0ykiU4u8wvBw6gEo8rIikxdUQhmt0ZMXw51sPOvxL4oKpby7EEYkMo34WZL3VKzN8ome2WZCqcSikxKJ2chmcrltoq2rh8W5mHkTiXRlkPgkL0DFc5xrC1Aqu5M6JHhglYGkrvzR08zTR6', 'glQqUgrOn04LxfpN3rPW2FMTY3mmWgNO6P'),
(406, 'Mart', 'wqVWnCXqhI4fgRLvH6WBuUoxuj0hbEPgUE6eNiKbirXOAXC0VgdISK3sVIDOsPbs2aiFwuYNHCP6mRRpgNXT2k4loF6Mt4x', 'VBPr4ZzO7xOUgAPgMhU8WqNziVMY14nOJdxSrqXubrrmDRZ0jiS0xILurMR6WnRq3ltaTZ3dD0AVk1SI8hXEpQsNUzkPCIQOSfsr4Gz4Zz7N55ZSzOYFpys2Uc1M24rGZdVsAn5UuGoKWsJtbytNuNd7'),
(407, 'Javier', 'rs4IuEoDG3xRhSbXhGKU6Xptz1b0aeU4MtrXz6nexpIku8FtH1Kz6hQ00d4kmkt6E7AzvNqtqcdu1ZfCqSYgy3M3wXhyVsgIcb1bMPgPPm1oxjCDqikvKMN0N8EpOTSriNzRxWdEHBKEZactFGddi4GT7MhhEgiEANEObW0MDYmeNxjooUSDPBEK1V0rGGwmN', '15Wc65QqkLK4sINe03k3aIHNiyVz1aeJgz8LuiMjdhqbuGxRmKnnUfdREB5qAFHHkBv0L2jNDkVvcmQdNrwfoe7X1OFNQbbTM35Ny3MLOxP0PRuUHbhuQTfs4I3t5SqLNR8Tj7mTFNctZyP0HIyRDs2MZ2abqiAqsBXWaqTfrrTRaahIAXYDN0SktAxD0Qn7wOEtUycWIg30ThK8jSWI3mLSfOZ3eS1kQBhT5m2kRE4sGUX'),
(408, 'Philippa', 'iX8F3kmtOdGQEGAF7fDCvBcXKlV7NQBHHlTIEeVtl8UgcGA63QojQmX2MldrS4rTt0neWQmhzVW7x37LN3WEfVp6DSfM8FVhWpLzlDnjtCDUyHEmcAVhIHHSLc5SKgRan1xWARQj4OYt4WCORQuxlUetHiK7aYFO', 'JNkuUHrigMiV2HLFkohIUba47oMnRZMdsIYHyM7XzSIz13FS6bvTYQlXmyTrnxRi3GKcti53XyRLRheOhy0EymnWbLYEJ4qCvwsksjRQwCW2qYXt3zC6RerrlWBO7ytHwzoXCRHp7Ekv4TZuPN5OKPcAw4S6uvvKk8Ag5OsX5gok4w6q3detmVw60uU2ivHsTsbjEXgMLnTW34RUTCAvq6x3OaQdhG1'),
(409, 'Nicoline', '3s', 'B1H1PUax7rRV2S4TO1pibSOQ722Dt0Rupd1dsTl8mlsxAPsF003a7aEZ3GZp3ISCQPMuJQcaLI2rwzvibLSTWMe34DIdJdKLszuKKHofSH7kSslmcN0Qm1RbyWWeO0VkZkVrk4VpqD4JJvSiGeMd2McfFBLzS'),
(410, 'Jan', 'MyNFy4tLSqxjbAXB71Jj6cTRarvKtMu28403AAlC33LFNPrp0xLYJZ5uOq1VJjOwmGXTlKtw5hVL1MKVBwYWlWRZnxwReNXx6nWBBot3kXTlNO5J8H8OAxLfxoOzknI4D5c3AslsacMfl1LFKHP5hGUZFJg7w0UCIN', 'veG88moNQxMBgQpjsMfwNhENoh8iF8juvQXGKIRT5bRK5K4RIMsPkKpiFcIWoxpnJ3atuG12BhVKqlYgBSg2lgD2cthmKapCFUwkhOurhpJM'),
(411, 'Miriam', 'owcvE0cF78fPZJApIhp', '4APFrtRHy5EwL0ukQHjQTglmFX3oncK22OV74eNMVIIz4hDcaBdZHRHUYVOyQubam'),
(412, 'Annie', 'fqeHwDevgrkwUo7FzfOIh2VliytBLWpYZ2fI8zTxfaT6AhovOendkhEKRRxgwngiYzJ72PBHN77Lk3OUUf06Z8caOREWTu40ogFAzrARV6zoo3CA3tMjoYJ52DOMm2ou1BdisvkD6gSFHIOxwuzDvoIraphb5ReIFbPc0eeMzGYgjO62MesAHpKmswGPaief5O6oeSCJwVoTpojJ7Vm0VBZZ32WPrW0T8tOE0IgIz2oOT4uUFE7pLk8PQi', 'rmSQtP3DxNjMSG3Ksv8kRVn0j7LIlqXklwpw5agbMNiM4OYUGG45q3iyocgky7PgoTuuW1QysaWgcCtB2fHQ0acFJu1N82ekwc5WlWyrFYIVAyFhxZZnunwAw0DO0bzJ6qStEg7UY6SeaYqyr1qXaej7fDEGvklsUZRhkkt0h5MjnpFyGtMJBsW0YBkreYUe2V'),
(413, 'Kay', 'mgAcxxvUTjKTvXeFtPtzsg6Qfpz8CdSMNQ3xxvlHEjuu5s2kbP2WArljtQDvU73p1CDs3GGjiJmfZUuSEd0ba1yXAKp5e5RMp2OhVjEJif4DLMM0viogWGe3SRlrX16IG6H6CPFe7JSJbyZUESt', 'wZNECniIVmEpJ2dGXQug8esfNu2bRDdlP4y7PhW'),
(414, 'Trevor', 'iUV1pOBK8K2lneAKSVWELzMMlnJz6XICbs3p4xNGMjE38jHlhEeCov7GmlJoOhzXI1pB7cpZ8UoAfH1mYzLuKY35djVqz05qBURRLDjoCgN8AXyWNhlR6o0H7XIKUp0TjTitkbGo8wkOVXLmED2hqVt5mac1JR8L3SI0zeVyZU7ASOLMSf0iFjVM', 'Nk6WNXBSpRWdgdQAxadwVO2ckNtlIlFprhgO3ampN7Z3BmGR5MxyXskFUHWwB1DCy1B4aGBdMhwyX6bK0BZrTylcuO4TQNaBpPSSLhNkV20qcmjqYPekKhNfD4RuqWL4nImVbm11BJoOwxeWkTFk0fz2aWWBzuMo5LVBJf6'),
(415, 'Ike', 'KuxnzIOUDNLrqC1fyRfbui2MVdo2aDZOlcYx7HfYBFboa0SCtIDbMheojMb2xecXtL324mHYGrsDXKng064KJqCVcNlcj5o10RwzVB', 'JUZdVcuQRgcG8egKKteCAyA8hMo6rhquhPzHIrnB0dGwqk01BdfMJv3HKbSEX5fOhJp4ORYUowfNV12D2j4Jbgc3Yat6zOZMCIRRsL5QIkDIIhnXXOIDuz5fcorECN5aNAc5EEXlCCNlHMIWpskuwXltmEQHmmhp'),
(416, 'Kay', 'FupNSC', 'AyNNpPjZ5fLqgDMlDn3JyfBxVt2KTXnKteYBGVpdWsfA4JLycWykPWUPFpclG8DtBPnF0SWur2ErUM3lSW0tGDi5ykHVwKCUK7oOkR3w32Tvgwc3KOWoyTZscDfXV1rr2MtqW7DW2YWdVLqcolLXH38rTgWWLeOrVriA5JpNH6D4QeGYJRgQfCBfz481exlvr22akvbAHfTS3DqKQhiNIyIxcbAHUQazD2DCyXSyuaSeYLDXHos0T57'),
(417, 'Tonnie', 'oshEF5HL8sG5ZUG3WKJqa82w32D5EsHaRCJFNkFNbyjWkdINODCLcRVzLznK3L63SOCbnX4DFRhhci8z0noEgxDJraKLOYhXT1qRbBDaGaE8yopGWpmObJ8TKMh2BM7o7aIxbCzKFA7zDTa1va124S5QVz4uoQRaGrxXO2rCuNq5j0oZv2UVP87vCj0zrxrVrj5oHkla6PtTlfrNo0taDHtYQ6cWfr8JEKHbe786vfVZae6', 'uV3n5vDl2z5TlETl8bI1OMUE0ZtbxiXFPUpm6FYWO5xQuVL0SEjILJXkzC6ovFcxJtSFJwt5fqWhWKBcujhMSf8k1DZV4gAybUVwC0eq8bm6lhB'),
(418, 'Marie', 'hAJN75Pyd2yK1kkQd4qvQHah', 'PPFMCNw7oASWNPXeuNI4suEW3Pf4GdCHEaPzJDosnYC7z5tbhBlp8Q11nhGcupGRBCk1E5PXA6GNYPYrQM4Lv56iJqDHAlknIR8i8OgJG5gi8H3U4CWs4uBrMvSLshbTNvwrot2of7e2ZKn5'),
(419, 'Francisco', 'qEguzDOnGgvNrW8IVrFNinSoarhbRreHX3B3h6lSQVyiFSAoC3z4z328lQQH5jjmqfokslsia5ZY35bjUXBgZfXPLKG04FwUtUDLUrtTFeaF2r', 'uHaBnWrJUjRCW20A3nzHTTZTNjbJn5fIB6y2NckN5cgrdDgRTERAFpeKZ7at7VzWOoMDHp2wm8xgdhLQh'),
(420, 'Leo', 'H7nXGvxQTXE3POusU2QqBoZrRZf7culEse50qvQpFRxpKwVdtsU3ELCUEmlfxwWwjsxWi17sFyr2Vs', 'QG8Jw4vBNkeAxLwomuY4XwAhhrBHOelPXHP522Xa0WXU0rtkYV15pYLy82pUjVA5EQ'),
(421, 'Esther', 'fJyXW8516egMIc3nar743F0lZFbShfC70mt', 'xcf'),
(422, 'Susan', 'ST0oBwpWBICQh77nb54ahJ7CN6qiQYEV36Rkoc2BFdd1tX2g8PlJL6TynRxkS80tkF2mf0ospdnn6BJ3FDgHVFJtl4ffHy8whGnx4dfFSlyus3bZCmlcY', 'AuWrWd4YgqPucdt0zm8BA6UajH5zpc5leZnavmrgxrdtdDQrn18UNNo5qk6HUKtfGHQy43gRxBjJWOZCxY7XgEJMUBN2fM1E6KOoSFuCDPooKvFCZ7tv2YlXayZvuIf2jNEpIWL14lvIFBB'),
(423, 'Paula', 'eeHmUTNIGiUsw8aKuIYbeFBjUKyqqVRVD', 'Oe3lRSFABE07LjB3tntM1eYp7FToY0NvQI8pbF05Dye5LZxcfbeXF2yMnWfxYzNNok7qThJdRg3DoCsb2Xck52ZoAmEBr58bod6sebhAMs'),
(424, 'Georgina', 'HNedEYkZ0bGDCS67RbCcxM5IElgIdzdJNaJL4fr7CePyfsVs4rNZakVcIS8HyellN3uPH8Ksl15TscQKjh3kDfkzjdYBq1R8HqvtLIguzfBe7mCMou5ba3tD4vm8TmtjsgKfIfE1wZ0y0ZtX6Y6sVaK4eG8EozCU2aTXiMaiVQE', 'sB8F2hpT8QGkQqpFTzJdujfi8272cDAkhiOA341MBHgjaDWdajxS1XOQabnL'),
(425, 'Sam', '1dQzhHJ4OECRGMAyt7ZrIetZzUf51O2QPfyy14ZU1z58eWzkM8MFFZlob5sZKMOxALAsFljVYq25nwaQjUiik44G03FOuQQkRzxRaLlDn3HSD1xyWwdSTLy26bKLpGYhmBL1EySXPw53YNsiopVzZjJgwq8aNzyIgddv4fKXdpVjLpnLLCII1Am2OoPb8DJCnKstl35qPJMXMI2Ej6aFuZH5sBpWQlp2wXpiB2xKs0g7la1aQ5burFJgK', 'MwVWIpM7PX70L5DWHiEFBrIg3mKgQTwOxxAHgahp5lCWZIStl7PrmSORTdYbAjshNdzeV2lcLoIjZfe6M0X2JJtP4if4L3nZ8whwoIDCRXw1MU3uRZwa2RxA47wSrSqSrZDAbZP0ZJxX5Vnp6ullORgNxOTdDnRuC4Up5nyheP8vKfBTTebaRTjZ6NSvgiWdbJ8OTZLC5i3oOV'),
(426, 'Nicky', '2f7uJKDeAXJZmQGSFZ1o8cCTribQKngeb0D3UAyDymT4I1eHMc', 'FSitD6nyIuGPYCBMBP7iPz7aWGXAYVb4kMloDh5oXEuWBvW7YK8VdoFfBGhU1CkzZmmipPL6lkrNV7CjswyMqQZORpcakDrApxvMrA2QxBF0t5l2b2uDHuGYNY074Kluy0vLn6PBqy2M5id1d8oppy0Xg3mUJ0srPU6MQztLn1Odn1aiofGtYk1nqjUSsEEAupq3DbGgYZxYpyRRpCQGuHz3nhEyJmWLSVJkF1BLbqFWAawFGyP0m'),
(427, 'Filip', 'oDxb8hircRZP8cT6e4ZV1MqgdY2Ihs2mc0LfRIRChOFRDN7HveB4VJroGroyqxHJdfmC187GoacAYxuFlON6lHgxnryzq8AHZViFSKYvOw6QIvSONzpJJqw8HLhDZRHvnPnljUPyqx2BkAlfxr6LcAn1FXnVxc617PT8S6aDNCV4547TPEoT0t0xbkP2IzYcJLENRgXbhWAjvQWbKfbk1XbjN2yzNxnea3iK2jnjQ', 'RDwnI1k5ophJUpVSTBsUKjv6eQqJPMna3srzoyhsAw6Szyq6FWcjIQJGOOuMbdrKAmd3rg3ELGy5lKuMFSDyrw4VVYDCcegEUu2rdPqjlD4BIgOJ0ewZxAdwSYofOSSV7na1WWFqBxNyGRVc4ZidOVueFFvSDCVYmCKGLkxtYqvkLNyiLifA3lOnlVpuD6j4G8M46A5VWKsJvfAXE1azU55JXHRIfibXXdIbt5C'),
(428, 'Luca', 'xufKfmTIeU3GP4Q61YTY1QdwNn6eqRkeAuIm5T6G8ToTpGyPLUdsbU2eFJZNYpTPehwDrHlVb08jKFryR3DnxX4DCkumjfgawVLeMKtphuDfzVKZ', 'gQ0ywM3FLUNdIOGZib0sdlh5lQSdvnUSf7ZYaGk8a'),
(429, 'Zofia', 'hcPJjLTCEJENof8', 'AybdOGcCt3Bv4QXaRhhGmlfwLAT4Bfy0M82kTPldNNfyM7SsqlIZ2SQxUfCNzcJzvIiuVtzXnWhAY1Hsr1bMdDK8tLpuzhqmGSsJSnPL7pJc71Th2CDFHmxZrf2ICgQYkQd16761cdNeGcBT2dtFYsj2BGZjqgI54FdjGxeT2VvGkzPqTLYeHxggh4'),
(430, 'Joost', 'HMpykhadnpimY6Rm2m53fzHMqzPuMXrdZlhxaJyBGjs6LGBM16hbFxfCaNQzDNh4RWtyEXN8ZD47GZQH61tIEUCbDSPgjFt4OBqXaGhbBcZB6507aZaSWr45KATL6FYS3UFCk7amMHZx10yw1VRZbQfYU1maE', 'rHBbMS5HcjS8K6hwObC0dpfPi4yDfEsvPy1NPKco'),
(431, 'Marta', 'CBpOEMp22WJt4NuLofUerbTqe2iICulwVBlAYAgFAKYZO0UzxoFBAdA6PzMDPZvu5Br87EPqUmEmlCCXu7Ad3HpGuWnEsAjmzLes7IWPZ8Txxti7ZIyfHS3oTjSAiPU72JIpfVUlOTBN7SNPcLUloGeFemUI6eFUQ2DbwrqkFDVpPGuq0PtWpvaZzpv1bFeFYL81htR87ZqGF2iQrlUsiabhdnPaiUuDAJtovY', 't2BkGHc7CTdmUengd7KBqqsaO3W8fn2yYeWPYlWZCSV8qRkK6pk285TIkOCAF5SKYn5iPdrQ3GFaHP6jiG62X3KEnQDmRs8lPjakgpcebKYAitnCIKse56UojkrJz3hZWlKJ187EfGxDmjYSn0uBaf8KrHkbhQWxpQLp4F3SdhykpetOr6W0p4UkFwFi1KP166rGCiOk0e8xEMC3agFeUvq4LYHhzfUAmYpQ2YJlRmxf8LsxKdLQw2FDKg7Mfee'),
(432, 'Eleanor', 'ep3L6TvaAOu0lZeMZckc7enBecDZNCVMVCGXKUdKSzMZXNAeeMtgifi8FHuOBjqfnmOEtXQZcl7B2FieAsRm6AG8Ar', '0N70uViScWTHDYbVCwxuNj5bHp41zhGbxgd1bdIe5lTEEDShMu4IGgbMCEmUdBMDdqaqsgqkCd2lseowZDx0r8baYZSxJjrmfK8D'),
(433, 'Teun', 'W7nZsGW4hRKJx4NcEMH3T8PY6LAWFDjaR6vGk5FxnKT6FuwTVIo5QoWdjfo5exp1xhkZTTqypEbF0p63psH4ovPN4kuW5EBM0oLNYHRMhhaAmcfbqNdqXduZ6ql0wkHkAez0nKVuUjodJcGtQVImBp0uUpePMQYXHSH1D0QfwviW5xmEaADEfHE28hoD0rlp4KE7tjGl0pE1z3MxO', 'zUksx5VR6SnLxJXbxl7yRvz58D0ySBFHOuJ8A2ILxKJEi2j36o6nJfNJunRmFve7jJOWsd8AGF1CEDpLwByfMR5pGRq0uXepm5xVCsqbNX6AQiCUhKXIjDnKrXoVEiOK5U3hB8Dig6Nlv0paccBxw7wWfGTin1fvNhY8UIwTBLlLML2LtjQE8AVdPfUp3Vaey6Bo3FT47iedL1lRpodCZR0TywGGh7l1LPMZJ3TYJV'),
(434, 'Ruth', 'aMl2bGouKnEYsji13NydXir0nVSuW6IJUWQGUGAaq6ed0JuEGoGUhHgElIOdsboPR14Gn8cHIAiaAFFPO5VDgmSRQjgeWRFf5AA8BSIxqOmXneJV4H2mBA', 'VD3DUgsfsuQ54AOZJ05Z8BctplteerYCjWs3xre1EQIt7A61vjJtA0GYoUs2MtP4HgLcX8oUIFmCMH8j0gUYquDSKZmBb7keXu3b0AaqvKMQnL3FDTwzvAW3hjRXm3shg48Ac4m8j26uCDyiiOA2U66CFXQv1e3pZxwJKAJyiKgRkl5dKJRXwhUTpoD05YsG3L4IrKWCp5W1mG'),
(435, 'Jeanne', 'L5LSyuijPUVa7UCihknih2GmpFLh1FCyEyggKHjiyn6NUjPjx6wP0j4jjiYgSg70oKKSYPyrbmE8v6UdPmoaiUvYa7AtLbco7pJN1qj2OOeTRMHWQo8x8NXa4wrFUtHvyYOiMSybdtGVwoy4hvPDpNnaubxTOz2mADY0sSmpzmHqni71cyBZ5CacJQsCOp4RUaA', 'vKGKnvVMptAqercYEcIQpNKlWP0g3YD4OiNRv68KykknYNL4ENOqbElIcGBFJBxKFSYCSEADdrWT8HkyQ30AZYLPSR7aVqf0sm1X6EjgGKApPHfjU3DIrQroCuFOtVAEEzFIKZ812SlSbFY2FOFa'),
(436, 'Pawel', 'GAAFdezDGZRAayAQyWWydYWaqWvdlDe3l7qsracLnr3txhBMsOpYr2XDcH8DR7AHw4a2Z3MyF4irAVwDjEqkFokitvTaZa2LdZm10FYEr6gbwvxGD7dB0t3UWROGae8BOvxlti7vu6wmjTjy3DaTG2TIDoSEQzQ6obGvpWVuy0qqTS0zwPYCia0ISOZRXDdRl8vh3dULaKbIIeOrlAeyz3ZXsaZrqTL5LeDajk', 'wlLe4Z7kfzuC4RW1y8EiiOl3pRtVzdqDSkhAPrUmrwd4Z1O4lEiyumvtg1sE6VyNNZCvnqHZqJO5r0nYN36P4o0rIDabcaAAVu4v1HlPM4OQvMTf6Q2arM0tJKEIZPejvHEl4CsSODsfsbVOJ8edWkzNPTuoQkkrfOlArU7r'),
(437, 'Lotte', 'tvyeAwVxSKALuT', 'DBIKJSdXHTbhVgYwVEySESeMtqbTr7JRu4x2jFMpBgRw7nyiZzNxW78uDJHGZUWAgmxxYEucYMmbrVxVopf0CogJjvLoVcz'),
(438, 'Sydney', '4YcrTrrhVQ1DFdbOaiXcweQtVxWBNg7WKrxPPJXhJWINysT1fPHs1H453tGqhF3BGnF13wHPzi8vupqxX0jlbxOSCavo0nknciJXi6NpUCjPAWwW3np0PaEHDOGIL0us6r0sdv8KbE8zc37oW0qr4jIYN3opNVFWkaApIyJVr6krrCUOZuY', 'hLEcNI4WemENNKcL54gV0HCMhZAkMdbFCUHglIHYiWvjJyItIAJ4'),
(439, 'Gabbie', 'Ajmqbpmmz0oFvewFUwLqQwS3JQ5V2hVoQI2acvBfrcx8YT1lasmJwK8qhutaWDjlWE4lgm6kcLXWNi6JCNSILjMmLYkzJXUIcxF4wsRR5JfNMlWHrxDyW50cGizVVaSNcirw7BA3D724CdJMgGJjlzxhOEkyDgGNaltwDNdMsWzWJ0amwb3EKzgZqsKH0u83e8YBZeNX', '8TubiRmJSjOcsoGI7Y64NwpLNrKmSSvaDXUnGmTqeH1pTltXD6zqfcxYtlU5evUkQ1kt80rh52pzoOdhqCer7J4sUJT3iIbAI55RQMaddAFx'),
(440, 'Jonas', 'TDtwmNO3oeSDlsqgd7sT8TpOSshc84HpSUVpFCxq02jxi1apRxJE2Zpc2eyPzywmnPzr5smoGuy7UvnH5IQpqAgGdyzGfuPK4EV7ntBO0TsOAzNVTI0gZf', 'uQdiVLT3uQ0RUod'),
(441, 'Jeffery', 'QWjrNF3pgjINbUynsZfizyMlnmKVpoAayMDhaYmrTFtvsfSEXD7F52SGR22pWfyDgyo1rbRQVGsCvLVzaghk7kLfO7YQ7Ty58tgTc7YMNkSjukOuiTPBjMrOJmoMSMZyoh6DvhzTIYhYU0Law084uQXqa7n6g17sgO1F2E6hrvqIJd248jisjac', 'EmrVS6PUWEsBoi1PK02VDMR70sdt4EHTjY1JYgpYL4FkV8BFwrqyzeBriAe5X72lQtLEFFoHJWAi8oMsZ8YFKM4www8w1ATLy4SfGNVZHe5klMbDVLHeHtV3T'),
(442, 'Louise', 'RNI', 'hT2YIsjdYJfsOVHaecnCktkpMpmDzDkTqaBAcVoz6TebL5ThuLyhXG0Aic87RXTYZBOq77QMdTesvJnrp'),
(443, 'Manuel', 'Phf0YsuKJZida1kqwog2bTMkB8QZjab8l3QaaApGuMiDAWZrq67wxgbvy7es5XvYrk6WDt7WqcPzjpWDb4Py46GnbFBAEsADPxnyCRHaNZXe7l5SD4nidx48GpTaIxQYDnlhxVoQPnnMM148vhJ5yaijWOzzdXWbudf21a2mMAKrkRzHfPLyjm321M4ZVFnQ5MOJZ0dZXWlfuvgH57H4ldFqDNQmwVj3p0Visl', 'SyelfnQq8'),
(444, 'Jorge', 'HIOLbz8kWI2Gfr1ojmfreJukfpAapPxiMBgn3qVB6FXvFok7lPKBAsKwynEVnR17fxvKGCR5QRlFumSesvcbXNn5cAtuHZqrNIBcN0tyMrT0ndgnozGVlNsH2G0Uom1cAPhyjqiOIHJrYVIUcKqoK6KKuXUsuUGzWbs1PENUv2I2DYrk6SUHpEaQVzdBifHJgD7Beq2uDYeGoKz2r0jNYpcidthX5I', 'LBVCyS4HgeFRxFLqqJweiblA5t6mrTD263uPy8eeBNFUW55MDMRYfeL06PhZc5SevjUhlP'),
(445, 'Samantha', 'ISiokeZDsRca8EXGoxmS5FSxlIMnbWAtoY6SGoUhRRYcvbgtkmgXCoNWInIYungnttzPiFLJLLFpWaUVpvXsmfnidn64n5mKBlA8CaX7RwoAT4TevahlyBUdNyuXxj', 'XGHTiWUtfZiaR2WIGQhzCFuQPc4N8ukY6Nu5AIXpD1LLnahOrZYZFAWzhrbHbtAZdn5acpeWRSIYM7O8dSkGhrWQkGMeAKUorbwDF7MRoppquojXHfbnkN0eNkGqtFtaAFSuyxXXe8pWj'),
(446, 'Peg', 'zSDrSXxFnyvoEtG6CY7QOPjDVGyt0kQeDLB8sqDwCbNUrLGAWrwHznbToSZbw51EdzDvjJncYy3wd5Jistz81u5AcPHYEMz6qjNClVwf2FhVtY5vR6cmtS1cqkq1Ybg7Pqek6GWQhA57SqZMcKnU6pLQJIdChMzD4PVns5z86OnAU0PVv4Zz1lKFwkpUYkxXDATigP2rcgWJllepIJWfQ4FySRob2Ff3LgRMO4ttBvzham2ORBIoYk87yaN', 'CGezBk5Q5PnSZBSaouwchY4mf22CiYjil1w46r7hvYyTOYxv7iRPEZv17FypvK3hvKYvCRUtpw4LJW2Ff8mqg3IZWL86YrPwGbwwmtYuBLmUOJwVaiaesyeCIJSjh4YnP5p4T2'),
(447, 'Sharon', 'sPFzDW5I3Ls2E2zu', 'bGclXxvvhLNsSGtcNvKv3dSjMrvZRJvLqQGnueM6rSspWeZDu7YkmZDNvYtfHQSqt31kUeKu03sOfduGxRC0c4s66WgIVGvlmG2KZiXlrCGpzYHzXPKDdR0Bs2M7C'),
(448, 'Kim', '1g7XEYEBBBAfiLsbL7PXiTUihb7IdiIBhqHVcGDOFpByf6lGz3QO11AQ7ZqXT43BgOxEauAKD4rkHp1vZVK5ErPgbkQYA0d51ryEL0J2lNyEjwVV6sH5TVC0HNNSCo7qRqZJ17JKqcBqjMNKpwaBU72FNr4UMSKhG', 'XgRSKHBNjqREFvBTZqdU7MIRPWtFVvjXdnm8kzPmFgfzNnFd'),
(449, 'Megan', 'iRUHznCklhWYnsBHUWzt6ihdzWV5J7zo65bcm8JA16', 'jWk5CCxuxlZOuuQ3PdtOqvrN6MfAJS2qKypASepvEV5sBQQbcK8xqqyESn22P4V0xdjWlhnaVxa05KdcLwFcSObxzDGs5G4gu8nXpbZqISXEBVtNFad7RCx1y08pdgaNQ2HEHbMZ7yBwbi5KYUssTcQ20aaFWI6fsSYoAgTDf7lLmPzVpGEFKwhAYnxGYrz5JpH7M5Izmhw0lDgX1WfDmIQO'),
(450, 'Toon', 'ml2G0cLZk0UY5MDGO2ofxdQq5ryJJV02d1B1XJY3Zgq7HF2', 'nbCB0IwLRRmgMGyGkXsDXsLnBkBc0IsLCyKbPdlkqujqX4xmoUGWdNYhOZFLFXQJV0sE2vbP8CZVbXgM7MUzqAQBmeRpj1IEnKieLdNBk8oQZJQv4OMCGlISyfWXt2cPzBpGDZFQwM4C8GWd2FzMgHcYG73AWsFmaQAvJ2zaHiNJkwMxSsmubxCDYG'),
(451, 'Karin', '2OarxqYKDEXqtgLr3EtRJEhAzCgkbgFP4pSvtiFVHaxszdZZsiOaY1H40mOplzF8fYFwQRmaJP3h3ZaJPRJGl5gsbYtiFpIgRS1nx588usK6ApUNOQB8oxsqMhUviGJTTCMGRTd13vUvUmUtLjs721WTCKolCvH8oLyXQkS5HbYCooybZFrplYLzlMOD5Eg3cAenOPRMIvzVdPzZzFS2', 'cxFoT4zxZvTa1peuBXCknwhNSUplKqjwDcoYnVA6Hf8JEX3rYumdbdhWCkPOJca4KIqzds6abdGuGgwzn37ppMsBgktyBGdSob66nApDP1CGpBuOlfpFmnJwVRG4K7C5IqfEQ5fxGwDKqZLldBdJBCHR48ndmfeSZxUbPAWDGDUHHda4fa16Vxl4Kpcilx5uH3o4enbpd2BewxRODWnAC1eW2YP7sppVQ'),
(452, 'Amber', 'V2GM4DdBvjfTgBISQeJIQNNdihUpMfH2zii5f0p1xy4NVlrXVLRMSUwx8ydagbYomP5wJTIbFEmV1BhJD4moeHjyiG3pVE60UwBHxXbKoNGU8piKEPo4uI3Syzx3syy4ZiBNmY1jHqI5WkvHvYKqUyTyABt42wKGHvRSPhmEgp6Hnlb6eEGvz0BGvlZYffz6If1QCpDXM2HpVEjnKtqc2', 'VIhl1JzLysi8m8j7xODaRIEpNn'),
(453, 'Emily', 'oT2GD5pZ5ziX6gV1efKpUbBbyBw2O15p7FbwGtt5b5WGUUT8yxqCEGDjoH5vJh2x02KcRarAS544u8XlnNmUI3E8kSTciEDIAPUn1RhB7m8aJyGKhmOCbFLyy1VNE6k1nc2SVl1rXg4pwZ38vovTMn6RtEVMrJPkwuurW2hdftMBYELC4gtc5JLTLajH2aBDP8NndOZIPxHakg8FOkgP3uK', 'RIBGKb0GKQywFDVK8asWaOywctBussFDL1Nz50aqEia1AQ7COO65JEwhMH8RQIccBjSlKSXdcqXSql0pvsmpyRcIeQv3RVZ1qIfm0sjGczVEuApHQUBGkHgwv5BfbIVTOlOO4G0J2USbkLDPKMdh4SbJLyO2nQO1J5nMoSlYMnM0oroEoiUBcviWR8pw6usrIAkWWi6sY6QiTwAxApRcSOlyQe'),
(454, 'Maggie', 'Xg2RgpDXYBKKKEH7cwqO4QFrElmjM4LbDT5qVkDgGVy7GRf33YW62lmjcfTOmOQrFSLMjQcI7KaJeN7qS6yHgN7mmEoQzpErtkJD', 'BHEaLAPqPfwrBalHNnyUJOfpa8KngvcJvz2ZYSiptPctPqXN2IrhuUawxOqjdcmWNB1MhwVU47eHZ7mlmiaMbbmmD8YA8xSJKYFzFf2SqFLiMI8GYFWjLt6xxRTQxtisjSYX3aFbRfZNmlDbtTtd2y'),
(455, 'Thomas', '6TNrenUGIo8WVmagZOeQ80N5CMzwyYU3k3q83gCBz6GxUuWwW6sXp2', 'ZeHDVywrCnMg2CAghpKlu23btO7E0Rf5pr2Aza00ASVkGRUDSv4BoaiLokRJ7OKMRVu5riNWDTPDn2synt5gUoSaWyZQOwjkq6MYsgxaI3cxnMBaiu2ZroVjGJkBjR'),
(456, 'Martien', '6rQxDxvkY8OiahKXguVHd7JE4iqD5PNtTxqI6XW5iuqvmqjapWWTa84iBSixFqtYXBOnEvZaQ3Ntew5yslUB1rDQxZa8Dn7LNk4vpU625zR2ahkDJPEx2IOI8jwzvENLLlJ7Luv4FYLuuD3g36A8UctELj0JU4r6Esv6PYM835JFciUBr2eCV1wu3yft7Ro', '7wfoMGNHFxNtGK2PzSZ1ne5hml6oC1GJpFbYl7xRoD1S5b1dCtYAZj'),
(457, 'Jurre', 'YVhpf0gqMHBfRn8Csu5izpnLIr6b7UWH7GSeCfDoMYkYAm6NqhWritTADrTN1l3q7z0ciLAE4knBP7qBk0pP2pfAwcWF8Iw4dnslpseZC3PFeOWXo6iWvEC7G80KUVaHX1tZ6m3orriZlffDa0CyE', 'blmVJrQwxms2xiBghsnay2n'),
(458, 'Liza', 'hQiMIvubAozJBzCqoU3oAgTaMcEmutkhxbSnYbDafS3WjIizVgG542tMmW30EXkgU8mBzyXf7AHc1iA5phoOTLMIFpj6fPU7lF2N6fGy8CYGsBkp64OivBJFF2qpVnAjrsJRwLEm0NwW4eVVVyTugWUI2rQFJZAYy6LoVVc4TxDA56dkueHlmakXk6OUS0oGPHiUpXTbh1', 'NgQaDzTsV0H30i3dGvKchPPcHFduJ05AJ6qNbFHxtd2xYri3C162btxy4Q1nVQqOAc4NZjsH2J4OEaVemk63C1el8cXPJER3KMpxnfiycdiOY3yJ5BZuJZjd01w4Y1X0uqc'),
(459, 'Amy', 'QrG2j7cOutKOBiG8lrz3trHW6pnDU3pTX7Vhtg4PqNZlMYkyt0nVJQoLb4l7h0bk1zuInNcDgcseUid8RFWTo4OKdxyGpq7imwTsZ1FBBPsQJNslBXCnmIkB3UtecVGA0ma2pZ3coWJ8jaWphr5uaWDUcHlkumL5AxOXb6sIwBbyxWVx', 'NZDZr4QZ1AmNX534ecsBjSLFTK0iGRiKVlkr6YaXoIhemS28hU2QSjvPh4x7EcmPa6KJ6BRnEUWQFIV0ix44pz6VB8lmjKLfSz02waatNGYMWraRlhHOg1iGMHWtabtzfjrYm8iSuBXgUwtK0t1zmuT58TgL5ZubY74rTKlsaGxJkXshxBILEd2ZNZ7xuDe0IMbH2ZZbNSsEVaCXJXrwxxyD3EB4MWFeXOXpQ'),
(460, 'Niklas', 'dMMp62FFLnTutdKqTHTKKrtkpttF4iS883x0GryfIz0KvmPFHDnErb65lMP8rsvkULCLkY3EUV4gePpt1iUKmu8yW3PehecV52GySae70Ftv2WHQsYq1EhD0TYVn1zr6CqgePD7MAi3uzqE5tiK', '5U05fmj830qj7OYYlgDNL3cCbQX2Qak4ZviIjVgt8HZc0tjlq8UduaUrBu1GU2'),
(461, 'Conor', '51QOahjfvwM0u5r7eDFMEY164DiLwQEBL3kvm3px8x1Y0Ps84PYfWquXLV0A53dcQ7J7lk7GnhmaAxKPx7acPaopBPn3Zne4Tlg4tvrXCStKdEY0wDoNk7fyEdich3EXPM5nNDwU6RRo6haJ5uR11BB2ArnGHmL6nfvuP5LaQijRY0r0aFVgIAJsLLDLGMBb0CScfHzhz6y24Rz33aagbD04tegW', 'tYBqPkwUDaFcGAPGd0gUxdNvKSmWqSMA5cX8vTOdr7'),
(462, 'Nicholas', 'yTMUtctTTeTntRklMg7ZfDFpP2eVGFTozReCigERJlxdbkWC5IqCHQH4vAeXDncSSjFqlHlgKo7WBidA5qdh7O34SkCEOHzGWOphUJkJ7hGH5zopHiMiCGs10owiIg1jRps1J862HVdxBTsTobcZGrgGvMi1ye2eAXQKAtHeGTqL4UDjAza0d3PliSqZacIs2sF2esDRTOqygIeBWE1O1yO5CssFfKxSDfGeZbMJEZCYp7zecvyn', 'jb3LBZbo3yMlGntbQslIjQqIRLPiAYhR2rSwdxDg86eA'),
(463, 'Jo', 'vS4lem3HQKqNGNK4WainFWJd7zkQ8myuFqsKMQ5VSmZUoJcdFO5uZTws3Sbzp0VktujZLKaFa2srUayk54rHXcYGCMoCSdkGpQtO2w4GJBr6q4PaBE7mH38SMiFhy6ETVndaF1qMDkcivVE7ub5THZVAhyzO50gfzWevEQXBl2cCwNn1tV71qpXZeXBMdCUjm3ZB6SrL6HPQrlricC1nipjXo', 'qYTNhsayh70qjxKiM7dHie7bsHIQs5cVibicvStjgoe4k6PpsSBDzebPfsen4pbYPO8M0f6FoEOvYYRa6M1qvSvxtfmpnN0KuEJeGBina2Oe0EswXUe28zpUP2GYwqgJG2mMNfdFcfvbV3bqQ1AO5Bzqba38Cj4hY4enzbfWnemEgEF'),
(464, 'Sjaak', 'cQTqBMONNQBtBaSa8eeszD1NNlpHcWV', 'Npb7ii7yWD24npWbNIkEuh04NZ4ucoEcW4yDA35tTtMBx32fYx1f5'),
(465, 'Ike', 'LoSe8078RLAKCfvuWfm8ZObU6EBXUwxhrK5mvNy4CEHIkweuFLYngOmmdQetEKbnRkMGCCYkJNjy7u0T34cXcnLwCEJa', 'nMOcQFphNpU7jiwKGaVsIwUSL5lC5oPJOEYXPC2'),
(466, 'John', 'NAPDHjb7HEgsXMuCUGPSxyhXQ5P7VFpUg0Xq532vY6IhqUmx55BT3S6SkTRGnNjk7or2FjikpFb6hpFBnWb7yc717VNORSBcTLgtt0qgTMBvs7noo5ECVDTlNbBbwMvZfcxFfbTCN0SbD3N0sFE3OwLCPVcHptuqbdJyJXI', 'N4vKIDPuYduZOl1hvWaNoUHzi32pLuobIfn2qTBP7Xx7DWaZGNKemfhnYPZ5dZgqW2BzjOsYlMbAfD0vnggvUCUPRXn3Jd0xvrEpJS4BoUX7mfflMrKFdPJLNWdCzfwxUZ8ENyLM7hdC7VTBJU4'),
(467, 'Pete', 'HRxluNG4KCyA7VylaNGh6Zqjo8gq3nKD0umRDp76NpJOJeK4L6MheH8zhe7h', 'mvTAxD2bvWT2fcNNDMFcbIszObBz4IjwrLitQp2a3akWrbdfkNUl1YiyfswLwYzqiV0ppVChRYJhCi1JEMBOKreyLH3t'),
(468, 'Sharon', 'exgmlWM1LbrgZhRqmwv10MKtVUWIrphxQqLgudjvXJ0btPlOV5qXpYsrpeqLJ7oL47LXyWCX1MnxqAbnvuipcG7eZLjUHZLPzpikf1fp12EBW11s3ohYguQHianPY1E1BbP7S05gY', 'rM8a7GUGHsLzQaKcNMc6XF8EYVTTNgmhRB0m0HVaQk2TxkNLsP8MreNsyOkDj8tqxb3NZiAavX5PrQGfRmMYMdKgk2EKp'),
(469, 'Marco', 'YnSSLNqjueWfpqYxf2l8dAEvlBgZq45duV0pLbbTvB5dUutNY2EoxVo8qp22bYJoP1CjOFbnlVKILBfwnhIDI6Jt3U81EvlVdkbmh1hWf1q8WySHP6QEGSSOIqQVAWEpG2eD6vkYcJ6EonYEhlnjKlTVnlw0CjRri1vDtQ004GTq3ZC5rBwx5AwE2qvWZVggsFnXabmau6bVODVUtldIXr3JQm0t3Oac43Q7rUY', '8UfsHtOPNNaE0jq6xSCbmAz40Po5KhZsFynFWSFzzXTlr0do3msayWlb54E1c1BaiysCNzf0qGt0bmRYmEwvRskwAmZLvNEFcVGxQZ7sCQiFoS3ZwuweB'),
(470, 'Juan', 'eKVSwvWPdjs', 'dF8gd7dsCZtA32RLneu4IStq5ostMCtyWEF1Kmvp80RVQoYONN80TyOgzLE57J5xdHMvvvPdHcTXpN0LVRazVcC4SzKhbBo0NLsLXUV32l01l66l5ujnayOq6xbdfML0LZMAxrdyz6hSTTqormQZlR8Ztn68rYYvUSRpQAh6jVmEZc77w2vSKtb'),
(471, 'Zoe', 'x47MWil82kalsJwJRyrWmAz5HgV05bq0pCT5h3z5N4qtvTod3ernTcI7GZHePMJfurtrR86QnDAXu5EepegXnU0RnuhT64', 'CSjgcSlASkiQkMIYtR3QoBph5atexWepEz8AzpEbCMFSWEyuMmmOWWqS751aY4Nt2eC20E4vbp6V4lFnTSnDy5GAznkc7KhCjMf3l51v8qxfzoU2'),
(472, 'Edwina', 'KJC2QJ34A1WOUpR62El1ktx1OJyfxbxSs3FBmjXPAPFKuWeMQI6OM6j55FSg3wrBLYffRWtsA3yBLfiiWaLdyvBukwocbkKrsBQIgjpfm2h8mzTHAnRqgQy65nVau6JyRsPgtTR0nuEMn8SOIWErxpnCC2FKCa8VUuxAoBFwQK6bgCUe6UzEoxpPifAUjbhlhiN7vHnl0R0uLY8IUwtjgS4r2HROVvC3DNTAWnF8AZa64QcC7kpW5EmDEu', 'f'),
(473, 'Zofia', 'TiA5fKBubiwbNlpePA8Mb5laEbX8Zb5W6JogjEJZVvt2Pqedcrch6Ff0ypfzfvj', 'bIhPk8riassxovnt5ECpWnjRbQXJV5qhDC71zcGM8Fzvtinshjrj2eMBDW1zZxFcsZlaCAecBA5aMRmb0s7nSkyEgiY4ff7Na7kYTHQ3vIwPNuuB6tzQmM41Xts1kXeLvs7uJI3DILt5gyn6bw3lQnwk1S3r0ToTscEs6yjQctufgwRHDzArfINBQBa7BYM0H'),
(474, 'Peg', 'rkpyt4sF6M2ByNRdBL1IvbveJMj80IhsptYLiOQXg8syJZdSXj1pJ0Kr0OLJ3i2F4t4jwKM8XEBxjXcJpOwbvywlKTkzKbhc5EyS84pmV7aC75txvLCXVTucewVRx5lWMBGvy4BFair4j6FWVhRUfPYzgQIipesuxeg6gO5CzvCA5pA76rRXHrTVh3zc0AkYfTbUoNQQgurByRDMWbrft', 'w5DYzFRpp0v3Src1BXYPy2sPGw25ETuRLnRsdJn0IvLnndj7xmk7Tm8GNErX14xY7xYByWkOWjlEoEtU7OlknfDDmaZxQSowNn8yIopKwBgwfrNub30RxWTq8o0EjnKveNXJShbmHhHx67vn4D0blWb8hbvmn4tuyzhuZPAn603uDqmhHW'),
(475, 'Viktor', 'X0ccp6zBNAy0otTZ2uMrG5jnRFRFnDSeASMPN3NGUOQWt1e5QpmnCVpHHd3JP2r2s1PZPkivmXFBW5tMsh8uRZyVvZ1GnTkGctFA8sRLc2ewOyxOEhOEsoS8Dub5LhrSx3QTVJj5inClnOot8fmQRxm3UMkupWX41vHW554AUT2wFsvg8Y', 'PpJdIecfV61zFoJQoOe6DldsHHkUVtX4pfAVciLJMo2hLLvtMwo7my'),
(476, 'Henry', '3AJGnvMMq1EruH1qgbzFwXaxT2mFLUdCYsXnAQ3PDIK7wOWxtuYahXifH4qLHfk0n6c5VhcidNXPHAMSOb', 'yeHUoArpeBHAJFu0yzl2ZTUrqrYkGoejf386XoTwYrn4jWUpdnTEw4JyQYrJilOu6gOhuCAMoKN1ba0Hgydj5AUzpN1VWL'),
(477, 'David', 'zxXEOG316RcVFkbcKmgVZsWgYiAy3fCMNbvqCPhciEzCTmiDKh1Cweyv66VVDK8oFEFRX5OI0aeLgxBW4c0f', 'sjg7hq4OzopTIjX1VeZEQCk67MlDncQtgrvacKkEjgbGEQeX0thzIK1AxcsD474GWFcd4xm53wBq8KLQRhb1aqF4GpAcbMTbZYZNihAQX28qZdYsFvEHzBIUgVOVyRhTJjo1nM5aRw4JhncJ6n0xRpzNPYDYl1YORCofGcjgMfpF6jE4JI3UQrnrh'),
(478, 'Francisco', 'HuT1W4yv0ardOBqXyohzsXg8eQYezrPX8TdfnUWW0Ppy2QGzXwdKiKeUKyWhTM4TXmbG6bzrx8VuX5u3qHESHKV3EbLBxGkD1AMD8jc0YVyiAG8pXuBxoAROlKsgvKQlVXBCJOmYJ1tBAiGaYaRnpMx4z0SMqjVuOQqwFzPLgmCDM5sScSaGFIXEG8XKRBOgCuSPGdygAtaCs2lS4iqa2', 'nGOJkFV5IzGig25UQXkMasc3E0WfPjT8e7c30j0bcO6J5Lqkke4uDD1w0IXc6PboK4m6y4cqfFe8heKeYNsHnAiWcchNS8MAHegSTCVMiCNqpudrd3MLgzk'),
(479, 'Maximilian', 'U12UDmGxNc8AJPrKJNFyQqsFyLN11bLICsSy3rlx1bP0x05nDoL3M5qxaX5qwhHYvlqaR8yYLrzHpF4fxn67baD474mjzPotr47txVk36oTQzBS8u01tcs1xzl8h', '2qPoxjPDvLCsYBQB8KaLc8QvCsGurBTY'),
(480, 'Marcin', 'obmP1M57Iqul5xJt6RjGXjuGdannTxIjYoOWHLro1t4RdbhLgdPodaFqWnFHJdrsgdNxtkAeD8udvfNVPgM', 'cEaAiKs4YINYE5CPGXBu0WCJO1bOzms7kVMWiwE0kRY1usAmEKdmBifD2uLEQizkTytsOjrOx5A8Xxe774FJ6JXqnTYtDfIc5YJiXbOY4SvCZkmgiEck71BkecdtloKMeUCpfxJPj56gemF'),
(481, 'Christopher', 'GNdLb0gCZyzOXkvH0X2HudwUpzIbGdWci5yk6EuTUkVfUjQoWWYeK6RNfgwpRa1AJ0s3vjWecZFBb', 'bgI21Eo3qg2cyTVp7ZTuEucqkgIjiYVEUpJIRhmewBHycftnfw5YEIKE6NkQDkZSqSF'),
(482, 'Cristina', '6AWcR1KUMzJ7yHgbuhUjTRJZLJr1LQVOlLldgUzYAemRrFVt1Vpc5BliaJJtyb0fg30s4m0lnfY0Rq7qppvXZJcDFgwQLruT3dQknpre2nYpvf5zQslQ', 'bCd2voHokPtDLm2WrUwnFUldwsXmXiJJBl7xDFQksJj8AlCNgGH7Tht2nYZqZikNZYdiiVsUipyL5FufOKAxr5sNAwxkeDkzHBjymbcXLwoV5yQlJLE62WgMifsP'),
(483, 'Nicholas', 'dI1QJVSBsj3FGcLxKHwS', '6isKsX1Fbd75MnQsEzq3BNXOXYaj1KuHsbo6DPuGQ6'),
(484, 'Leo', 'TwJIrHUIA3bnPRRMWJZofV3jx2v1DLRnZx6KhcTylM1zP0fUNJ3NlwFC6hmTuUYMXGZBvRAcwS4pZ1n0WpBabhyUAYbWpxCOLuQrTZuucWObgXiLHzTJppUECBHhxpamKYfNbv06lNutQCPmMsBo541nYTtrc8GFCIoGTwzWcYj84feDfYWlMzPtjfDJp2z14Prdw6E7Q', 'qTEbNnwN6sSYKr42VS03huiVDhN31M4sHDyIcfRQF4Zz111Jl4NuGZhynZRoZgHw5r5ro4HbLZn6k32efzAI0SfsJCjmVg60XtWhZXZYstEgLmjG5d2vs1BYHOaecMYCRSsTBvKn0'),
(485, 'Liam', 'QUALYdPHFuiVxvE1Bz2OpKj6oyCOmmY1vGTQMruyUuz3SO7XwppLAWjXPbbhHxpTvDt8o2yTpVNBu5X5I4ji77RNfOqJt6ltjYoYsQWWJ0bpx7PsLhClE4mUEAMZhbrwEqEYqJXL', 'eaYA7vwmvujEgdTXIRdDDHWCxF72rhhssHm5tsDqwIRGfFIOT1NmRIiFxdxmdVfIsMvsgh3bDc1qE'),
(486, 'Drew', 'xJmcIPaP5QUTms0qSw8C3j3R8uPVK4MoUv0QLvhquP5V7xApSVVtWVFGL7gtg0bcH3vHWoPxtcSwWcVEBSbP6htErcd7cMi4jLWH78ysk2SWRf03EKgSk37P52hgrMtJMce7l32ML43Z6l0H1ndQy3hEM1eeDtMJ5cTqdSdv1LcuwgY', 'zrPfXp7fXoiqAiLaimRhhZbEKsKuoeo2ouq'),
(487, 'Daniela', 'mlGdt5gC3SI5jotLK7OVZAM5wLKGiUvjlPcsHNhhGyRqZ5NKXABuWOBQM2DfJS1ZdkThU8rx6zB4ZCCt8tqg3q7BE4BaUrZnnwrRCOyFGpAzh3dbzlLfkgXOfKF4by5R5IFn', 'IjrqrtBzwkwEbsDvErQKBC0uzvwLXDi4M4JI'),
(488, 'Dave', 'rypsp8TxARVaE4b8bDX4ZYHwhwf06pfpLCCqGxeNJOs33okl35CQf0TA11vcYwSkYGJBfHTqriYRc6743psHZiYBGUMulKbpiioAhyR5xdUAOvIhBbinbIsVZSijYrgwgAXc7QCcGR4bGSX5u3sl7aimVzURShWbSDU7cWzLZsdW7lwVkqzwu1', 'g7nzBzNw27N1xi'),
(489, 'Sanne', 'fLoNNuvxNNuMppx0U8fDXDAUmuMOjXmWKcL', 'q6tvkjGYhhyIhrKWxNCftCRV'),
(490, 'Niklas', '4AZN2g7F8ESpfEBjYkt1vL5nM7iVIi4UdeA0fvuArImqQdz3CbvLlhEaDze46YrEumjZNRkETfUm7DoP1jfcoJjaknIeZxA5lRndbWBf3Ke6FrHEJYnwpGiZlrT55zuhkonIdtWep2ogzpg', '00nYpDhEYJwYKPaUmmcOo8mnTllM4qtY2anpU5bswmmSlHhSMYwOSVneEtsQEum1imkXj0Fwx6pi8TNiIX4vG3Y778DDrjE3HCFF4IGbgG66svjWvAgx0JxWdYJi2VzSOUVHSwE2'),
(491, 'Co', 'Zec76Z5D1zbv2qJKFIsktXPtKgrdORSjDjwms5LSmJ8rJQcl4SkVX5vqusO55zxu3DNogKeWac8CFNxFgeSZvWnqb46380i8utWelTqipJlQpRsLmUD5Mv66FbLKPNmR5PHvOIPMrFmBtw', 'fIN5AyIaVK700es7VcpvXpBO2zDbPHkfv3Jpk4S7JyF7Koa1CWVQkirOLwD0cLmuu82qws5a2q0hIulP5OU4cTCw4wywPQVf8WfkpAHvBvAQYSvNnhm2VkjdgBqKAWtXgsW2R1L7qBx1JNnH4fTYBnPfYD1kH2dsGkQXiJCkaFuR8kJI4QMrqLY8CmKJ6lccVe'),
(492, 'Siem', 'FGjcu3mLjrNsEqOBviFjsXeRWK6bK54I8xnoBczKgDFFgzXdlvzDqe3LtPVCdJpXThpvbbctY5hzP2UKPdDYHj2pFMVzGsIM00kSypPwAnq5WTe1xcEoVdtq10gaoI8psAkjzYSb2MIURtQcpWEOrjwixRDXzrniqMmAS8UUHACR5V0M7ywKlD04Y7X3UgHhd5LFSM7mim0TJwUoo0zkOodQVtHKXVBueawlawrPzTfSllDich', 'M5zddm6JDPFKcdX0jgsQpdYOs5mvLXZSXLWYmOknQh4vLZ3Pu2JhNDP03mx7q0ZVjxRzXhoDfH'),
(493, 'Ronald', 'toZkavAf0xkxVdgKwISwvxukAmyRQbf4gfnMHtGYu6SEsnTNquKx5nFSV3yvNIT0gg30GYc0qwtwZZHAagkEJnseBmF2T6JPyCjX7xMEO3AeYSPz28P6okYVKID8Nt6a42QKjxwyv6IVCedzPMXuAstDuNmNA8DH77xSuRQ7OxCMfHK2KF87kvtVdSBM0WgsYNNaBNn', '3oOwBNYb2DcvsfbyCdyLwNUV2FKMUS0pLxFn1WspZW13plAVdZ5RBiESI8C0ksUI3CgcriOAquO4Nk7LmzPzj8aCwMZd3tCb4h8RlrSrRwbOJ8Uf31SZBZwQ2OkDw2KUNv7H5oO6tqdJyb5iVgiUuzOL03wGomilhHCyP0BLZj38pPDCLoDJgjPMDqIAISYAQDnosv6CYvl00NHt7fiOIN87ybnRnYtCiTkT'),
(494, 'Amy', 'MPYloRqR1nv7eJZMqxu8riGcKZJYviZPEP6QoNgyXGkBk2MM6oJi7iiQe4iCqfgCtjuY7A8zUjLwskd5WS2EUBnkvg2kwhVZrozJhjO7yajBIdT3hw1ptz6YK', 'o2Jq80rJwUIur8eNefSlXszFMF4Yr2VI'),
(495, 'Marta', 'ZWVu3EZ4miWRZsZgyWlM0XiNzrBxqqjmc2niDqrgltEGsZJLoNVOhFr6Rca1YWjOpMQpR1DoGUZ3uTZnvMgHtGuJIP1LuQ4ggi', 'p2DfX1VJL37b4Ms5diuMuFHUdx5dCoBGDT1FPl4OXCsSNtNOZnxMA0cICQUHmMfHNpfVTdVWNTJeYw7yOuKVwaystzhUhB8JU2jGXM8jNSI1louNPDSTPPiYMFHWz465h8Gzrm3ZMbx0nj8bzOWC3wEQ6X2ZTOk7u2r0QtFWuXpc1ZDZ7ZAO7c1HRJRzOTcFNjiIx4'),
(496, 'Christopher', '6cSjLvzdbaY0dn2VOdAAdqNsB6UDSee62INuNcAcqrFZc7MdUL0G7BFuiwqYEnBeIvQ54nka6VmbSVXyMWbucewkQXgDUqD2JAAQJFE37ezqUORYyd1iGcb2eD6TNXEhhG8NGHRsWAM5t3DxwIYRaCRE4k4ZLUeDkXV3hI53QTROOEOkTX6U81lMHD3weo1m8ZLyN', 'LvO6XvCZnMUBWfoSusIZGi6bgCJa8zOk7oaQf1VjrmzcKrUnQqm281q7iL2xxpARyodUnZaTapiC6u7proVOJssAcpds8L3hXAhu1HVMstbo8eaawLMESt02RKvmLZn33yIdfQ6GkeKgryHkJjnEOALEM2zmMENsXU7re2cjWJBI5y7JSO0HQ26NTrrhuZ1zXoei5'),
(497, 'Adam', '4bIIh6QQoGCcmtfr', 'ccBK0ru8GE3eOCO1O43h4uzL6cOpv0558X0l4b6zEmcHUlJlk8rosFXt0i2Aff4YBiJdDzX1QaNyUXLlUKjsPsVhrazHIXJS7r4lMrCJukmYfml7u27mRWcXQ7YTkqcUbr'),
(498, 'Hugo', '4zijjDNWkPQcPsLYCKgIszXcnAcIZmFjVEVUqmmUWHOQgeg200seXz7VNfA', 'YjrQMvJ1DoaFQsTpaCvGDlCy0bLYOGlS1OGm8UDoZGX16HQmhTyDUyYeRzgWSCp6MuBFHqjDdaQEVV7etaUzYNZG0dcL6Ta7pR2gMQdtoso4Jju0wI64eHCaRWOHGNVJzaIq8r3K6Ym3R2dShhCbtnXgaNqMZ0NtSmREtDKakcRz3UwqGKOzuxLw4nQ5jXTryxO0AO0PtaahNpZK5d7epnF'),
(499, 'Bram', 'Pk4lCmUINVyPCYRTB', '7eV2xYB1SLtxTauA45fOxPHcBIMK3wnqqmOnQSWdL2WYKtetllYzjYWYcONxzcQewBGDId1y0soBK1CeAToEyROLXaWdFTKE5ixjiwGCiGnL15eROFDaEzjUZE6ehJbc0d6WSPdGc5wFe41qa4D7tHSHCwsn8W1vy85GnoLliyb1IJF1IT1MT8Y886PBuPqMimVVVZzxGXEOoWt7yIouxbGRg3iAvy2ZJmyotdMA4rCBqAs0xhkRrBFkyq'),
(500, 'Klara', '5x7JK5RcYtwe', 'DWIM0xKr0jyo8NGC2OzE1w4l6LYjJmZ5GsDXafxgPiWwvmrjXcQrIpxCEDtYpv7iNhVzCMseG6WraWqfkrchRCWGEy1xcuu0lTHIpPb0v5bOmVfwHA1eeHQJ7tpX1FFDNcB3ytFg7x5M0oYK');

-- --------------------------------------------------------

--
-- Table structure for table `class_session`
--

CREATE TABLE IF NOT EXISTS `class_session` (
  `class_session_id` int(11) NOT NULL AUTO_INCREMENT,
  `hour` int(11) DEFAULT NULL,
  `course_code` varchar(255) DEFAULT NULL,
  `staff_id` int(11) DEFAULT NULL,
  `timetable_id` int(11) DEFAULT NULL,
  PRIMARY KEY (`class_session_id`),
  UNIQUE KEY `UK_fql1vg2lchqvvcknknbmq77q9` (`timetable_id`,`hour`),
  KEY `FK_294lv29ssnk53r02opys9gx50` (`course_code`),
  KEY `FK_hhp3qese915i166iy7svk9039` (`staff_id`),
  KEY `FK_127vdodvokdbu5onvabnuo0r8` (`timetable_id`)
) ENGINE=InnoDB  DEFAULT CHARSET=latin1 AUTO_INCREMENT=2291 ;

--
-- Dumping data for table `class_session`
--

INSERT INTO `class_session` (`class_session_id`, `hour`, `course_code`, `staff_id`, `timetable_id`) VALUES
(1, 4, '0180IA', 166, 36),
(2, 6, '0189BU', 342, 43),
(3, 2, '0193PY', 429, 79),
(4, 4, '0433LJ', 80, 130),
(5, 6, '0844DZ', 1, 353),
(6, 7, '0855YZ', 167, 3),
(7, 6, '1031LO', 254, 14),
(8, 1, '1078XL', 343, 16),
(9, 3, '1243ZP', 168, 26),
(10, 4, '1317AT', 430, 37),
(11, 3, '1465TO', 2, 121),
(12, 4, '1599IU', 81, 1),
(13, 1, '1845LW', 344, 25),
(14, 5, '1909FW', 345, 57),
(15, 4, '1939XW', 255, 65),
(16, 3, '2008HI', 82, 123),
(17, 4, '2024JG', 431, 196),
(18, 6, '2112WM', 346, 2),
(19, 7, '2455SQ', 83, 6),
(20, 4, '2568HP', 169, 20),
(21, 4, '3069FO', 3, 58),
(22, 7, '3243ZD', 432, 182),
(23, 3, '3307DT', 256, 217),
(24, 7, '3344BU', 4, 5),
(25, 4, '3375OU', 347, 52),
(26, 1, '3383OD', 170, 62),
(27, 5, '3505SK', 84, 68),
(28, 3, '3646JW', 257, 72),
(29, 6, '3864JE', 433, 211),
(30, 3, '3963KN', 434, 12),
(31, 5, '3972XF', 258, 30),
(32, 1, '3978XH', 5, 33),
(33, 6, '4003SF', 348, 39),
(34, 2, '4016RX', 171, 42),
(35, 6, '4019TJ', 349, 83),
(36, 1, '4029GR', 85, 8),
(37, 4, '4104FN', 6, 9),
(38, 7, '4167VI', 350, 11),
(39, 4, '4246VY', 435, 28),
(40, 6, '4320KJ', 259, 47),
(41, 5, '4329LH', 86, 54),
(42, 1, '4387HN', 260, 4),
(43, 7, '4418PT', 436, 7),
(44, 3, '4433OD', 7, 29),
(45, 2, '4482NZ', 172, 38),
(46, 1, '4622ZK', 87, 96),
(47, 6, '4917WD', 173, 110),
(48, 5, '4946EA', 261, 10),
(49, 7, '5002EL', 8, 15),
(50, 4, '5054NX', 174, 34),
(51, 6, '5085IG', 351, 40),
(52, 1, '5096EZ', 437, 41),
(53, 6, '5130UF', 262, 49),
(54, 5, '5149RP', 9, 13),
(55, 4, '5217MX', 263, 32),
(56, 7, '5427CX', 264, 89),
(57, 6, '5450QR', 438, 101),
(58, 4, '5544QA', 175, 136),
(59, 7, '5806KM', 88, 155),
(60, 1, '5857YZ', 352, 24),
(61, 5, '5877CI', 10, 36),
(62, 5, '5991TW', 176, 43),
(64, 7, '6147CF', 89, 130),
(65, 2, '6379PU', 353, 353),
(66, 1, '6418WR', 265, 3),
(67, 2, '6478BN', 439, 14),
(68, 3, '6688GU', 177, 16),
(69, 2, '6926DV', 266, 26),
(71, 1, '7065CR', 90, 121),
(72, 3, '7135YA', 178, 1),
(73, 7, '7156II', 354, 25),
(74, 1, '7352DW', 440, 57),
(76, 5, '7535IS', 267, 123),
(77, 7, '7579UA', 91, 196),
(78, 4, '7734GO', 268, 2),
(79, 4, '7806XY', 355, 6),
(81, 5, '7842FV', 13, 58),
(82, 3, '7880IQ', 180, 182),
(83, 6, '7897YC', 356, 217),
(84, 4, '7907JE', 14, 5),
(85, 2, '7934FT', 357, 52),
(86, 6, '7962LJ', 15, 62),
(87, 7, '8045MN', 181, 68),
(88, 4, '8225WK', 269, 72),
(89, 2, '8294IB', 442, 211),
(91, 3, '8593FC', 16, 30),
(92, 3, '8595II', 92, 33),
(93, 4, '8919LP', 270, 39),
(94, 4, '9352YE', 359, 42),
(95, 4, '9432EY', 182, 83),
(96, 4, '9673QN', 183, 8),
(97, 5, '9722NE', 360, 9),
(99, 7, '9900WK', 184, 28),
(100, 5, '0090SH', 443, 47),
(101, 6, '0180IA', 93, 54),
(102, 7, '0189BU', 94, 4),
(103, 4, '0193PY', 271, 7),
(104, 6, '0433LJ', 361, 29),
(105, 3, '0844DZ', 18, 38),
(106, 4, '0855YZ', 95, 96),
(107, 1, '1031LO', 185, 110),
(108, 6, '1078XL', 444, 10),
(109, 4, '1243ZP', 362, 15),
(110, 7, '1317AT', 96, 34),
(111, 5, '1465TO', 272, 40),
(112, 5, '1599IU', 19, 41),
(113, 2, '1845LW', 97, 49),
(115, 3, '1939XW', 363, 32),
(116, 6, '2008HI', 186, 89),
(117, 5, '2024JG', 273, 101),
(118, 5, '2112WM', 364, 136),
(119, 3, '2455SQ', 98, 155),
(120, 6, '2568HP', 446, 24),
(122, 1, '3243ZD', 187, 43),
(123, 7, '3307DT', 274, 79),
(124, 3, '3344BU', 188, 130),
(125, 7, '3375OU', 365, 353),
(126, 2, '3383OD', 99, 3),
(127, 1, '3505SK', 431, 14),
(128, 4, '3646JW', 275, 16),
(130, 6, '3963KN', 189, 37),
(131, 4, '3972XF', 276, 121),
(132, 5, '3978XH', 101, 1),
(133, 3, '4003SF', 21, 25),
(134, 3, '4016RX', 448, 57),
(135, 3, '4019TJ', 366, 65),
(136, 7, '4029GR', 102, 123),
(137, 3, '4104FN', 277, 196),
(138, 3, '4167VI', 22, 2),
(139, 1, '4246VY', 190, 6),
(140, 1, '4320KJ', 367, 20),
(141, 2, '4329LH', 449, 58),
(142, 2, '4387HN', 278, 182),
(143, 5, '4418PT', 191, 217),
(144, 2, '4433OD', 192, 5),
(145, 6, '4482NZ', 23, 52),
(146, 7, '4622ZK', 103, 62),
(147, 3, '4917WD', 279, 68),
(148, 2, '4946EA', 24, 72),
(150, 5, '5054NX', 368, 12),
(151, 7, '5085IG', 104, 30),
(152, 5, '5096EZ', 193, 33),
(153, 2, '5130UF', 450, 39),
(154, 5, '5149RP', 451, 42),
(155, 2, '5217MX', 25, 83),
(157, 7, '5450QR', 369, 9),
(158, 6, '5544QA', 105, 11),
(159, 3, '5806KM', 194, 28),
(160, 2, '5857YZ', 106, 47),
(161, 2, '5877CI', 282, 54),
(162, 3, '5991TW', 452, 4),
(163, 3, '5997CV', 370, 7),
(164, 2, '6147CF', 26, 29),
(165, 1, '6379PU', 107, 38),
(166, 7, '6418WR', 195, 96),
(168, 7, '6688GU', 196, 10),
(170, 2, '6999EK', 371, 34),
(171, 3, '7065CR', 27, 40),
(172, 4, '7135YA', 284, 41),
(173, 1, '7156II', 108, 49),
(174, 7, '7352DW', 372, 13),
(175, 6, '7459VS', 454, 32),
(176, 5, '7535IS', 197, 89),
(177, 7, '7579UA', 455, 101),
(178, 1, '7734GO', 109, 136),
(179, 5, '7806XY', 373, 155),
(180, 4, '7839RN', 456, 24),
(181, 6, '7842FV', 28, 36),
(182, 3, '7880IQ', 198, 43),
(183, 5, '7897YC', 285, 79),
(184, 1, '7907JE', 110, 130),
(185, 5, '7934FT', 286, 353),
(189, 5, '8294IB', 199, 26),
(193, 5, '8919LP', 458, 25),
(195, 7, '9432EY', 287, 65),
(197, 1, '9722NE', 31, 196),
(198, 2, '9781WC', 113, 2),
(199, 6, '9900WK', 200, 6),
(201, 6, '0180IA', 460, 58),
(202, 6, '0189BU', 461, 182),
(203, 2, '0193PY', 376, 217),
(206, 3, '0855YZ', 114, 62),
(208, 1, '1078XL', 377, 72),
(211, 4, '1465TO', 463, 30),
(212, 2, '1599IU', 289, 33),
(213, 1, '1845LW', 378, 39),
(214, 6, '1909FW', 203, 42),
(215, 3, '1939XW', 464, 83),
(216, 7, '2008HI', 33, 8),
(218, 2, '2112WM', 465, 11),
(219, 1, '2455SQ', 116, 28),
(220, 1, '2568HP', 379, 47),
(222, 5, '3243ZD', 34, 4),
(224, 5, '3344BU', 291, 29),
(225, 5, '3375OU', 292, 38),
(226, 5, '3383OD', 35, 96),
(227, 5, '3505SK', 117, 110),
(228, 2, '3646JW', 36, 10),
(229, 1, '3864JE', 205, 15),
(230, 5, '3963KN', 380, 34),
(231, 1, '3972XF', 467, 40),
(237, 1, '4104FN', 119, 101),
(238, 2, '4167VI', 294, 136),
(242, 2, '4387HN', 295, 43),
(244, 5, '4433OD', 296, 130),
(245, 4, '4482NZ', 469, 353),
(246, 5, '4622ZK', 470, 3),
(248, 5, '4946EA', 120, 16),
(249, 7, '5002EL', 40, 26),
(251, 6, '5085IG', 382, 121),
(254, 7, '5149RP', 209, 57),
(255, 1, '5217MX', 384, 65),
(256, 4, '5427CX', 471, 123),
(259, 5, '5806KM', 472, 6),
(260, 6, '5857YZ', 299, 20),
(261, 7, '5877CI', 385, 58),
(262, 1, '5991TW', 42, 182),
(264, 3, '6147CF', 122, 5),
(265, 1, '6379PU', 386, 52),
(267, 4, '6478BN', 43, 68),
(268, 6, '6688GU', 123, 72),
(269, 4, '6926DV', 124, 211),
(270, 7, '6999EK', 211, 12),
(274, 7, '7352DW', 212, 42),
(277, 3, '7579UA', 213, 9),
(285, 6, '7934FT', 214, 38),
(286, 3, '7962LJ', 127, 96),
(287, 3, '8045MN', 476, 110),
(288, 4, '8225WK', 390, 10),
(289, 6, '8294IB', 303, 15),
(292, 2, '8595II', 477, 41),
(293, 7, '8919LP', 46, 49),
(294, 3, '9352YE', 128, 13),
(298, 7, '9781WC', 129, 136),
(299, 6, '9900WK', 305, 155),
(300, 5, '0090SH', 306, 24),
(303, 1, '0193PY', 130, 79),
(305, 1, '0844DZ', 479, 353),
(306, 3, '0855YZ', 217, 3),
(308, 6, '1078XL', 480, 16),
(309, 1, '1243ZP', 307, 26),
(310, 7, '1317AT', 131, 37),
(311, 5, '1465TO', 394, 121),
(312, 7, '1599IU', 132, 1),
(314, 2, '1909FW', 218, 57),
(315, 2, '1939XW', 49, 65),
(318, 7, '2112WM', 219, 2),
(320, 3, '2568HP', 481, 20),
(323, 1, '3307DT', 134, 217),
(324, 6, '3344BU', 310, 5),
(326, 4, '3383OD', 397, 62),
(327, 6, '3505SK', 220, 68),
(328, 5, '3646JW', 221, 72),
(329, 7, '3864JE', 398, 211),
(332, 4, '3978XH', 311, 33),
(333, 7, '4003SF', 483, 39),
(334, 1, '4016RX', 51, 42),
(335, 7, '4019TJ', 400, 83),
(336, 6, '4029GR', 136, 8),
(338, 3, '4167VI', 52, 11),
(341, 3, '4329LH', 484, 54),
(345, 4, '4482NZ', 223, 38),
(348, 3, '4946EA', 53, 10),
(349, 2, '5002EL', 54, 15),
(351, 7, '5085IG', 314, 40),
(352, 6, '5096EZ', 485, 41),
(354, 1, '5149RP', 55, 13),
(355, 5, '5217MX', 139, 32),
(360, 7, '5857YZ', 315, 24),
(362, 7, '5991TW', 487, 43),
(364, 6, '6147CF', 405, 130),
(366, 4, '6418WR', 406, 3),
(368, 2, '6688GU', 228, 16),
(370, 2, '6999EK', 57, 37),
(374, 4, '7352DW', 59, 57),
(377, 6, '7579UA', 229, 196),
(386, 5, '7962LJ', 491, 62),
(401, 1, '0180IA', 232, 54),
(402, 6, '0189BU', 494, 4),
(405, 7, '0844DZ', 495, 38),
(408, 1, '1078XL', 63, 10),
(410, 3, '1317AT', 233, 34),
(413, 3, '1845LW', 414, 49),
(414, 4, '1909FW', 497, 13),
(421, 3, '3069FO', 415, 36),
(423, 3, '3307DT', 151, 79),
(427, 5, '3505SK', 499, 14),
(430, 1, '3963KN', 152, 37),
(433, 4, '4003SF', 238, 25),
(435, 6, '4019TJ', 67, 65),
(436, 2, '4029GR', 153, 123),
(439, 2, '4246VY', 239, 6),
(443, 7, '4418PT', 419, 217),
(447, 1, '4917WD', 330, 68),
(449, 1, '5002EL', 70, 211),
(450, 2, '5054NX', 155, 12),
(451, 1, '5085IG', 420, 30),
(457, 1, '5450QR', 332, 9),
(460, 4, '5857YZ', 71, 47),
(461, 4, '5877CI', 333, 54),
(462, 2, '5991TW', 422, 4),
(464, 7, '6147CF', 246, 29),
(467, 2, '6478BN', 423, 110),
(471, 4, '7065CR', 159, 40),
(473, 4, '7156II', 160, 49),
(474, 2, '7352DW', 335, 13),
(485, 3, '7934FT', 338, 353),
(487, 7, '8045MN', 251, 14),
(490, 3, '8529EU', 427, 37),
(497, 5, '9722NE', 428, 196),
(502, 4, '0189BU', 342, 182),
(505, 3, '0844DZ', 1, 52),
(516, 3, '2008HI', 82, 8),
(518, 4, '2112WM', 346, 11),
(519, 6, '2455SQ', 83, 28),
(523, 1, '3307DT', 256, 7),
(527, 4, '3505SK', 84, 110),
(537, 4, '4104FN', 6, 101),
(540, 3, '4320KJ', 259, 24),
(543, 6, '4418PT', 436, 79),
(544, 2, '4433OD', 7, 130),
(548, 7, '4946EA', 261, 16),
(553, 6, '5130UF', 262, 25),
(556, 1, '5427CX', 264, 123),
(566, 2, '6418WR', 265, 62),
(570, 6, '6999EK', 12, 12),
(575, 5, '7459VS', 179, 83),
(581, 7, '7842FV', 13, 54),
(586, 6, '7962LJ', 15, 96),
(589, 5, '8294IB', 442, 15),
(596, 1, '9673QN', 183, 89),
(597, 2, '9722NE', 360, 101),
(598, 6, '9781WC', 17, 136),
(599, 1, '9900WK', 184, 155),
(601, 7, '0180IA', 93, 36),
(607, 4, '1031LO', 185, 14),
(611, 7, '1465TO', 272, 121),
(616, 6, '2008HI', 186, 123),
(619, 3, '2455SQ', 98, 6),
(623, 4, '3307DT', 274, 217),
(624, 1, '3344BU', 188, 5),
(625, 7, '3375OU', 365, 52),
(629, 5, '3864JE', 447, 211),
(635, 1, '4019TJ', 366, 83),
(639, 2, '4246VY', 190, 28),
(642, 4, '4387HN', 278, 4),
(644, 4, '4433OD', 192, 29),
(652, 7, '5096EZ', 193, 41),
(653, 5, '5130UF', 450, 49),
(655, 1, '5217MX', 25, 32),
(656, 4, '5427CX', 281, 89),
(661, 2, '5877CI', 282, 36),
(662, 4, '5991TW', 452, 43),
(677, 2, '7579UA', 455, 196),
(680, 5, '7839RN', 456, 20),
(684, 5, '7907JE', 110, 5),
(685, 5, '7934FT', 286, 52),
(688, 7, '8225WK', 29, 72),
(704, 1, '0433LJ', 288, 29),
(709, 3, '1243ZP', 115, 15),
(710, 6, '1317AT', 462, 34),
(712, 3, '1599IU', 289, 41),
(716, 3, '2008HI', 33, 89),
(719, 2, '2455SQ', 116, 155),
(726, 6, '3383OD', 35, 3),
(729, 4, '3864JE', 205, 26),
(732, 1, '3978XH', 37, 1),
(735, 5, '4019TJ', 468, 65),
(751, 6, '5085IG', 382, 30),
(753, 5, '5130UF', 121, 39),
(763, 5, '5997CV', 210, 7),
(770, 1, '6999EK', 211, 34),
(774, 6, '7352DW', 212, 13),
(776, 2, '7535IS', 44, 89),
(777, 3, '7579UA', 213, 101),
(779, 4, '7806XY', 475, 155),
(781, 1, '7842FV', 126, 36),
(783, 4, '7897YC', 389, 79),
(787, 3, '8045MN', 476, 14),
(810, 1, '1317AT', 131, 12),
(813, 3, '1845LW', 395, 39),
(823, 6, '3307DT', 134, 7),
(852, 6, '5096EZ', 485, 1),
(854, 6, '5149RP', 55, 57),
(869, 3, '6926DV', 317, 211),
(879, 5, '7806XY', 318, 28),
(880, 3, '7839RN', 144, 47),
(895, 7, '9432EY', 148, 32),
(912, 2, '1599IU', 64, 1),
(921, 1, '3069FO', 415, 58),
(934, 3, '4016RX', 500, 42),
(960, 2, '5857YZ', 71, 24),
(969, 6, '6926DV', 73, 26),
(971, 2, '7065CR', 159, 121),
(973, 2, '7156II', 160, 25),
(978, 5, '7734GO', 425, 2),
(980, 2, '7839RN', 75, 20),
(992, 6, '8595II', 163, 33),
(996, 5, '9673QN', 340, 8),
(1007, 7, '1031LO', 254, 110),
(1038, 1, '4167VI', 350, 2),
(1040, 7, '4320KJ', 259, 20),
(1041, 3, '4329LH', 86, 58),
(1057, 2, '5450QR', 438, 9),
(1058, 1, '5544QA', 175, 11),
(1066, 2, '6418WR', 265, 96),
(1075, 2, '7459VS', 179, 32),
(1078, 3, '7734GO', 268, 136),
(1171, 2, '7065CR', 27, 30),
(1243, 2, '4418PT', 39, 7),
(1290, 4, '8529EU', 215, 12),
(1311, 2, '1465TO', 394, 40),
(1357, 6, '5450QR', 226, 9),
(1358, 5, '5544QA', 404, 11),
(1360, 7, '5857YZ', 315, 47),
(1416, 2, '2008HI', 234, 8),
(1582, 5, '7880IQ', 180, 182),
(2007, 2, '1031LO', 254, 68),
(2192, 7, '8595II', 375, 33),
(2290, 5, '8529EU', 215, 37);

-- --------------------------------------------------------

--
-- Table structure for table `course`
--

CREATE TABLE IF NOT EXISTS `course` (
  `course_code` varchar(255) NOT NULL,
  `course_name` varchar(255) NOT NULL,
  PRIMARY KEY (`course_code`)
) ENGINE=InnoDB DEFAULT CHARSET=latin1;

--
-- Dumping data for table `course`
--

INSERT INTO `course` (`course_code`, `course_name`) VALUES
('0090SH', 'poultrymeat'),
('0180IA', 'imports and exports'),
('0189BU', 'sheep'),
('0193PY', 'crops'),
('0433LJ', 'forgery'),
('0844DZ', 'farm outputs'),
('0855YZ', 'house condition'),
('1031LO', 'special educational needs and additional support'),
('1078XL', 'dft'),
('1243ZP', 'house'),
('1317AT', 'cfe treaty'),
('1465TO', 'healthy living'),
('1599IU', 'attainment sixth form college'),
('1845LW', 'performance'),
('1909FW', 'harvest'),
('1939XW', 'fostering'),
('2008HI', 'personal services'),
('2024JG', 'gps'),
('2112WM', 'prisoners'),
('2455SQ', 'education'),
('2568HP', 'homeless persons'),
('3069FO', 'health inequalities'),
('3243ZD', 'conception'),
('3307DT', 'addiction'),
('3344BU', 'alternative energy renewable'),
('3375OU', 'fish stocks'),
('3383OD', 'nmvocs'),
('3505SK', 'poppy'),
('3646JW', 'victimisation'),
('3864JE', 'iva'),
('3963KN', 'radiators and boilers'),
('3972XF', 'special educational needs'),
('3978XH', 'recruitment subsidy'),
('4003SF', 'workers'),
('4016RX', 'oilseed rape'),
('4019TJ', 'seafarer'),
('4029GR', 'price'),
('4104FN', 'retail services'),
('4167VI', 'cancer survival statistics'),
('4246VY', 'profitability'),
('4320KJ', 'democracy and elections'),
('4329LH', 'research and development'),
('4387HN', 'indirect tax analysis of quantities and receipts'),
('4418PT', 'livestock farming'),
('4433OD', 'payouts'),
('4482NZ', 'burglary'),
('4622ZK', 'civic engagement'),
('4917WD', 'charity'),
('4946EA', 'equality'),
('5002EL', 'stationed'),
('5054NX', 'animal feed'),
('5085IG', 'occupation mortality health'),
('5096EZ', 'overseas travel and tourism'),
('5130UF', 'electoral statistics'),
('5149RP', 'heart failure'),
('5217MX', 'health of the population'),
('5427CX', 'property crime'),
('5450QR', 'formations'),
('5544QA', 'exports'),
('5806KM', 'short rotation coppice'),
('5857YZ', 'information and communication technology'),
('5877CI', 'living standards and income levels'),
('5991TW', 'boars'),
('5997CV', 'gulf'),
('6147CF', 'school and college skills and qualifications'),
('6379PU', 'drink driving offences'),
('6418WR', 'forests and woodlands'),
('6478BN', 'health and social care professionals'),
('6688GU', 'violent crime'),
('6926DV', 'lifetime use'),
('6999EK', 'creditors voluntary liquidations'),
('7065CR', 'energy efficiency'),
('7135YA', 'school'),
('7156II', 'abstract'),
('7352DW', 'prescriptions'),
('7459VS', 'social services'),
('7535IS', 'attendance'),
('7579UA', 'enforcement'),
('7734GO', 'hours worked'),
('7806XY', 'violence against the person'),
('7839RN', 'plates'),
('7842FV', 'gross value added'),
('7880IQ', 'organised crime and terrorism'),
('7897YC', 'mot test evasion vehicles road'),
('7907JE', 'boars'),
('7934FT', 'expense'),
('7962LJ', 'smr'),
('8045MN', 'finance'),
('8225WK', 'fishing industry'),
('8294IB', 'retail and distribution'),
('8529EU', 'police'),
('8593FC', 'sand'),
('8595II', 'creditors voluntary liquidations'),
('8919LP', 'innovation'),
('9352YE', 'shellshock'),
('9432EY', 'oda'),
('9673QN', 'infrastructure roads'),
('9722NE', 'occupation mortality health'),
('9781WC', 'lettings'),
('9900WK', 'learning');

-- --------------------------------------------------------

--
-- Table structure for table `external_lecture`
--

CREATE TABLE IF NOT EXISTS `external_lecture` (
  `external_lecture_id` int(11) NOT NULL AUTO_INCREMENT,
  `date` date DEFAULT NULL,
  `external_lecture_name` varchar(255) NOT NULL,
  PRIMARY KEY (`external_lecture_id`)
) ENGINE=InnoDB  DEFAULT CHARSET=latin1 AUTO_INCREMENT=901 ;

--
-- Dumping data for table `external_lecture`
--

INSERT INTO `external_lecture` (`external_lecture_id`, `date`, `external_lecture_name`) VALUES
(1, '2010-08-30', 'Rosemary'),
(2, '2004-11-11', 'SLICE ORANGE POST MIX'),
(3, '2013-05-26', 'SAUCE MARINARA CUPS'),
(4, '2011-05-20', 'OLIVES STFD W/ANCHOVIE'),
(5, '2000-04-12', 'Perennial Onions'),
(6, '2011-12-19', 'COASTERS PPR'),
(7, '2004-11-28', 'COATING CANDY APPLE'),
(8, '2011-08-23', 'CUP ORANGE LARGE'),
(9, '2005-02-23', 'HAMBURG DILL CHIPS'),
(10, '2000-11-04', 'Ginseng'),
(11, '2010-06-01', 'PETRO GEL'),
(12, '2001-07-28', 'PERRIER WATER'),
(13, '2000-09-23', 'ROCK CNDY SWIZZLE'),
(14, '2005-01-15', 'Lima Beans'),
(15, '2001-03-24', 'Goto Kola'),
(16, '2007-11-07', 'Spice Peppers'),
(17, '2010-06-18', 'JUICE GRAPEFRUIT'),
(18, '2005-05-14', 'CUT OUT FOOD DECO'),
(19, '2012-11-09', 'COOKING WINE RED BURGUNDY'),
(20, '2009-12-12', 'CHERRIES  BRANDY/BOOT'),
(21, '2008-08-26', 'Licorice Root'),
(22, '2006-06-26', 'Cayenne'),
(23, '2013-07-05', 'Kohlrabi'),
(24, '2001-08-13', 'LINER HVY 22X14X58 BLACK'),
(25, '2011-07-01', 'CLAMS MINCED GORTON'),
(26, '2005-06-27', 'Aloe Vera'),
(27, '2002-01-29', 'Bunching Onions'),
(28, '2011-08-19', 'BAG PASTRY'),
(29, '2006-02-05', 'Speciality Beans'),
(30, '2002-04-19', 'BAG POLY FOR POTATOES'),
(31, '2010-12-12', 'COFFEE FILTER NR4'),
(32, '2009-12-11', 'Dent Corn'),
(33, '2006-01-10', 'Metabo Right'),
(34, '2003-12-09', 'Shell Peas'),
(35, '2011-11-22', 'Southern/Cow Peas'),
(36, '2003-02-12', 'Salsify'),
(37, '2009-12-28', 'Coenzyme Q-10'),
(38, '2008-09-30', 'TACO SEASONING MIX'),
(39, '2004-04-25', 'Blue-Green Algae'),
(40, '2011-12-29', 'BEVNAPS ROYAL BLUE'),
(41, '2003-04-18', 'Sausalito Spice Tea'),
(42, '2012-05-29', 'Gourds'),
(43, '2006-09-04', 'Cabbage'),
(44, '2001-05-30', 'HEALTHY CHOICE PASTA'),
(45, '2002-01-14', 'ROCK CNDY SWIZZLE'),
(46, '2007-11-12', 'WATER DASANI BTL'),
(47, '2006-11-22', 'SLICE ORANGE POST MIX'),
(48, '2013-02-11', 'TEA DECAF APRICOT'),
(49, '2000-06-14', 'Snap Bush Beans'),
(50, '2007-01-19', 'STEEL SPONGE'),
(51, '2011-05-02', 'Package Deals'),
(52, '2013-07-02', 'Acidophilus'),
(53, '2002-11-25', 'Grapeseed Oil'),
(54, '2000-09-04', 'VANILLA BUTTERNUT'),
(55, '2010-12-07', 'Parsnips'),
(56, '2000-05-09', 'BROWN WRAP'),
(57, '2000-11-17', 'Canning Tomatoes'),
(58, '2009-08-13', 'Leeks'),
(59, '2004-01-04', 'Lemon Oil'),
(60, '2005-11-02', 'BAMBOO SKEWERS'),
(61, '2006-10-01', 'Apple Cider Vinegar'),
(62, '2004-07-28', 'Currant Tomatoes'),
(63, '2005-12-24', 'Shark Cartilage'),
(64, '2009-08-11', 'PAPERRED SMALL'),
(65, '2003-09-14', 'JUICE GRAPEFRUIT'),
(66, '2010-11-07', 'Yellow Tomatoes'),
(67, '2000-12-15', 'BEANS BLACK'),
(68, '2009-06-07', 'Hair Glow'),
(69, '2011-08-02', 'Ornamental Wheat'),
(70, '2005-01-02', 'Barley Grass'),
(71, '2006-09-29', 'SPAGHETTI WHOLE WHEAT'),
(72, '2007-01-08', 'OIL OLIVE X VIR APULIAN'),
(73, '2000-10-19', 'Snap Bush Beans'),
(74, '2004-02-12', 'Red Raspberry'),
(75, '2001-07-30', 'DHEA'),
(76, '2007-05-27', 'Emu Bath & Shower Gel'),
(77, '2006-10-02', 'Corn'),
(78, '2010-07-06', 'Pumpkins'),
(79, '2008-04-14', 'Speciality Beans'),
(80, '2011-06-10', 'CANNOLI SHELLS'),
(81, '2012-02-07', 'JUICE LEMON 4GR'),
(82, '2007-05-26', 'Storage Tomatoes'),
(83, '2013-11-10', 'GATORADE GLACIER ICE'),
(84, '2003-01-22', 'Cinnamon Spice'),
(85, '2000-11-19', 'CLAMS MINCED GORTON'),
(86, '2006-03-14', 'Emu Oil Body Cooler'),
(87, '2011-10-24', 'Rosemary'),
(88, '2002-04-10', 'Lemon Oil'),
(89, '2009-12-29', 'Premier Bath Pak'),
(90, '2000-07-30', 'Onions'),
(91, '2013-12-11', 'Broccoli'),
(92, '2010-11-30', 'Ground Cherries'),
(93, '2010-07-28', 'Eucalyptus Oil'),
(94, '2008-07-19', 'Spice Basket'),
(95, '2003-09-29', 'DHEA'),
(96, '2004-07-31', 'Open-Pollinated Sweet Corn'),
(97, '2010-02-09', 'MANDARIN ORANGES'),
(98, '2007-04-25', 'Gingko Plus 4'),
(99, '2012-09-16', 'TABLECOVER CLOSEOUT'),
(100, '2012-09-20', 'Dent Corn'),
(101, '2012-04-30', 'Love Tea'),
(102, '2011-12-28', 'ELBOW MACARONI'),
(103, '2012-08-30', 'Ginkgo Biloba'),
(104, '2007-08-17', 'Rosemary'),
(105, '2002-06-01', 'Spinach'),
(106, '2005-03-20', 'BEVNAPS ROYAL BLUE'),
(107, '2000-10-28', 'PEPSI PRE-MIX'),
(108, '2007-03-16', 'Hybrid Sweet Corn'),
(109, '2013-04-16', 'LINER HVY 22X14X58 BLACK'),
(110, '2010-09-03', 'CLAMS MINCED GORTON'),
(111, '2012-06-24', 'PEACHES SLICED'),
(112, '2000-08-16', 'Evening Primrose Oil'),
(113, '2007-12-04', 'Dry Blub Onions'),
(114, '2003-06-24', 'Japanese Green Tea'),
(115, '2005-06-12', 'Hawthorn Berry'),
(116, '2003-12-16', 'Dry Blub Onions'),
(117, '2010-03-06', 'ALMONDS RED COATED'),
(118, '2006-05-15', 'SNAPPER RED'),
(119, '2007-01-20', 'Snap Peas'),
(120, '2008-07-08', 'Chinese Cabbage'),
(121, '2009-10-06', 'FO-TI'),
(122, '2008-11-05', 'GATORADE ORANGE'),
(123, '2007-05-08', 'Speciality Beans'),
(124, '2003-05-14', 'GOJO HAND CLEANER LEMON'),
(125, '2004-02-20', 'Ginkgo Biloba'),
(126, '2002-04-23', 'ARTICHOKE HEARTS'),
(127, '2003-02-21', 'Flower Bulbs'),
(128, '2002-02-18', 'Elephant Garlic'),
(129, '2009-11-17', 'Aloe Vera'),
(130, '2005-07-29', 'Kohlrabi'),
(131, '2011-07-30', 'Chromium Picolinate'),
(132, '2004-06-21', 'Flowers'),
(133, '2001-08-19', 'Emu Massage Cream'),
(134, '2011-01-26', 'Hardneck Garlic'),
(135, '2011-04-10', 'Cotton'),
(136, '2003-09-15', 'ARTICHOKE HEARTS'),
(137, '2002-01-03', 'GRIDDLE POLISH PAD'),
(138, '2005-02-14', 'ELEPHANT GARLIC'),
(139, '2006-06-16', 'SPAGHETTI WHOLE WHEAT'),
(140, '2012-10-23', 'Cat''s Claw'),
(141, '2001-05-02', 'Coenzyme Q-10'),
(142, '2006-08-05', 'OLIVE MIST COATING'),
(143, '2004-10-06', 'Broccoli'),
(144, '2011-01-06', 'Chasteberry Tea'),
(145, '2000-06-12', 'PERRIER WATER'),
(146, '2012-02-27', 'BELLS WEDDING CREPE'),
(147, '2006-05-03', 'Yellow Tomatoes'),
(148, '2006-05-30', 'ELBOW MACARONI'),
(149, '2008-12-16', 'Flower Bulbs'),
(150, '2001-10-21', 'BROWN WRAP'),
(151, '2004-04-25', 'RIGATONI MEZZI'),
(152, '2005-03-25', 'Pink Tomatoes'),
(153, '2013-01-08', 'COFFEE FILTER NR4'),
(154, '2004-06-25', 'Clove Oil'),
(155, '2010-07-30', 'Devils Claw'),
(156, '2013-05-29', 'RAISIN COOKIE FILLED'),
(157, '2010-03-26', 'Spice Basket'),
(158, '2000-08-28', 'JERKY BEEF TERIKAKI'),
(159, '2009-02-08', 'Radishes'),
(160, '2000-08-13', 'Summer Squash'),
(161, '2000-02-01', 'BAG POLY FOR POTATOES'),
(162, '2010-08-31', 'TEA GREEN BAGS BOX'),
(163, '2004-06-08', 'Cinnamon Spice'),
(164, '2008-04-02', 'TACO SEASONING MIX'),
(165, '2013-08-19', 'Dreams Leave-In Protein'),
(166, '2005-12-21', 'Lima Beans'),
(167, '2011-08-19', 'TEA DECAF APRICOT'),
(168, '2010-07-15', 'MOUNTAIN DEW PRE-MIX'),
(169, '2001-01-02', 'Glucosamine Sulfate'),
(170, '2006-04-01', 'Love Tea'),
(171, '2001-10-22', 'Leeks'),
(172, '2003-04-21', 'Apple Cider Vinegar'),
(173, '2009-05-18', 'BAGS PRECUT'),
(174, '2013-04-29', 'Sweet Bell Peppers'),
(175, '2012-07-05', 'Emu Body Lotion'),
(176, '2013-05-29', 'LINER HVY 22X14X58 BLACK'),
(177, '2009-05-31', 'Watermelon'),
(178, '2005-04-28', 'Devils Claw'),
(179, '2004-03-23', 'FO-TI'),
(180, '2000-11-02', 'Bayberry'),
(181, '2012-03-07', 'SANITIZER PK SANISURE'),
(182, '2004-12-14', 'Emu Bath & Shower Gel'),
(183, '2007-06-03', 'GATORADE GLACIER ICE'),
(184, '2002-06-13', 'TABLECOVER CLOSEOUT'),
(185, '2002-01-04', 'Broccoli'),
(186, '2012-07-28', 'Saw Palmetto'),
(187, '2001-09-24', 'Dent Corn'),
(188, '2000-12-04', 'CUP ORANGE LARGE'),
(189, '2012-06-30', 'Goto Kola'),
(190, '2006-08-29', 'Aloe Vera'),
(191, '2003-12-15', 'Shark Cartilage'),
(192, '2002-12-10', 'FUEL HANDY GEL'),
(193, '2002-02-05', 'Noni Fruit'),
(194, '2004-12-23', 'Package Deals'),
(195, '2001-11-17', 'BAG PASTRY'),
(196, '2013-05-03', 'JUICE LEMON 4GR'),
(197, '2007-06-03', 'CHERRIES  BRANDY/BOOT'),
(198, '2005-08-05', 'COOKING WINE RED BURGUNDY'),
(199, '2000-01-22', 'Turnips'),
(200, '2005-09-02', 'COOKIE W/NUTS CHOC/DIP'),
(201, '2006-12-22', 'RAISIN COOKIE FILLED'),
(202, '2001-05-08', 'Flowers'),
(203, '2007-03-25', 'Ginseng'),
(204, '2006-10-15', 'SARDINES HOT SCE'),
(205, '2001-08-13', 'Herbal Tea Basket'),
(206, '2011-12-31', 'Softneck (Braidable) Garlic'),
(207, '2004-02-10', 'Saw Palmetto'),
(208, '2011-06-24', 'HAM HOCKS'),
(209, '2009-02-17', 'TABLE BLACK MEDIUM'),
(210, '2000-12-17', 'Dandelion'),
(211, '2010-05-25', 'SANITIZER STERA SHEEN'),
(212, '2013-09-07', 'Metabo Right'),
(213, '2012-11-15', 'BAGS PRECUT'),
(214, '2009-01-18', 'Liquid Gold Styling Glaze'),
(215, '2006-11-05', 'Spice Basket'),
(216, '2001-02-05', 'Squash'),
(217, '2005-07-11', 'BROWN WRAP'),
(218, '2000-12-04', 'SARDINES HOT SCE'),
(219, '2008-08-05', 'Lemon Oil'),
(220, '2005-03-11', 'Dong Quai'),
(221, '2004-10-21', 'Pickling Cucumbers'),
(222, '2008-07-08', 'ARTICHOKE HEARTS'),
(223, '2011-03-13', 'Grape Seed'),
(224, '2013-09-30', 'JUICE LEMON 4GR'),
(225, '2013-01-05', 'TOPPING KRUNCH KOTE'),
(226, '2003-09-02', 'RAISIN COOKIE FILLED'),
(227, '2007-01-07', 'Peas'),
(228, '2008-10-13', 'SOUP VEGETABLE'),
(229, '2005-03-10', 'Swiss Chard'),
(230, '2004-05-13', 'Blue-Green Algae'),
(231, '2013-03-11', 'FUEL HANDY GEL'),
(232, '2001-09-08', 'Hardneck Garlic'),
(233, '2001-01-30', 'TABLE GREEN XLARGE'),
(234, '2010-02-16', 'Ginger Root'),
(235, '2012-04-07', 'SNAPPER RED'),
(236, '2005-09-17', 'COFFEE FILTER NR2'),
(237, '2011-04-25', 'Hardneck Garlic'),
(238, '2005-12-22', 'Saw Palmetto'),
(239, '2006-06-18', 'Emu Body Lotion'),
(240, '2005-08-27', 'Sweet Bell Peppers'),
(241, '2003-08-10', 'OLIVES STFD W/ANCHOVIE'),
(242, '2001-02-01', 'Emu Body Lotion'),
(243, '2000-07-26', 'FO-TI'),
(244, '2011-07-04', 'Flower Bulbs'),
(245, '2003-11-27', 'Peppers'),
(246, '2008-02-09', 'Leeks'),
(247, '2000-03-19', 'CHIP DISH SHELL'),
(248, '2009-03-12', 'BISCUITS CHAMPAGNE'),
(249, '2002-07-02', 'Kohlrabi'),
(250, '2003-04-05', 'Brussels Sprouts'),
(251, '2002-08-27', 'COFFEE FILTER LARGE'),
(252, '2007-03-20', 'Chinese Cabbage'),
(253, '2013-05-17', 'Bi-Color Tomatoes'),
(254, '2012-04-10', 'CUT OUT FOOD DECO'),
(255, '2009-09-02', 'RAINBOW TROUT'),
(256, '2006-02-19', 'Cayenne'),
(257, '2002-01-28', 'Sweet Peppers'),
(258, '2012-04-25', 'Emu Bath & Shower Gel'),
(259, '2002-12-12', 'Citrin'),
(260, '2007-05-11', 'BEVNAPS ROYAL BLUE'),
(261, '2013-04-08', 'DESSERT SLEEVES GREEN'),
(262, '2001-06-14', 'Bayberry'),
(263, '2012-02-20', 'DHEA'),
(264, '2012-08-19', 'Bayberry'),
(265, '2004-01-30', 'FONDANT'),
(266, '2004-08-18', 'Spinach'),
(267, '2000-11-07', 'COATING CANDY APPLE'),
(268, '2006-09-20', 'Muskmelon/Cantaloupe'),
(269, '2007-08-29', 'Southern/Cow Peas'),
(270, '2012-06-15', 'OIL OLIVE X VIR APULIAN'),
(271, '2007-11-30', 'Rutabaga'),
(272, '2006-11-29', 'Barley Grass'),
(273, '2009-07-12', 'SHARK LOIN MAKO'),
(274, '2004-10-17', 'Yucca Root'),
(275, '2011-06-21', 'Chromium Picolinate'),
(276, '2002-11-24', 'Goldenseal'),
(277, '2012-02-25', 'BELLS WEDDING CREPE'),
(278, '2004-12-13', 'SHARK LOIN MAKO'),
(279, '2003-01-23', 'Kohlrabi'),
(280, '2001-05-11', 'ARTICHOKE HEARTS'),
(281, '2006-05-19', 'PEACHES SLICED'),
(282, '2013-01-21', 'Cotton'),
(283, '2009-05-07', 'My Helping Heart'),
(284, '2005-03-12', 'Elephant Garlic'),
(285, '2000-08-04', 'My Helping Heart'),
(286, '2010-03-01', 'PEAR HALVES LT.SYRUP'),
(287, '2010-01-18', 'JUICE GRAPEFRUIT'),
(288, '2007-07-13', 'Corn'),
(289, '2001-11-08', 'Hair Glow'),
(290, '2005-01-01', 'COASTERS PPR'),
(291, '2003-04-06', 'TOPPING KRUNCH KOTE'),
(292, '2000-08-02', 'Eggplant'),
(293, '2004-12-12', 'ORANGES MANDARIN'),
(294, '2011-11-29', 'Glucosamine Sulfate'),
(295, '2008-11-15', 'Goldenseal'),
(296, '2013-04-29', 'Rosemary'),
(297, '2003-03-07', 'SOUP CR CHICKEN'),
(298, '2001-09-05', 'GATORADE FRUIT PUNCH'),
(299, '2010-01-21', 'Kale'),
(300, '2010-05-29', 'FONDANT'),
(301, '2007-01-20', 'SKEWERS WOODEN'),
(302, '2006-10-12', 'CHIP DISH SHELL'),
(303, '2000-04-04', 'Yohimbe'),
(304, '2001-05-02', 'BELLS WEDDING CREPE'),
(305, '2001-01-07', 'Herbal Detox Program'),
(306, '2004-03-16', 'SNAPPER RED'),
(307, '2010-03-09', 'Emu Bath & Shower Gel'),
(308, '2010-12-19', 'SAUCE MARINARA CUPS'),
(309, '2005-10-03', 'BAG PASTRY'),
(310, '2008-06-27', 'Pop Corn'),
(311, '2003-01-15', 'Chasteberry Tea'),
(312, '2008-12-24', 'T-SHIRT WHITE LARGE'),
(313, '2011-07-30', 'Eucamint'),
(314, '2002-02-15', 'Small Fruited/Cherry Tomatoes'),
(315, '2002-11-07', 'Emu Massage Cream'),
(316, '2007-01-02', 'SALMON WHOLE'),
(317, '2007-03-28', 'AIRCO GREEN XLARGE'),
(318, '2009-09-04', 'TOBBLER MILK CHOC MED BAR'),
(319, '2007-04-26', 'HAM HOCKS'),
(320, '2003-12-13', 'Gingko Plus 4'),
(321, '2013-07-30', 'SALMON WHOLE'),
(322, '2007-08-14', 'Hawthorn Berry'),
(323, '2011-08-26', 'FO-TI'),
(324, '2001-12-18', 'OLIVE MIST COATING'),
(325, '2003-09-20', 'Blue-Green Algae'),
(326, '2011-07-26', 'PEAR HALVES'),
(327, '2003-01-22', 'Spinach'),
(328, '2009-08-19', 'Peanuts'),
(329, '2004-01-30', 'RIGATONI MEZZI'),
(330, '2011-06-17', 'DOOR TYPE 2 WHITE LARGE'),
(331, '2013-03-08', 'Barley Grass'),
(332, '2011-04-11', 'Kale'),
(333, '2001-04-28', 'Chamomile Tea'),
(334, '2013-07-29', 'BAGS PRECUT'),
(335, '2007-05-14', 'SLICE ORANGE POST MIX'),
(336, '2000-07-18', 'TEA DECAF APRICOT'),
(337, '2005-03-16', 'BANQUET RL WHITE'),
(338, '2010-06-13', 'Dent Corn'),
(339, '2011-12-12', 'BINS WATERMELON'),
(340, '2000-05-28', 'OIL OLIVE X VIR APULIAN'),
(341, '2013-09-11', 'Coenzyme Q-10'),
(342, '2000-06-07', 'BISCUITS CHAMPAGNE'),
(343, '2012-04-22', 'Pycnogenol'),
(344, '2005-07-31', 'Perennial Onions'),
(345, '2007-06-12', 'Turnips'),
(346, '2001-07-26', 'Collards'),
(347, '2011-01-23', 'COFFEE FILTER XLARGE'),
(348, '2006-04-27', 'Grape Seed'),
(349, '2013-05-22', 'Sweet Bell Peppers'),
(350, '2013-06-01', 'Cat''s Claw'),
(351, '2004-05-23', 'Lemon Oil'),
(352, '2005-12-21', 'Parsley'),
(353, '2004-10-15', 'FO-TI'),
(354, '2003-09-07', 'Kale'),
(355, '2008-02-25', 'BEANS BLACK'),
(356, '2011-07-17', 'METAL SIDE CHAIR BLACK'),
(357, '2004-07-11', 'MANDARIN ORANGES'),
(358, '2007-05-11', 'Goto Kola'),
(359, '2008-01-24', 'Ginger Root'),
(360, '2011-02-15', 'CLAMS MINCED GORTON'),
(361, '2000-11-01', 'Shell Peas'),
(362, '2003-06-03', 'COASTERS PPR'),
(363, '2001-07-02', 'GRIDDLE POLISH PAD'),
(364, '2008-02-03', 'Hair Glow'),
(365, '2010-06-16', 'BAG PASTRY'),
(366, '2001-10-06', 'SHARK LOIN MAKO'),
(367, '2005-04-04', 'PEAR HALVES'),
(368, '2000-04-03', 'CANNOLI SHELLS'),
(369, '2010-02-04', 'BAGS FOODSAVER 6-PACK'),
(370, '2005-05-26', 'Ornamental Wheat'),
(371, '2001-05-24', 'Collards'),
(372, '2001-11-07', 'Snap Bush Beans'),
(373, '2001-04-25', 'TABLE BASE 4 PRONG'),
(374, '2001-06-06', 'Southern/Cow Peas'),
(375, '2002-07-26', 'Onions'),
(376, '2010-07-01', 'DHEA'),
(377, '2013-07-07', 'JUICE LEMON 4GR'),
(378, '2008-09-16', 'Speciality Beans'),
(379, '2013-07-24', 'DHEA'),
(380, '2002-12-24', 'Chamomile Tea'),
(381, '2003-02-01', 'OIL OLIVE X VIR APULIAN'),
(382, '2000-10-21', 'Emu Oil Body Cooler'),
(383, '2000-09-14', 'Ornamental Wheat'),
(384, '2001-09-07', 'TEA GREEN BAGS BOX'),
(385, '2011-09-04', 'COFFEE FILTER NR3'),
(386, '2011-03-27', 'Pumpkins'),
(387, '2008-08-19', 'Cayenne'),
(388, '2002-05-02', 'Bi-Color Tomatoes'),
(389, '2011-03-28', 'Kava Kava'),
(390, '2002-04-27', 'Chasteberry Tea'),
(391, '2005-11-08', 'Cauliflower'),
(392, '2000-04-15', 'Dong Quai'),
(393, '2008-03-23', 'PUDDING VANILLA DEAN'),
(394, '2000-02-04', 'Snap Pole Beans'),
(395, '2003-04-07', 'Red Raspberry'),
(396, '2003-10-09', 'VINEGAR RICE MARUKAN'),
(397, '2002-01-21', 'Spice Peppers'),
(398, '2006-10-10', 'STEEL SPONGE'),
(399, '2013-02-02', 'SPAGHETTI WHOLE WHEAT'),
(400, '2006-01-30', 'Radishes'),
(401, '2007-04-09', 'Gingko Plus 4'),
(402, '2011-10-20', 'SARDINES HOT SCE'),
(403, '2001-09-10', 'Liquid Luster Shampoo'),
(404, '2000-07-29', 'Sorghum'),
(405, '2013-10-11', 'SANITIZER STERA SHEEN'),
(406, '2003-10-03', 'Pink Tomatoes'),
(407, '2003-10-06', 'COFFEE FILTER NR4'),
(408, '2010-06-13', 'Canning Tomatoes'),
(409, '2010-09-28', 'Japanese Green Tea'),
(410, '2011-01-16', 'Pink Tomatoes'),
(411, '2007-02-01', 'Snap Peas'),
(412, '2007-10-03', 'Parsley'),
(413, '2004-05-26', 'Lemon Oil'),
(414, '2003-11-27', 'BAGS PRECUT'),
(415, '2012-08-29', 'GREEN LENTILS'),
(416, '2000-10-06', 'Flower Bulbs'),
(417, '2001-10-30', 'Hair Glow'),
(418, '2006-08-30', 'CLAMS MINCED GORTON'),
(419, '2004-12-13', 'Gourd Seed Corn'),
(420, '2010-07-23', 'Snow Peas'),
(421, '2002-08-04', 'LINER HVY 22X14X58 BLACK'),
(422, '2001-06-04', 'Sweet Non-Bell Peppers'),
(423, '2013-09-29', 'TEA DECAF APRICOT'),
(424, '2006-08-09', 'Emu Massage Cream'),
(425, '2012-02-27', 'GARLIC MIST AERO'),
(426, '2000-03-22', 'Cinnamon Spice'),
(427, '2002-05-29', 'OLIVES STFD QN STAR'),
(428, '2010-09-15', 'SAUCE MARINARA CUPS'),
(429, '2007-05-17', 'COFFEE FILTER NR3'),
(430, '2006-04-27', 'TOOTSIE POPS'),
(431, '2001-04-09', 'Dreams Leave-In Protein'),
(432, '2006-06-03', 'FEATHER DUSTER OSTRICH'),
(433, '2007-06-28', 'DESSERT SLEEVES GREEN'),
(434, '2006-11-12', 'Pumpkins'),
(435, '2006-03-15', 'Premier Bath Pak'),
(436, '2007-03-30', 'Emu Oil Flex-A-Cure'),
(437, '2012-01-04', 'TEA DECAF APRICOT'),
(438, '2009-06-17', 'Dreams Leave-In Protein'),
(439, '2001-07-31', 'Spice Peppers'),
(440, '2002-12-20', 'Yucca Root'),
(441, '2009-11-23', 'TABLE BASE 4 PRONG'),
(442, '2000-01-25', 'Shell Peas'),
(443, '2002-03-22', 'ELEPHANT GARLIC'),
(444, '2008-10-25', 'GOJO HAND CLEANER LEMON'),
(445, '2004-09-09', 'Herbal Detox Program'),
(446, '2000-05-06', 'Snap Bush Beans'),
(447, '2006-07-10', 'BEVERAGE CUP'),
(448, '2001-08-11', 'Pycnogenol'),
(449, '2003-12-10', 'CUT OUT FOOD DECO'),
(450, '2001-07-20', 'Glucosamine Sulfate'),
(451, '2001-02-03', 'COOKING WINE RED BURGUNDY'),
(452, '2004-02-06', 'SOUP VEGETABLE'),
(453, '2010-01-26', 'Dandelion'),
(454, '2006-08-22', 'BEVERAGE CUP'),
(455, '2011-10-26', 'Winter Squash'),
(456, '2007-02-20', 'Okra'),
(457, '2010-10-26', 'Okra'),
(458, '2006-12-18', 'DESSERT SLEEVES RED'),
(459, '2001-02-07', 'Tea Tree Oil'),
(460, '2000-07-26', 'GARLIC MIST AERO'),
(461, '2013-01-08', 'PERRIER WATER'),
(462, '2008-10-31', 'Japanese Green Tea'),
(463, '2002-04-27', 'TABLECOVER CLOSEOUT'),
(464, '2000-12-01', 'Chinese Cabbage'),
(465, '2008-06-21', 'LA VIE NICESKISES'),
(466, '2003-05-20', 'Okra'),
(467, '2007-10-04', 'TEA DECAF APRICOT'),
(468, '2003-05-08', 'DOOR BROWN XLARGE'),
(469, '2002-05-14', 'Tomatoes'),
(470, '2006-07-18', 'ELBOWS WHOLE WHEAT'),
(471, '2002-07-03', 'Bi-Color Tomatoes'),
(472, '2004-07-30', 'Rutabaga'),
(473, '2001-01-10', 'Emu Oil Flex-A-Cure'),
(474, '2012-12-19', 'SOUP CR CHICKEN'),
(475, '2007-09-15', 'Gourd Seed Corn'),
(476, '2013-03-24', 'Coenzyme (CoQ-10)'),
(477, '2005-10-10', 'COASTERS PPR'),
(478, '2000-04-15', 'Cabbage'),
(479, '2013-08-10', 'Snap Bush Beans'),
(480, '2005-07-05', 'HEINZ TARRAGON VINEGAR'),
(481, '2012-07-25', 'GRIDDLE POLISH PAD'),
(482, '2007-10-05', 'Open-Pollinated Sweet Corn'),
(483, '2002-02-28', 'Ornamental Wheat'),
(484, '2002-06-17', 'Brussels Sprouts'),
(485, '2000-05-03', 'OLIVES STFD W/ANCHOVIE'),
(486, '2013-03-31', 'My Helping Heart'),
(487, '2005-10-01', 'GATORADE ORANGE'),
(488, '2002-01-19', 'Cotton'),
(489, '2012-01-18', 'LINER HVY 22X14X58 BLACK'),
(490, '2013-08-10', 'Everlasting Flowers'),
(491, '2000-04-01', 'Eucamint'),
(492, '2000-09-18', 'BISCOTTI VARIETY 4PK'),
(493, '2006-04-17', 'Everlasting Flowers'),
(494, '2008-04-04', 'Yohimbe'),
(495, '2001-05-02', 'COOKIE W/NUTS CHOC/DIP'),
(496, '2001-10-04', 'Hyssop Tea'),
(497, '2009-11-25', 'BISCOTTI VARIETY 4PK'),
(498, '2011-07-09', 'Beets'),
(499, '2001-02-25', 'JUICE GRAPEFRUIT'),
(500, '2010-09-14', 'GOJO HAND CLEANER LEMON'),
(501, '2013-02-23', 'GOJO HAND CLEANER LEMON'),
(502, '2010-01-01', 'PEACHES SLICED'),
(503, '2010-07-23', 'ELBOWS WHOLE WHEAT'),
(504, '2003-08-01', 'Snap Peas'),
(505, '2012-06-10', 'BEVNAPS ROYAL BLUE'),
(506, '2004-08-22', 'JERKY BEEF PEPPERED'),
(507, '2011-06-23', 'JUICE LEMON 4GR'),
(508, '2007-10-07', 'COFFEE FILTER NR2'),
(509, '2004-12-22', 'ELBOWS WHOLE WHEAT'),
(510, '2011-09-01', 'SALMON WHOLE'),
(511, '2000-11-21', 'FO-TI'),
(512, '2002-03-25', 'Gingko Plus 4'),
(513, '2005-04-05', 'Grapeseed Oil'),
(514, '2008-09-06', 'Radishes'),
(515, '2000-10-09', 'BAG PASTRY'),
(516, '2000-02-04', 'Saw Palmetto'),
(517, '2013-08-09', 'BAG COTTON CANDY PRINTED  CLOWN'),
(518, '2007-03-13', 'Liquid Gold Styling Glaze'),
(519, '2006-02-10', 'GOJO HAND CLEANER LEMON'),
(520, '2006-06-29', 'Echinacea'),
(521, '2006-06-20', 'Slicing Cucumbers'),
(522, '2000-06-05', 'PERRIER WATER'),
(523, '2010-07-26', 'Tomatillos'),
(524, '2005-02-24', 'BELLS WEDDING CREPE'),
(525, '2004-05-21', 'Dent Corn'),
(526, '2009-08-28', 'TABLE BASE 4 PRONG'),
(527, '2012-01-14', 'SOUP VEGETABLE'),
(528, '2001-09-24', 'Snow Peas'),
(529, '2008-03-28', 'GATORADE LEMON LIME'),
(530, '2005-11-13', 'FONDANT'),
(531, '2012-03-04', 'WATER DASANI BTL'),
(532, '2012-03-05', 'Eucalyptus Oil'),
(533, '2013-02-09', 'Emu Magic Eyes'),
(534, '2013-09-05', 'SKEWERS WOODEN'),
(535, '2009-09-25', 'KODAK CAMERA'),
(536, '2010-01-25', 'White Tomatoes'),
(537, '2002-02-06', 'Damiana'),
(538, '2006-10-29', 'Dreams Re-Conditioner'),
(539, '2001-10-19', 'SWEETENER NATRA TASTE'),
(540, '2000-06-29', 'PAPERORANGE LARGE'),
(541, '2005-12-25', 'Metabo Right'),
(542, '2000-03-24', 'Echinacea'),
(543, '2003-01-06', 'FUEL HANDY GEL'),
(544, '2011-08-22', 'COATING CANDY APPLE'),
(545, '2007-09-25', 'GOJO HAND CLEANER LEMON'),
(546, '2002-08-27', 'BAG COTTON CANDY PRINTED  CLOWN'),
(547, '2008-03-17', 'Emu Body Lotion'),
(548, '2002-02-07', 'HEALTHY CHOICE PASTA'),
(549, '2010-02-15', 'DRIED MUSHROOMS'),
(550, '2012-01-30', 'Dandelion'),
(551, '2000-01-11', 'Super Herb Diet Formula'),
(552, '2003-01-31', 'BELLS WEDDING CREPE'),
(553, '2012-07-08', 'Storage Tomatoes'),
(554, '2010-01-19', 'COFFEE FILTER NR2'),
(555, '2006-08-20', 'Tanning Accelerator'),
(556, '2008-08-01', 'Apple Cider Vinegar'),
(557, '2000-02-04', 'Rosemary'),
(558, '2007-08-16', 'SAUCE MARINARA CUPS'),
(559, '2006-04-02', 'COATING CANDY APPLE'),
(560, '2002-12-30', 'Sweet Bell Peppers'),
(561, '2006-01-01', 'Tomatillos'),
(562, '2011-10-21', 'BANQUET RL WHITE'),
(563, '2008-12-16', 'PUDDING VANILLA DEAN'),
(564, '2006-06-22', 'Acidophilus'),
(565, '2010-06-14', 'Speciality Beans'),
(566, '2003-05-07', 'BEANS BLACK'),
(567, '2003-04-27', 'Snow Peas'),
(568, '2006-01-19', 'Saw Palmetto'),
(569, '2011-08-07', 'Emu Body Lotion'),
(570, '2009-08-09', 'Goldenseal'),
(571, '2004-12-27', 'Evening Primrose Oil'),
(572, '2009-10-08', 'PEACHES SLICED'),
(573, '2003-02-08', 'VANILLA BUTTERNUT'),
(574, '2007-04-22', 'Love Tea'),
(575, '2012-02-03', 'OLIVES STFD W/ANCHOVIE'),
(576, '2000-06-12', 'Bunching Onions'),
(577, '2011-11-28', 'ARTICHOKE HEARTS'),
(578, '2004-02-17', 'Eggplant'),
(579, '2006-09-21', 'Emu Bath & Shower Gel'),
(580, '2012-06-27', 'Hawthorn Berry'),
(581, '2000-10-03', 'Speciality Beans'),
(582, '2006-01-12', 'Peppers'),
(583, '2002-10-13', 'Southern/Cow Peas'),
(584, '2010-08-27', 'SLICE ORANGE POST MIX'),
(585, '2012-05-20', 'Supplies'),
(586, '2009-11-08', 'VANILLA BUTTERNUT'),
(587, '2000-05-21', 'PEAR HALVES LT.SYRUP'),
(588, '2003-06-24', 'SWEETENER NATRA TASTE'),
(589, '2011-01-06', 'CHIP DISH SHELL'),
(590, '2007-04-12', 'Hot Peppers'),
(591, '2000-07-12', 'Coenzyme Q-10'),
(592, '2000-07-29', 'Emu Massage Cream'),
(593, '2007-04-30', 'COOKIE W/NUTS CHOC/DIP'),
(594, '2000-02-11', 'Flowers'),
(595, '2010-02-10', 'CANNOLI SHELLS'),
(596, '2009-02-27', 'BAG PASTRY'),
(597, '2006-05-10', 'Dandelion'),
(598, '2012-12-24', 'Chickweed'),
(599, '2009-06-27', 'BEEF JERKY ORIGINAL'),
(600, '2000-01-20', 'PEAR HALVES'),
(601, '2001-08-31', 'DRIED MUSHROOMS'),
(602, '2005-08-29', 'Yucca Root'),
(603, '2008-02-02', 'BAG COTTON CANDY PRINTED  CLOWN'),
(604, '2010-08-29', 'Shell Peas'),
(605, '2001-09-21', 'Bayberry'),
(606, '2006-03-01', 'Coenzyme (CoQ-10)'),
(607, '2006-09-25', 'Posters'),
(608, '2008-01-10', 'COATING CANDY APPLE'),
(609, '2004-11-16', 'Shark Cartilage'),
(610, '2003-11-21', 'ALMONDS RED COATED'),
(611, '2006-02-26', 'FONDANT'),
(612, '2000-07-11', 'BEEF JERKY ORIGINAL'),
(613, '2006-07-27', 'Damiana'),
(614, '2007-08-29', 'Everlasting Flowers'),
(615, '2005-12-09', 'BAGS FOODSAVER 6-PACK'),
(616, '2007-05-13', 'Watermelon'),
(617, '2010-12-01', 'BEVERAGE CUP'),
(618, '2003-06-12', 'Gourds'),
(619, '2007-10-27', 'Feverfew'),
(620, '2011-06-28', 'Cayenne'),
(621, '2004-10-19', 'PIONEER RADIO TYPRSH51'),
(622, '2010-11-11', 'FUEL HANDY GEL'),
(623, '2008-12-28', 'PEPPERS RED DRY STRING'),
(624, '2006-02-28', 'TEA DECAF ENG BREAK'),
(625, '2011-06-25', 'BAGS PRECUT'),
(626, '2004-03-11', 'Echinacea'),
(627, '2003-08-22', 'Chinese Cabbage'),
(628, '2002-03-29', 'Cauliflower'),
(629, '2007-04-22', 'Purple Tomatoes'),
(630, '2008-01-25', 'SWEETENER NATRA TASTE'),
(631, '2008-12-17', 'SARDINES HOT SCE'),
(632, '2013-07-13', 'Spice Basket'),
(633, '2007-10-19', 'Kale'),
(634, '2009-05-21', 'ELEPHANT GARLIC'),
(635, '2005-02-15', 'Licorice Root'),
(636, '2006-07-24', 'Lemon Oil'),
(637, '2000-01-20', 'Dent Corn'),
(638, '2004-11-22', 'BROWN WRAP'),
(639, '2003-09-01', 'Swiss Chard'),
(640, '2007-02-11', 'Spice Peppers'),
(641, '2004-01-31', 'Goldenseal'),
(642, '2012-02-20', 'Tomatoes'),
(643, '2013-04-12', 'PUDDING VANILLA DEAN'),
(644, '2008-09-08', 'JUICE GRAPEFRUIT'),
(645, '2009-05-16', 'ELBOWS WHOLE WHEAT'),
(646, '2007-12-23', 'SNAPPER RED'),
(647, '2009-12-25', 'Speciality Beans'),
(648, '2003-11-24', 'LINER CAKE'),
(649, '2013-07-12', 'TOBBLER MILK CHOC MED BAR'),
(650, '2004-01-28', 'SAUCE MARINARA CUPS'),
(651, '2009-04-21', 'Everlasting Flowers'),
(652, '2013-04-26', 'ORANGES MANDARIN'),
(653, '2009-05-28', 'COASTERS PPR'),
(654, '2008-02-10', 'PEACHES SLICED'),
(655, '2003-04-25', 'JUICE LEMON 4GR'),
(656, '2000-01-03', 'Grapeseed Oil'),
(657, '2004-07-30', 'Snap Bush Beans'),
(658, '2010-04-08', 'Rosemary'),
(659, '2013-08-13', 'Snap Bush Beans'),
(660, '2004-09-25', 'Hawthorn Berry'),
(661, '2003-03-30', 'Flower Bulbs'),
(662, '2009-01-07', 'Metabo Right'),
(663, '2009-03-08', 'Sweet Bell Peppers'),
(664, '2013-06-09', 'Noni Fruit'),
(665, '2006-06-24', 'Saw Palmetto'),
(666, '2006-05-04', 'RAINBOW TROUT'),
(667, '2009-12-14', 'Gourds'),
(668, '2003-06-22', 'Liquid Gold Styling Glaze'),
(669, '2002-11-20', 'BEANS BLACK'),
(670, '2000-04-29', 'ROCK CNDY SWIZZLE'),
(671, '2013-05-20', 'SWEETENER NATRA TASTE'),
(672, '2001-03-15', 'BAMBOO SKEWERS'),
(673, '2005-06-22', 'DRIED MUSHROOMS'),
(674, '2003-02-06', 'Yellow Tomatoes'),
(675, '2009-01-22', 'STEEL SPONGE'),
(676, '2011-05-22', 'Ginger Root'),
(677, '2009-03-02', 'Chickweed'),
(678, '2000-04-13', 'TACO SEASONING MIX'),
(679, '2011-09-11', 'JUICE LEMON 4GR'),
(680, '2013-09-17', 'DOOR TYPE 2 BLUE MEDIUM'),
(681, '2010-08-25', 'Parsnips'),
(682, '2009-09-09', 'CHERRIES  BRANDY/BOOT'),
(683, '2010-04-03', 'FONDANT'),
(684, '2003-04-16', 'Japanese Green Tea'),
(685, '2003-08-27', 'BANQUET RL WHITE'),
(686, '2002-03-25', 'Bright Eye Blend'),
(687, '2004-04-07', 'Posters'),
(688, '2000-08-05', 'SARDINES HOT SCE'),
(689, '2010-01-16', 'GARLIC MIST AERO'),
(690, '2000-09-15', 'DOOR BROWN LARGE'),
(691, '2001-04-23', 'Storage Tomatoes'),
(692, '2013-07-20', 'Evening Primrose Oil'),
(693, '2013-07-01', 'FO-TI'),
(694, '2012-05-26', 'GATORADE ORANGE'),
(695, '2010-05-28', 'BEEF JERKY ORIGINAL'),
(696, '2009-02-05', 'OLIVE MIST COATING'),
(697, '2010-08-03', 'Emu Magic Eyes'),
(698, '2000-06-04', 'COFFEE FILTER NR3'),
(699, '2001-11-21', 'BROWN WRAP'),
(700, '2002-03-09', 'Swiss Chard'),
(701, '2001-01-19', 'PEACHES SLICED'),
(702, '2004-02-25', 'SKEWERS WOODEN'),
(703, '2010-06-20', 'SARDINES IN MUSTARD'),
(704, '2007-08-13', 'St. John''s Wort'),
(705, '2010-02-06', 'Lemon Oil'),
(706, '2006-03-18', 'Coenzyme (CoQ-10)'),
(707, '2000-07-18', 'Spinach'),
(708, '2011-05-29', 'Blue-Green Algae'),
(709, '2004-11-16', 'Goto Kola'),
(710, '2004-03-19', 'BEEF JERKY ORIGINAL'),
(711, '2010-06-05', 'PEAR HALVES'),
(712, '2005-04-24', 'TABLE ORANGE SMALL'),
(713, '2002-12-15', 'ELEPHANT GARLIC'),
(714, '2007-06-13', 'ELBOW MACARONI'),
(715, '2004-07-14', 'BAGS TWIN PACK'),
(716, '2000-05-11', 'KODAK CAMERA'),
(717, '2008-02-13', 'CUT OUT FOOD DECO'),
(718, '2004-04-24', 'Peppermint Leaf'),
(719, '2011-05-23', 'Sweet Peppers'),
(720, '2013-01-17', 'BEANS BLACK'),
(721, '2007-10-21', 'Posters'),
(722, '2000-06-07', 'Ginkgo Biloba'),
(723, '2007-05-18', 'BISCOTTI VARIETY 4PK'),
(724, '2009-05-22', 'Saw Palmetto'),
(725, '2007-07-13', 'Red Tomatoes'),
(726, '2003-10-12', 'Liquid Luster Shampoo'),
(727, '2011-11-07', 'OLIVES STFD QN STAR'),
(728, '2001-10-04', 'KODAK CAMERA'),
(729, '2002-10-17', 'ALMONDS RED COATED'),
(730, '2007-06-03', 'Ornamental Wheat'),
(731, '2001-02-22', 'Licorice Root'),
(732, '2000-12-19', 'Collards'),
(733, '2013-07-26', 'BELLS WEDDING CREPE'),
(734, '2013-10-14', 'Emu Magic Eyes'),
(735, '2008-01-10', 'Goto Kola'),
(736, '2011-04-04', 'Chickweed'),
(737, '2004-07-05', 'PEPSI PRE-MIX'),
(738, '2007-06-02', 'Bayberry'),
(739, '2009-03-07', 'PEAR HALVES LT.SYRUP'),
(740, '2001-10-12', 'Gourds'),
(741, '2011-11-23', 'LA VIE NICESKISES'),
(742, '2001-11-19', 'Liquid Gold Styling Glaze'),
(743, '2005-07-08', 'Brussels Sprouts'),
(744, '2008-01-05', 'WATER DASANI BTL'),
(745, '2002-10-14', 'Yucca Root'),
(746, '2007-04-24', 'Dreams Away Headache Cream'),
(747, '2002-02-10', 'Citrin'),
(748, '2000-04-17', 'St. John''s Wort'),
(749, '2010-09-08', 'OLIVE MIST COATING'),
(750, '2002-04-18', 'Broccoli'),
(751, '2013-06-23', 'SOUP VEGETABLE'),
(752, '2007-12-12', 'Premier Bath Pak'),
(753, '2003-06-09', 'ANCHOVY FILLETS IN OIL'),
(754, '2007-11-01', 'Watermelon'),
(755, '2010-05-21', 'SANITIZER PK SANISURE'),
(756, '2010-06-18', 'LA VIE NICESKISES'),
(757, '2013-08-15', 'FUEL HANDY GEL'),
(758, '2012-02-21', 'Licorice Root'),
(759, '2003-08-16', 'KODAK CAMERA'),
(760, '2000-07-25', 'Chinese Cabbage'),
(761, '2001-03-24', 'Liquid Gold Styling Glaze'),
(762, '2011-06-05', 'HEALTHY CHOICE PASTA'),
(763, '2013-06-30', 'Saw Palmetto'),
(764, '2009-10-05', 'My Helping Heart'),
(765, '2006-10-07', 'WATER DASANI BTL'),
(766, '2013-03-24', 'BEEF JERKY ORIGINAL'),
(767, '2008-10-16', 'WHITE SALAD BOWL'),
(768, '2012-03-30', 'LINER HVY 22X14X58 BLACK'),
(769, '2000-08-05', 'BAGS FOODSAVER 6-PACK'),
(770, '2008-03-26', 'Hardneck Garlic'),
(771, '2007-05-20', 'SALSA RED PEPPER'),
(772, '2007-03-31', 'Emu Bath & Shower Gel'),
(773, '2011-08-17', 'Gourd Seed Corn'),
(774, '2004-01-18', 'WATER DASANI BTL'),
(775, '2002-12-02', 'Storage Tomatoes'),
(776, '2013-02-13', 'PERRIER WATER'),
(777, '2006-01-10', 'Coenzyme Q-10'),
(778, '2009-01-24', 'Bee Pollen'),
(779, '2013-11-16', 'Bright Eye Blend'),
(780, '2004-04-10', 'Dandelion'),
(781, '2001-04-15', 'Yucca Root'),
(782, '2005-01-14', 'TOBBLER MILK CHOC MED BAR'),
(783, '2006-06-30', 'Lima Beans'),
(784, '2009-06-13', 'Yellow Tomatoes'),
(785, '2005-12-27', 'Elephant Garlic'),
(786, '2004-07-17', 'TABLE BASE 4 PRONG'),
(787, '2009-05-18', 'Citrin'),
(788, '2007-05-22', 'Onions'),
(789, '2009-01-15', 'DESSERT SLEEVES BLACK'),
(790, '2006-10-01', 'BISCOTTI VARIETY 4PK'),
(791, '2013-11-30', 'TABLE RED MEDIUM'),
(792, '2009-04-12', 'BISCUITS CHAMPAGNE'),
(793, '2003-12-10', 'CUT OUT FOOD DECO'),
(794, '2002-12-05', 'Sweet Bell Peppers'),
(795, '2006-04-13', 'BAGS TWIN PACK'),
(796, '2003-10-27', 'GATORADE ORANGE'),
(797, '2004-05-17', 'Bayberry'),
(798, '2009-01-13', 'Corn'),
(799, '2002-12-03', 'Spice Basket'),
(800, '2001-11-17', 'Radishes'),
(801, '2003-07-28', 'Ginger Root'),
(802, '2010-06-01', 'Ornamental Wheat'),
(803, '2002-04-19', 'Slicing Cucumbers'),
(804, '2009-09-05', 'LA VIE NICESKISES'),
(805, '2007-03-12', 'SARDINES IN MUSTARD'),
(806, '2011-07-04', 'Emu Magic Eyes'),
(807, '2003-09-04', 'OLIVES STFD W/ANCHOVIE'),
(808, '2005-07-01', 'Cauliflower'),
(809, '2006-11-24', 'Feverfew'),
(810, '2004-04-15', 'LINER HVY 22X14X58 BLACK'),
(811, '2009-08-26', 'Books'),
(812, '2003-03-01', 'DRIED MUSHROOMS'),
(813, '2000-06-08', 'KNIFE SAFTEY COVER'),
(814, '2002-07-27', 'Devils Claw'),
(815, '2006-08-01', 'Herbal Tea Basket'),
(816, '2008-03-25', 'Muskmelon/Cantaloupe'),
(817, '2009-02-07', 'ORANGE SALAD BOWL'),
(818, '2013-04-09', 'Peanuts'),
(819, '2007-07-03', 'BEANS BLACK'),
(820, '2007-04-21', 'Lavender Oil'),
(821, '2010-01-09', 'SOUP CR CHICKEN'),
(822, '2008-07-11', 'Ground Cherries'),
(823, '2002-08-01', 'COFFEE FILTER LARGE'),
(824, '2008-02-22', 'Dreams Leave-In Protein'),
(825, '2012-05-01', 'Dandelion'),
(826, '2008-04-16', 'Evening Primrose Oil'),
(827, '2009-06-04', 'GATORADE ORANGE'),
(828, '2000-11-13', 'HEALTHY CHOICE PASTA'),
(829, '2004-06-23', 'MEZZI RIGATONI'),
(830, '2004-04-06', 'Eggplant'),
(831, '2000-11-15', 'OLIVES STFD QN STAR'),
(832, '2010-10-23', 'Sweet Non-Bell Peppers'),
(833, '2012-03-19', 'BAGS PRECUT'),
(834, '2008-04-14', 'Purple Tomatoes'),
(835, '2010-01-23', 'Spinach'),
(836, '2005-01-03', 'NAPKIN CALEIGHS'),
(837, '2005-04-27', 'Bunching Onions'),
(838, '2005-08-03', 'GATORADE LEMON LIME'),
(839, '2009-09-23', 'Grape Seed'),
(840, '2013-05-13', 'DHEA'),
(841, '2004-02-11', 'GREEN LENTILS'),
(842, '2013-08-08', 'Spinach'),
(843, '2001-09-28', 'Red Raspberry'),
(844, '2006-06-22', 'GARLIC MIST AERO'),
(845, '2005-06-22', 'Cinnamon Oil'),
(846, '2009-01-13', 'White Tomatoes'),
(847, '2009-11-10', 'BINS WATERMELON'),
(848, '2004-07-12', 'Bi-Color Tomatoes'),
(849, '2007-05-24', 'Cucumbers'),
(850, '2002-05-14', 'BEANS BLACK'),
(851, '2003-07-05', 'Lavender Oil'),
(852, '2012-09-29', 'GATORADE ORANGE'),
(853, '2006-06-29', 'BISCOTTI VARIETY 4PK'),
(854, '2008-07-18', 'Hyssop Tea'),
(855, '2003-11-30', 'HEINZ TARRAGON VINEGAR'),
(856, '2006-05-27', 'Emu Magic Eyes'),
(857, '2010-05-14', 'SANITIZER PK SANISURE'),
(858, '2011-08-05', 'Kava Kava'),
(859, '2009-08-31', 'Books'),
(860, '2007-07-21', 'Pumpkins'),
(861, '2008-12-13', 'Eucamint'),
(862, '2006-10-19', 'COATING CANDY APPLE'),
(863, '2006-11-14', 'Hot Peppers'),
(864, '2002-01-23', 'CUT OUT FOOD DECO'),
(865, '2002-07-21', 'Garlic'),
(866, '2008-12-16', 'Noni Fruit'),
(867, '2008-02-09', 'Ginseng'),
(868, '2004-01-30', 'Dent Corn'),
(869, '2002-11-15', 'Hybrid Sweet Corn'),
(870, '2012-08-02', 'BAGS PRECUT'),
(871, '2008-07-12', 'COOKING WINE RED BURGUNDY'),
(872, '2002-09-27', 'Rosemary'),
(873, '2006-12-18', 'Beets'),
(874, '2001-11-10', 'Celery'),
(875, '2012-07-29', 'ELBOWS WHOLE WHEAT'),
(876, '2000-06-20', 'BAGS FOODSAVER 6-PACK'),
(877, '2013-12-11', 'Noni Fruit'),
(878, '2010-04-19', 'BEVERAGE CUP'),
(879, '2005-10-18', 'RIGATONI MEZZI'),
(880, '2003-04-25', 'HAMBURG DILL CHIPS'),
(881, '2000-09-19', 'BAGS PRECUT'),
(882, '2006-11-04', 'COATING CANDY APPLE'),
(883, '2011-03-19', 'Parsnips'),
(884, '2005-02-18', 'Bi-Color Tomatoes'),
(885, '2010-03-10', 'Dong Quai'),
(886, '2013-02-10', 'Kava Kava'),
(887, '2007-01-16', 'BISCOTTI VARIETY 4PK'),
(888, '2007-08-15', 'Pycnogenol'),
(889, '2003-02-21', 'Gingko Plus 4'),
(890, '2005-02-27', 'COFFEE FILTER XLARGE'),
(891, '2012-10-06', 'Collards'),
(892, '2006-03-22', 'Cotton'),
(893, '2004-01-08', 'Lemon Oil'),
(894, '2004-07-27', 'Dry Blub Onions'),
(895, '2008-07-18', 'SOUP VEGETABLE'),
(896, '2011-11-18', 'JUICE GRAPEFRUIT'),
(897, '2010-05-10', 'Yucca Root'),
(898, '2009-11-23', 'ELBOW MACARONI'),
(899, '2009-02-08', 'Bilberry'),
(900, '2010-11-07', 'Garlic');

-- --------------------------------------------------------

--
-- Table structure for table `grade`
--

CREATE TABLE IF NOT EXISTS `grade` (
  `grade_id` int(11) NOT NULL AUTO_INCREMENT,
  `section` char(1) NOT NULL,
  `year` int(11) NOT NULL,
  PRIMARY KEY (`grade_id`)
) ENGINE=InnoDB  DEFAULT CHARSET=latin1 AUTO_INCREMENT=11 ;

--
-- Dumping data for table `grade`
--

INSERT INTO `grade` (`grade_id`, `section`, `year`) VALUES
(1, 'k', 4),
(2, 'y', 3),
(3, 'j', 3),
(4, 'P', 4),
(5, 'l', 2),
(6, '0', 4),
(7, '1', 1),
(8, 'Q', 3),
(9, 't', 4),
(10, 'V', 4);

-- --------------------------------------------------------

--
-- Table structure for table `grade_staff_incharge`
--

CREATE TABLE IF NOT EXISTS `grade_staff_incharge` (
  `grade_id` int(11) NOT NULL,
  `course_id` varchar(255) DEFAULT NULL,
  `staff_id` int(11) DEFAULT NULL,
  KEY `FK_8tv6hcmx3dfma28sxwwnpspdj` (`course_id`),
  KEY `FK_7dfola6i7gf0q1agf0c9bi0wf` (`staff_id`),
  KEY `FK_cum5ujfkimpxsnjm1psagtmg` (`grade_id`)
) ENGINE=InnoDB DEFAULT CHARSET=latin1;

--
-- Dumping data for table `grade_staff_incharge`
--

INSERT INTO `grade_staff_incharge` (`grade_id`, `course_id`, `staff_id`) VALUES
(4, '0433LJ', 168),
(3, '1909FW', 2),
(1, '2008HI', 431),
(7, '3243ZD', 170),
(7, '3344BU', 171),
(5, '3505SK', 86),
(2, '4104FN', 351),
(5, '4329LH', 88),
(9, '5002EL', 10),
(7, '5450QR', 12),
(5, '5806KM', 267),
(5, '6688GU', 355),
(9, '7352DW', 13),
(8, '7734GO', 14),
(2, '7880IQ', 270),
(6, '7934FT', 184),
(8, '8045MN', 444),
(1, '8919LP', 272),
(8, '9900WK', 98),
(5, '0433LJ', 20),
(5, '1078XL', 274),
(9, '1845LW', 99),
(3, '3069FO', 102),
(7, '3864JE', 367),
(8, '3963KN', 278),
(9, '4003SF', 103),
(2, '4167VI', 280),
(4, '4433OD', 104),
(8, '5130UF', 451),
(7, '5991TW', 370),
(5, '6999EK', 27),
(1, '7135YA', 372),
(7, '7806XY', 285),
(5, '7839RN', 286),
(1, '7897YC', 199),
(9, '8294IB', 30),
(10, '9781WC', 460),
(7, '0189BU', 376),
(5, '0844DZ', 202),
(3, '1078XL', 289),
(6, '1243ZP', 34),
(4, '1939XW', 380),
(2, '2008HI', 381),
(4, '3307DT', 296),
(5, '3375OU', 297),
(6, '3864JE', 384),
(1, '3978XH', 385),
(6, '4320KJ', 211),
(3, '4433OD', 44),
(7, '4946EA', 213),
(2, '5002EL', 125),
(6, '5085IG', 390),
(5, '5427CX', 477),
(8, '6379PU', 305),
(4, '7156II', 479),
(4, '7897YC', 49),
(3, '7962LJ', 482),
(10, '8529EU', 400),
(4, '8593FC', 401),
(2, '9722NE', 53),
(10, '0189BU', 404),
(1, '1031LO', 315),
(4, '1465TO', 141),
(7, '1909FW', 143),
(1, '3069FO', 408),
(3, '3344BU', 409),
(7, '3864JE', 412),
(10, '4019TJ', 149),
(10, '4029GR', 413),
(7, '4482NZ', 63),
(10, '5054NX', 234),
(3, '5450QR', 416),
(10, '6478BN', 67),
(4, '7459VS', 240),
(2, '7579UA', 70),
(8, '7880IQ', 421),
(3, '8045MN', 332),
(8, '9432EY', 72),
(1, '0844DZ', 423),
(7, '1031LO', 424),
(3, '1939XW', 160),
(1, '2112WM', 426),
(10, '2455SQ', 427),
(9, '3344BU', 340),
(5, '3978XH', 166),
(4, '4329LH', 254),
(1, '4433OD', 343),
(1, '5096EZ', 168),
(7, '5450QR', 430),
(4, '5997CV', 344),
(3, '6926DV', 169),
(4, '7065CR', 347),
(2, '7842FV', 5),
(9, '7907JE', 259),
(5, '8225WK', 172),
(1, '9673QN', 261),
(1, '0189BU', 9),
(2, '1243ZP', 264),
(3, '1465TO', 353),
(9, '2024JG', 266),
(8, '3505SK', 12),
(4, '3646JW', 90),
(10, '3972XF', 91),
(10, '4019TJ', 15),
(9, '4167VI', 269),
(4, '4246VY', 359),
(8, '4917WD', 93),
(9, '5085IG', 18),
(7, '5149RP', 363),
(3, '5806KM', 20),
(10, '6418WR', 189),
(4, '7459VS', 366),
(7, '7842FV', 277),
(3, '8225WK', 22),
(7, '8919LP', 278),
(6, '9722NE', 280),
(8, '9900WK', 194),
(1, '0180IA', 195),
(2, '1243ZP', 27),
(2, '1599IU', 284),
(8, '2112WM', 197),
(4, '2455SQ', 456),
(6, '3383OD', 374),
(7, '3978XH', 112),
(4, '4019TJ', 31),
(1, '4482NZ', 288),
(10, '4917WD', 378),
(1, '5085IG', 203),
(2, '5427CX', 116),
(9, '5857YZ', 292),
(1, '5877CI', 117),
(1, '5997CV', 36),
(6, '7135YA', 205),
(4, '7839RN', 381),
(7, '7907JE', 38),
(4, '8045MN', 208),
(1, '9432EY', 384),
(8, '0090SH', 122),
(3, '1243ZP', 211),
(8, '1599IU', 475),
(10, '3243ZD', 45),
(2, '3383OD', 127),
(2, '3972XF', 303),
(9, '4246VY', 215),
(1, '4387HN', 304),
(9, '5085IG', 129),
(2, '5130UF', 130),
(9, '5450QR', 395),
(2, '5544QA', 49),
(10, '6688GU', 481),
(10, '7065CR', 398),
(4, '7579UA', 136),
(4, '7839RN', 223),
(3, '7962LJ', 314),
(7, '9673QN', 140),
(7, '0855YZ', 406),
(6, '1939XW', 489),
(5, '2024JG', 143),
(8, '2112WM', 229),
(3, '3243ZD', 318),
(8, '3963KN', 319),
(6, '4016RX', 61),
(10, '4418PT', 149),
(2, '4917WD', 495),
(2, '5096EZ', 63),
(7, '5877CI', 497),
(7, '6379PU', 235),
(7, '7156II', 325),
(6, '7352DW', 500),
(3, '7842FV', 240),
(7, '8593FC', 419),
(5, '8919LP', 70),
(10, '0193PY', 244),
(9, '0433LJ', 157),
(2, '1078XL', 245),
(6, '2008HI', 423),
(6, '3069FO', 335),
(10, '3307DT', 250),
(9, '3375OU', 336),
(8, '4003SF', 338),
(10, '4016RX', 339),
(5, '4246VY', 164),
(4, '5002EL', 340),
(9, '5096EZ', 80),
(3, '5427CX', 2),
(1, '6418WR', 344),
(6, '7156II', 346),
(5, '7839RN', 3),
(1, '7934FT', 256),
(5, '9432EY', 348),
(6, '9781WC', 259),
(3, '0180IA', 436),
(5, '1031LO', 174),
(9, '1939XW', 262),
(10, '2568HP', 264),
(3, '3963KN', 265),
(10, '4167VI', 440),
(2, '4433OD', 13),
(7, '5096EZ', 357),
(9, '5450QR', 269),
(8, '5857YZ', 183),
(7, '6688GU', 95),
(5, '7156II', 272),
(3, '7579UA', 445),
(1, '7842FV', 273),
(8, '8529EU', 98),
(9, '8595II', 365),
(1, '9722NE', 21),
(8, '0193PY', 102),
(7, '1465TO', 278),
(8, '2112WM', 104),
(6, '2455SQ', 194),
(8, '3646JW', 282),
(2, '3972XF', 26),
(5, '4104FN', 371),
(7, '4622ZK', 108),
(2, '5096EZ', 285),
(7, '5130UF', 286),
(8, '5450QR', 458),
(8, '5857YZ', 113),
(8, '6999EK', 377),
(4, '7135YA', 33),
(10, '7839RN', 34),
(9, '8294IB', 380),
(4, '8593FC', 294),
(3, '9673QN', 296),
(6, '0433LJ', 121),
(8, '0855YZ', 471),
(7, '2008HI', 385),
(10, '2455SQ', 210),
(5, '3646JW', 124),
(10, '4003SF', 213),
(8, '4387HN', 475),
(5, '4433OD', 390),
(1, '4482NZ', 303),
(5, '5217MX', 46),
(5, '6379PU', 304),
(2, '7065CR', 217),
(7, '7839RN', 48),
(1, '7934FT', 480),
(2, '7962LJ', 218),
(5, '9673QN', 219),
(3, '0855YZ', 221),
(3, '1939XW', 400),
(6, '3069FO', 138),
(3, '3963KN', 53),
(2, '3972XF', 226),
(6, '4329LH', 56),
(9, '5085IG', 57),
(10, '5450QR', 143),
(1, '6379PU', 490),
(6, '6688GU', 408),
(9, '7352DW', 319),
(7, '7734GO', 492),
(10, '7962LJ', 148),
(7, '8529EU', 232),
(4, '9781WC', 494),
(7, '0180IA', 149),
(8, '0189BU', 322),
(8, '1465TO', 233),
(7, '2008HI', 414),
(6, '2568HP', 415),
(6, '3069FO', 66),
(3, '3963KN', 237),
(6, '4320KJ', 238),
(10, '5054NX', 500),
(1, '5130UF', 328),
(7, '5450QR', 241),
(8, '5877CI', 242),
(9, '7065CR', 331),
(1, '7839RN', 157),
(2, '7842FV', 245),
(10, '7962LJ', 158),
(8, '8919LP', 74),
(5, '0090SH', 250),
(4, '1078XL', 339),
(5, '1909FW', 79),
(10, '2112WM', 342),
(2, '3646JW', 81),
(7, '4016RX', 255),
(6, '4019TJ', 347),
(1, '4104FN', 258),
(8, '4482NZ', 6),
(3, '4917WD', 435),
(9, '5450QR', 86),
(4, '6379PU', 174),
(10, '7352DW', 88),
(9, '7579UA', 176),
(5, '7934FT', 266),
(3, '8225WK', 440),
(6, '9432EY', 91),
(1, '0090SH', 180),
(8, '1317AT', 15),
(3, '2024JG', 92),
(1, '2568HP', 93),
(7, '3383OD', 94),
(7, '3646JW', 185),
(8, '4003SF', 273),
(6, '4104FN', 187),
(9, '4917WD', 100),
(8, '5427CX', 275),
(10, '5857YZ', 448),
(6, '6999EK', 22),
(10, '7459VS', 190),
(10, '7806XY', 191),
(2, '7880IQ', 192),
(4, '7962LJ', 23),
(7, '8593FC', 104),
(2, '9673QN', 281),
(7, '0433LJ', 282),
(7, '0855YZ', 196),
(5, '2008HI', 284),
(2, '2024JG', 454),
(8, '3243ZD', 110),
(1, '3344BU', 457),
(4, '3972XF', 199),
(4, '4029GR', 30),
(8, '4320KJ', 113),
(9, '4329LH', 376),
(4, '4482NZ', 32),
(2, '4946EA', 462),
(1, '5002EL', 290),
(8, '5806KM', 465),
(9, '6926DV', 35),
(6, '7459VS', 467),
(10, '7579UA', 293),
(10, '7934FT', 206),
(5, '8225WK', 470),
(6, '9432EY', 120),
(5, '0180IA', 471),
(3, '1465TO', 298),
(8, '1599IU', 123),
(10, '2455SQ', 387),
(5, '3646JW', 302),
(9, '3978XH', 390),
(6, '4104FN', 304),
(1, '4320KJ', 130),
(6, '4482NZ', 395),
(3, '5130UF', 308),
(6, '5991TW', 309),
(3, '6147CF', 133),
(4, '6688GU', 220),
(6, '7535IS', 400),
(10, '7934FT', 222),
(1, '8529EU', 401),
(3, '8593FC', 224),
(2, '9352YE', 139),
(2, '0090SH', 486),
(7, '0855YZ', 140),
(1, '1939XW', 315),
(7, '3307DT', 487),
(5, '3972XF', 227),
(1, '4320KJ', 142),
(10, '4622ZK', 144),
(6, '5085IG', 320),
(10, '5877CI', 493),
(6, '6478BN', 411),
(1, '7579UA', 413),
(9, '7839RN', 233),
(4, '7934FT', 64),
(7, '9432EY', 497),
(4, '0180IA', 324),
(7, '1078XL', 415),
(10, '1599IU', 417),
(7, '2455SQ', 500),
(3, '3069FO', 419),
(5, '3505SK', 242),
(2, '3864JE', 244),
(5, '4167VI', 247),
(8, '4433OD', 73),
(1, '5096EZ', 159),
(9, '5806KM', 160),
(5, '6688GU', 335),
(8, '7459VS', 336),
(3, '7842FV', 337),
(3, '8593FC', 162),
(4, '9673QN', 339),
(2, '0193PY', 428),
(8, '0433LJ', 253),
(9, '1465TO', 430),
(10, '1845LW', 344),
(2, '2568HP', 345),
(8, '3383OD', 255),
(2, '3505SK', 169),
(2, '4003SF', 434),
(2, '4104FN', 85),
(6, '4167VI', 435),
(4, '4433OD', 261),
(2, '4946EA', 438),
(6, '5130UF', 175),
(9, '5991TW', 88),
(7, '6926DV', 439),
(2, '7065CR', 440),
(6, '7352DW', 13),
(4, '7734GO', 181),
(9, '7897YC', 442),
(10, '8225WK', 92),
(3, '9722NE', 443),
(2, '0844DZ', 271),
(6, '1909FW', 18),
(9, '2568HP', 363),
(2, '3344BU', 273),
(3, '3646JW', 274),
(5, '3864JE', 100),
(9, '4167VI', 275),
(4, '4387HN', 276),
(5, '4622ZK', 101),
(9, '5427CX', 449),
(3, '6147CF', 278),
(3, '6999EK', 191),
(2, '7352DW', 192),
(8, '7880IQ', 104),
(6, '7907JE', 106),
(7, '8593FC', 371),
(8, '8595II', 27),
(8, '0189BU', 109),
(5, '1599IU', 28),
(5, '1939XW', 457),
(8, '2568HP', 459),
(10, '3383OD', 460),
(9, '4019TJ', 463),
(1, '4104FN', 289),
(8, '4917WD', 465),
(7, '5450QR', 292),
(4, '5544QA', 37),
(10, '6478BN', 295),
(3, '7579UA', 470),
(5, '8045MN', 383),
(6, '8595II', 298),
(2, '0189BU', 386),
(3, '0433LJ', 212),
(2, '1243ZP', 475),
(1, '1317AT', 302),
(9, '2112WM', 389),
(7, '3505SK', 214),
(9, '4019TJ', 128),
(8, '4482NZ', 392),
(10, '5054NX', 129),
(10, '5544QA', 479),
(7, '5806KM', 394),
(1, '6147CF', 308),
(4, '6688GU', 133),
(10, '6999EK', 482),
(8, '7065CR', 221),
(1, '7842FV', 311),
(4, '8529EU', 313),
(2, '9352YE', 138),
(1, '0180IA', 402),
(2, '0844DZ', 53),
(5, '1909FW', 486),
(7, '3243ZD', 487),
(4, '3375OU', 57),
(7, '3383OD', 318),
(5, '4019TJ', 230),
(10, '4246VY', 493),
(4, '4418PT', 231),
(6, '5096EZ', 62),
(7, '5149RP', 64),
(7, '5877CI', 236),
(1, '6688GU', 325),
(5, '6926DV', 66),
(9, '7352DW', 416),
(9, '7839RN', 500),
(7, '8294IB', 153),
(2, '9781WC', 154),
(7, '0844DZ', 330),
(7, '1465TO', 332),
(9, '1845LW', 246),
(2, '3307DT', 73),
(4, '3344BU', 159),
(7, '3646JW', 74),
(9, '4016RX', 75),
(1, '4104FN', 251),
(9, '4320KJ', 339),
(9, '4622ZK', 163),
(1, '5085IG', 342),
(8, '5096EZ', 429),
(10, '5544QA', 168),
(9, '6379PU', 81),
(2, '7065CR', 432),
(4, '7842FV', 258),
(7, '8294IB', 6),
(6, '8529EU', 436),
(10, '9673QN', 173),
(4, '9900WK', 264),
(1, '0844DZ', 265),
(1, '1243ZP', 267),
(6, '2112WM', 355),
(2, '2455SQ', 357),
(3, '2568HP', 182),
(9, '3383OD', 18),
(2, '3972XF', 185),
(6, '4329LH', 273),
(6, '5054NX', 99),
(1, '5857YZ', 102),
(9, '6379PU', 367),
(9, '7352DW', 279),
(3, '7897YC', 193),
(7, '8595II', 451),
(7, '9352YE', 106),
(1, '3243ZD', 187);

-- --------------------------------------------------------

--
-- Table structure for table `groups`
--

CREATE TABLE IF NOT EXISTS `groups` (
  `group_id` int(11) NOT NULL AUTO_INCREMENT,
  `group_name` varchar(255) NOT NULL,
  PRIMARY KEY (`group_id`),
  UNIQUE KEY `UK_7o859iyhxd19rv4hywgdvu2v4` (`group_name`)
) ENGINE=InnoDB  DEFAULT CHARSET=latin1 AUTO_INCREMENT=5 ;

--
-- Dumping data for table `groups`
--

INSERT INTO `groups` (`group_id`, `group_name`) VALUES
(3, 'admin'),
(1, 'dataentry'),
(2, 'user'),
(4, 'viewer');

-- --------------------------------------------------------

--
-- Table structure for table `publication`
--

CREATE TABLE IF NOT EXISTS `publication` (
  `publication_id` int(11) NOT NULL AUTO_INCREMENT,
  `date` date DEFAULT NULL,
  `publication_name` varchar(255) NOT NULL,
  `staff_id` int(11) DEFAULT NULL,
  PRIMARY KEY (`publication_id`),
  KEY `FK_2q8ap0yvgf5vnohaa07lcr8i5` (`staff_id`)
) ENGINE=InnoDB  DEFAULT CHARSET=latin1 AUTO_INCREMENT=901 ;

--
-- Dumping data for table `publication`
--

INSERT INTO `publication` (`publication_id`, `date`, `publication_name`, `staff_id`) VALUES
(1, '2011-12-21', 'Fiat', 430),
(2, '2008-12-21', 'Renault', 344),
(3, '2007-08-15', 'China Geely Group', 255),
(4, '2005-06-14', 'Mercedes-Benz', 255),
(5, '2009-05-16', 'Lincoln', 255),
(6, '2008-06-18', 'Renault', 169),
(7, '2007-09-19', 'Oldsmobile', 170),
(8, '2007-12-13', 'Nissan', 433),
(9, '2010-09-29', 'Chrysler', 433),
(10, '2008-03-21', 'Oldsmobile', 433),
(11, '2005-01-28', 'Dodge', 435),
(12, '2008-06-14', 'Saturn', 435),
(13, '2005-02-14', 'Honda', 435),
(14, '2000-11-24', 'Audi', 86),
(15, '2009-01-24', 'Scion', 86),
(16, '2001-05-03', 'Ford', 7),
(17, '2011-12-20', 'DeTomaso', 7),
(18, '2004-10-27', 'Daimler', 174),
(19, '2000-07-31', 'Smart', 174),
(20, '2005-03-04', 'DAV', 174),
(21, '2009-04-25', 'Jeep', 9),
(22, '2000-08-22', 'Lexus', 352),
(23, '2001-10-28', 'Smart', 352),
(24, '2011-10-28', 'Spyker', 439),
(25, '2000-01-29', 'Mini', 12),
(26, '2013-10-31', 'Spyker', 12),
(27, '2007-06-29', 'Daimler', 268),
(28, '2011-07-11', 'Smart', 268),
(29, '2007-05-19', 'Land Rover', 268),
(30, '2000-03-10', 'Bentley', 356),
(31, '2009-08-16', 'Porche', 356),
(32, '2009-10-29', 'Volvo', 356),
(33, '2013-04-24', 'Audi', 16),
(34, '2002-03-12', 'Spyker', 184),
(35, '2003-01-03', 'Chevrolet', 184),
(36, '2010-08-29', 'Infiniti', 361),
(37, '2000-08-29', 'Toyota', 361),
(38, '2011-03-13', 'Spyker', 361),
(39, '2005-07-07', 'Saab', 95),
(40, '2009-01-07', 'Dodge', 97),
(41, '2004-08-10', 'Citron', 363),
(42, '2005-03-28', 'Chrysler', 363),
(43, '2010-08-13', 'Maserati', 363),
(44, '2003-01-30', 'Holden', 365),
(45, '2010-08-22', 'Saturn', 365),
(46, '2001-09-09', 'Ferrari', 365),
(47, '2012-03-06', 'Saab', 21),
(48, '2009-09-11', 'Mini', 21),
(49, '2007-04-20', 'Audi', 278),
(50, '2008-12-02', 'Infiniti', 23),
(51, '2008-12-24', 'Aston Martin', 23),
(52, '2008-09-21', 'Daimler', 451),
(53, '2003-04-07', 'Volvo', 451),
(54, '2008-08-22', 'Mitsubishi', 106),
(55, '2008-05-05', 'General Motors', 106),
(56, '2005-12-25', 'Acura', 195),
(57, '2001-06-26', 'Toyota', 195),
(58, '2003-02-06', 'Lamborghini', 195),
(59, '2007-06-22', 'Citron', 108),
(60, '2012-09-07', 'Hummer', 373),
(61, '2011-02-21', 'Ford', 456),
(62, '2009-10-12', 'Plymouth', 29),
(63, '2011-04-22', 'Toyota', 29),
(64, '2000-12-16', 'Lotus', 29),
(65, '2010-02-21', 'TaTa', 375),
(66, '2010-02-02', 'Chrysler', 375),
(67, '2000-01-22', 'DeTomaso', 200),
(68, '2004-02-27', 'Saturn', 200),
(69, '2012-02-08', 'Alfa Romeo', 200),
(70, '2010-09-13', 'Cadillac', 288),
(71, '2003-04-08', 'Holden', 288),
(72, '2008-06-23', 'Smart', 288),
(73, '2012-07-05', 'Lexus', 203),
(74, '2000-12-24', 'Skoda', 466),
(75, '2006-08-10', 'Alfa Romeo', 466),
(76, '2003-11-09', 'Land Rover', 117),
(77, '2004-01-17', 'Mini', 117),
(78, '2012-01-17', 'Oldsmobile', 117),
(79, '2008-04-27', 'Land Rover', 118),
(80, '2007-07-03', 'Volkswagen', 118),
(81, '2002-01-29', 'Smart', 294),
(82, '2004-09-16', 'Lamborghini', 469),
(83, '2001-12-20', 'Dodge', 469),
(84, '2006-11-14', 'Smart', 469),
(85, '2003-08-14', 'Acura', 470),
(86, '2001-05-25', 'Maserati', 470),
(87, '2002-04-17', 'Volvo', 470),
(88, '2002-02-04', 'Lotus', 383),
(89, '2004-01-01', 'Infiniti', 383),
(90, '2002-03-18', 'Bentley', 41),
(91, '2001-06-08', 'Toyota', 122),
(92, '2012-05-21', 'Jeep', 43),
(93, '2005-03-27', 'Spyker', 43),
(94, '2006-08-20', 'Saab', 474),
(95, '2000-06-12', 'Citron', 126),
(96, '2000-07-31', 'Infiniti', 127),
(97, '2011-06-29', 'Ford', 127),
(98, '2001-11-25', 'DeTomaso', 127),
(99, '2001-09-30', 'Nissan', 303),
(100, '2008-08-20', 'Eagle', 303),
(101, '2000-08-17', 'Jeep', 215),
(102, '2004-05-15', 'Oldsmobile', 392),
(103, '2007-06-10', 'Suzuki', 130),
(104, '2012-10-15', 'Saleen', 130),
(105, '2007-10-03', 'Volvo', 480),
(106, '2008-03-10', 'Vauxhall', 480),
(107, '2002-02-07', 'Lancia', 480),
(108, '2008-04-29', 'Buick', 49),
(109, '2002-09-01', 'Pontiac', 133),
(110, '2006-04-18', 'Skoda', 133),
(111, '2007-02-04', 'DAV', 134),
(112, '2000-02-29', 'Ford', 134),
(113, '2013-01-13', 'BMW', 483),
(114, '2006-03-19', 'Chrysler', 483),
(115, '2009-02-02', 'Buick', 483),
(116, '2010-05-15', 'SEAT', 137),
(117, '2008-03-11', 'Lexus', 137),
(118, '2012-09-23', 'Porche', 137),
(119, '2009-02-25', 'Infiniti', 402),
(120, '2004-12-18', 'Holden', 55),
(121, '2010-10-27', 'Daewoo', 55),
(122, '2003-05-06', 'Scion', 486),
(123, '2008-12-19', 'Isuzu', 486),
(124, '2000-05-05', 'Lamborghini', 486),
(125, '2009-07-20', 'Mercedes-Benz', 226),
(126, '2003-12-03', 'DAV', 226),
(127, '2009-07-31', 'Isuzu', 226),
(128, '2011-09-23', 'Maserati', 141),
(129, '2003-08-13', 'Renault', 143),
(130, '2000-12-09', 'Fiat', 143),
(131, '2006-01-13', 'Saleen', 407),
(132, '2001-06-13', 'Acura', 408),
(133, '2004-10-20', 'Chevrolet', 408),
(134, '2007-08-22', 'Mitsubishi', 230),
(135, '2003-12-02', 'Cadillac', 230),
(136, '2005-01-28', 'DAV', 230),
(137, '2010-04-22', 'General Motors', 231),
(138, '2009-11-20', 'Lamborghini', 231),
(139, '2010-03-04', 'DeTomaso', 231),
(140, '2005-06-30', 'Chevrolet', 494),
(141, '2009-05-31', 'MG', 494),
(142, '2006-01-29', 'Mercury', 494),
(143, '2008-01-21', 'Lancia', 323),
(144, '2006-08-18', 'Peugeot', 323),
(145, '2000-04-15', 'Mazda', 323),
(146, '2010-08-04', 'Toyota', 497),
(147, '2007-10-02', 'Lancia', 65),
(148, '2009-02-12', 'Hummer', 65),
(149, '2012-05-01', 'Hyundai', 415),
(150, '2006-05-20', 'Nissan', 415),
(151, '2001-07-26', 'Mitsubishi', 415),
(152, '2009-03-26', 'Rolls-Royce', 499),
(153, '2005-11-29', 'Ferrari', 499),
(154, '2012-12-06', 'Mercury', 326),
(155, '2001-08-22', 'Jeep', 326),
(156, '2009-12-22', 'Renault', 326),
(157, '2011-04-03', 'Spyker', 153),
(158, '2004-05-24', 'Mercury', 154),
(159, '2002-08-17', 'General Motors', 154),
(160, '2007-01-20', 'Mazda', 329),
(161, '2009-10-29', 'Acura', 329),
(162, '2004-02-15', 'Fiat', 329),
(163, '2002-11-20', 'Bentley', 242),
(164, '2002-10-26', 'Maserati', 242),
(165, '2005-06-06', 'DAV', 155),
(166, '2011-07-20', 'Lancia', 155),
(167, '2006-04-05', 'Daewoo', 245),
(168, '2008-08-18', 'Peugeot', 245),
(169, '2011-06-27', 'Hyundai', 245),
(170, '2007-09-17', 'Daihatsu', 72),
(171, '2001-05-05', 'Bentley', 72),
(172, '2001-05-01', 'Daihatsu', 72),
(173, '2009-07-10', 'Lamborghini', 334),
(174, '2003-10-24', 'Infiniti', 334),
(175, '2012-06-11', 'Nissan', 424),
(176, '2007-09-29', 'Hyundai', 335),
(177, '2006-11-12', 'Mazda', 250),
(178, '2012-10-24', 'TaTa', 337),
(179, '2013-10-05', 'Spyker', 337),
(180, '2008-01-25', 'Buick', 426),
(181, '2002-01-14', 'Hyundai', 426),
(182, '2012-05-14', 'Lamborghini', 427),
(183, '2000-08-25', 'Citron', 427),
(184, '2013-03-26', 'Daimler', 79),
(185, '2001-05-18', 'Land Rover', 79),
(186, '2007-04-18', 'Eagle', 341),
(187, '2001-06-05', 'Cadillac', 341),
(188, '2005-08-15', 'Porche', 341),
(189, '2000-03-09', 'Plymouth', 343),
(190, '2009-08-04', 'Acura', 343),
(191, '2012-04-28', 'Mercedes-Benz', 343),
(192, '2009-03-18', 'Suzuki', 344),
(193, '2008-05-26', 'Hyundai', 344),
(194, '2001-09-08', 'Lincoln', 432),
(195, '2003-02-08', 'Ford', 432),
(196, '2009-11-24', 'Renault', 432),
(197, '2002-05-11', 'Vauxhall', 4),
(198, '2008-09-29', 'Ford', 4),
(199, '2007-08-08', 'Daimler', 170),
(200, '2012-02-29', 'GMC Trucks', 434),
(201, '2012-07-01', 'Dodge', 434),
(202, '2001-03-31', 'Lamborghini', 434),
(203, '2001-02-20', 'Pontiac', 259),
(204, '2008-11-25', 'Toyota', 259),
(205, '2006-03-01', 'Honda', 86),
(206, '2009-02-27', 'Mini', 86),
(207, '2011-12-07', 'Maserati', 7),
(208, '2000-06-28', 'Vauxhall', 437),
(209, '2004-10-06', 'China Geely Group', 437),
(210, '2002-02-22', 'Mercedes-Benz', 175),
(211, '2005-07-20', 'Jeep', 175),
(212, '2008-08-26', 'Spyker', 175),
(213, '2012-08-13', 'Isuzu', 353),
(214, '2001-06-09', 'BMW', 440),
(215, '2008-10-15', 'Land Rover', 440),
(216, '2003-05-20', 'Infiniti', 13),
(217, '2008-01-16', 'Subaru', 13),
(218, '2008-06-19', 'Mitsubishi', 14),
(219, '2013-01-06', 'Volvo', 269),
(220, '2011-05-25', 'Daihatsu', 17),
(221, '2010-01-30', 'Lincoln', 444),
(222, '2013-07-25', 'Bentley', 444),
(223, '2007-11-09', 'Lotus', 444),
(224, '2009-11-03', 'Peugeot', 97),
(225, '2006-02-01', 'Fiat', 97),
(226, '2006-11-28', 'Mini', 97),
(227, '2001-04-10', 'Volvo', 364),
(228, '2003-09-25', 'Land Rover', 364),
(229, '2005-08-28', 'Lamborghini', 98),
(230, '2005-03-11', 'Peugeot', 98),
(231, '2005-03-05', 'Daewoo', 187),
(232, '2004-10-10', 'Scion', 187),
(233, '2001-09-01', 'GMC Trucks', 187),
(234, '2002-05-30', 'Vauxhall', 274),
(235, '2010-02-15', 'Bentley', 274),
(236, '2013-11-18', 'Eagle', 365),
(237, '2013-11-12', 'GMC Trucks', 275),
(238, '2006-05-14', 'Isuzu', 275),
(239, '2006-12-25', 'Chevrolet', 189),
(240, '2001-04-26', 'Mazda', 189),
(241, '2007-01-31', 'Aston Martin', 189),
(242, '2007-03-07', 'Pontiac', 101),
(243, '2002-04-11', 'Porche', 101),
(244, '2003-08-16', 'Daihatsu', 277),
(245, '2005-05-05', 'Buick', 277),
(246, '2007-01-30', 'Subaru', 191),
(247, '2000-01-02', 'DAV', 191),
(248, '2002-11-04', 'Lamborghini', 191),
(249, '2000-11-06', 'Cadillac', 23),
(250, '2012-06-21', 'Jaguar', 23),
(251, '2004-03-19', 'Maserati', 23),
(252, '2006-05-19', 'Maserati', 193),
(253, '2008-07-05', 'Audi', 193),
(254, '2007-07-13', 'Volvo', 281),
(255, '2000-10-20', 'Daimler', 281),
(256, '2001-07-30', 'Honda', 370),
(257, '2006-09-28', 'Hyundai', 370),
(258, '2005-01-17', 'Daewoo', 370),
(259, '2007-07-15', 'Jeep', 108),
(260, '2000-03-22', 'GMC Trucks', 108),
(261, '2000-06-25', 'Oldsmobile', 108),
(262, '2004-09-05', 'Jeep', 285),
(263, '2000-09-24', 'Subaru', 285),
(264, '2010-03-04', 'Plymouth', 285),
(265, '2004-06-28', 'MG', 29),
(266, '2003-08-17', 'Cadillac', 29),
(267, '2006-04-23', 'Toyota', 113),
(268, '2004-03-13', 'Kia', 114),
(269, '2007-09-19', 'Jeep', 114),
(270, '2002-11-23', 'Renault', 462),
(271, '2000-06-05', 'Toyota', 289),
(272, '2008-07-08', 'Eagle', 289),
(273, '2012-03-02', 'Jeep', 465),
(274, '2011-08-29', 'Lancia', 466),
(275, '2011-11-07', 'Jaguar', 466),
(276, '2009-01-20', 'Lancia', 466),
(277, '2009-08-28', 'Subaru', 380),
(278, '2007-05-25', 'Aston Martin', 119),
(279, '2011-04-08', 'Oldsmobile', 119),
(280, '2003-02-19', 'Mini', 119),
(281, '2011-02-01', 'Lamborghini', 469),
(282, '2012-02-13', 'Scion', 469),
(283, '2010-04-25', 'Aston Martin', 469),
(284, '2003-09-25', 'Plymouth', 383),
(285, '2000-01-15', 'Daewoo', 383),
(286, '2008-01-10', 'Lincoln', 299),
(287, '2004-06-24', 'Daihatsu', 299),
(288, '2006-09-14', 'Jaguar', 299),
(289, '2004-12-27', 'Lotus', 43),
(290, '2005-12-22', 'Daimler', 213),
(291, '2007-03-10', 'Skoda', 476),
(292, '2006-09-11', 'Acura', 476),
(293, '2003-03-20', 'Mercedes-Benz', 476),
(294, '2006-06-20', 'Pontiac', 391),
(295, '2010-11-10', 'Renault', 477),
(296, '2002-06-13', 'Maserati', 477),
(297, '2002-11-24', 'Peugeot', 306),
(298, '2011-09-12', 'Ferrari', 217),
(299, '2003-06-26', 'Maserati', 217),
(300, '2008-08-05', 'Volkswagen', 217),
(301, '2013-10-14', 'Rolls-Royce', 394),
(302, '2009-07-17', 'Mini', 394),
(303, '2006-01-21', 'DeTomaso', 132),
(304, '2004-05-11', 'Porche', 395),
(305, '2013-11-08', 'Plymouth', 395),
(306, '2001-02-17', 'Jeep', 219),
(307, '2010-05-27', 'Buick', 219),
(308, '2003-02-22', 'Plymouth', 219),
(309, '2006-11-18', 'Isuzu', 133),
(310, '2009-07-07', 'Nissan', 133),
(311, '2000-03-27', 'Land Rover', 50),
(312, '2004-08-25', 'MG', 221),
(313, '2013-06-24', 'Infiniti', 221),
(314, '2000-08-07', 'China Geely Group', 221),
(315, '2001-07-15', 'Peugeot', 51),
(316, '2005-07-23', 'Holden', 51),
(317, '2005-02-15', 'Hummer', 136),
(318, '2002-07-19', 'Jeep', 224),
(319, '2005-02-03', 'GMC Trucks', 224),
(320, '2007-12-05', 'Mercedes-Benz', 53),
(321, '2012-10-24', 'Mitsubishi', 53),
(322, '2005-05-27', 'Bentley', 53),
(323, '2010-02-21', 'Dodge', 404),
(324, '2009-10-31', 'Volvo', 315),
(325, '2010-09-20', 'Mini', 406),
(326, '2007-04-07', 'GMC Trucks', 406),
(327, '2004-11-11', 'Saab', 489),
(328, '2002-01-11', 'Fiat', 145),
(329, '2008-11-15', 'Skoda', 145),
(330, '2002-09-24', 'Hummer', 145),
(331, '2003-01-16', 'Renault', 492),
(332, '2010-02-09', 'Smart', 231),
(333, '2007-12-06', 'Maserati', 411),
(334, '2008-04-16', 'Vauxhall', 411),
(335, '2005-04-20', 'Daihatsu', 411),
(336, '2004-06-08', 'Buick', 63),
(337, '2005-04-29', 'Holden', 233),
(338, '2013-03-30', 'Vauxhall', 233),
(339, '2005-11-22', 'Bentley', 235),
(340, '2003-10-14', 'Porche', 152),
(341, '2000-05-12', 'Skoda', 152),
(342, '2003-09-19', 'Jeep', 152),
(343, '2005-01-29', 'Skoda', 327),
(344, '2006-11-21', 'Volvo', 153),
(345, '2002-08-17', 'Volvo', 153),
(346, '2009-07-08', 'Lotus', 329),
(347, '2006-04-20', 'Peugeot', 329),
(348, '2001-06-20', 'Dodge', 330),
(349, '2003-12-07', 'Mazda', 70),
(350, '2009-09-23', 'China Geely Group', 70),
(351, '2006-09-16', 'Nissan', 70),
(352, '2007-12-28', 'Oldsmobile', 421),
(353, '2010-08-06', 'Daihatsu', 245),
(354, '2010-09-15', 'Plymouth', 72),
(355, '2000-05-23', 'China Geely Group', 334),
(356, '2007-02-02', 'MG', 334),
(357, '2008-01-08', 'Nissan', 160),
(358, '2012-04-04', 'SEAT', 160),
(359, '2006-12-07', 'Aston Martin', 160),
(360, '2011-08-28', 'Holden', 74),
(361, '2010-10-03', 'Chevrolet', 74),
(362, '2004-07-11', 'Maserati', 74),
(363, '2000-12-17', 'Smart', 337),
(364, '2002-03-19', 'Rolls-Royce', 337),
(365, '2005-06-30', 'Lotus', 337),
(366, '2005-04-14', 'DeTomaso', 339),
(367, '2003-12-18', 'GMC Trucks', 427),
(368, '2006-01-30', 'Mini', 78),
(369, '2002-11-07', 'Skoda', 78),
(370, '2008-12-16', 'Volkswagen', 78),
(371, '2004-06-18', 'Holden', 79),
(372, '2007-04-25', 'Honda', 79),
(373, '2013-04-28', 'Ford', 428),
(374, '2004-03-20', 'Lancia', 428),
(375, '2011-05-09', 'Aston Martin', 428),
(376, '2009-02-22', 'Kia', 165),
(377, '2011-07-16', 'Volvo', 165),
(378, '2007-08-02', 'Nissan', 165),
(379, '2007-04-04', 'Skoda', 1),
(380, '2003-02-11', 'Hummer', 1),
(381, '2004-02-01', 'Isuzu', 1),
(382, '2009-10-07', 'Buick', 255),
(383, '2000-04-30', 'Acura', 169),
(384, '2011-01-14', 'Oldsmobile', 169),
(385, '2004-06-03', 'Vauxhall', 257),
(386, '2008-04-03', 'Honda', 433),
(387, '2012-01-25', 'Renault', 433),
(388, '2009-06-15', 'Peugeot', 349),
(389, '2009-07-18', 'BMW', 349),
(390, '2001-04-06', 'Cadillac', 349),
(391, '2007-01-18', 'Buick', 86),
(392, '2013-05-29', 'Kia', 86),
(393, '2009-07-28', 'Hummer', 86),
(394, '2008-05-21', 'Toyota', 174),
(395, '2013-10-23', 'Maserati', 175),
(396, '2001-09-04', 'Kia', 88),
(397, '2010-12-05', 'China Geely Group', 88),
(398, '2006-05-15', 'Bentley', 177),
(399, '2003-01-25', 'Vauxhall', 177),
(400, '2000-11-19', 'Hummer', 354),
(401, '2002-06-13', 'Pontiac', 354),
(402, '2010-07-15', 'Cadillac', 354),
(403, '2009-04-08', 'Hummer', 13),
(404, '2002-07-01', 'Suzuki', 356),
(405, '2001-06-12', 'Chrysler', 16),
(406, '2009-08-03', 'Infiniti', 16),
(407, '2006-05-21', 'Eagle', 16),
(408, '2004-03-13', 'BMW', 17),
(409, '2007-09-24', 'Subaru', 17),
(410, '2002-08-06', 'Saleen', 18),
(411, '2006-11-06', 'SEAT', 18),
(412, '2010-03-18', 'Audi', 363),
(413, '2009-02-26', 'Rolls-Royce', 365),
(414, '2005-05-01', 'Ferrari', 365),
(415, '2004-12-09', 'Daimler', 99),
(416, '2001-10-05', 'Jaguar', 99),
(417, '2010-08-02', 'Smart', 275),
(418, '2005-08-28', 'Plymouth', 275),
(419, '2012-08-02', 'Mercury', 189),
(420, '2007-06-07', 'Saturn', 189),
(421, '2004-04-27', 'Lancia', 277),
(422, '2002-12-04', 'Cadillac', 191),
(423, '2000-05-05', 'Daewoo', 191),
(424, '2002-04-10', 'Jeep', 191),
(425, '2013-01-25', 'Chevrolet', 23),
(426, '2007-08-24', 'Volvo', 23),
(427, '2012-12-20', 'Lancia', 24),
(428, '2005-09-08', 'DAV', 451),
(429, '2010-10-01', 'Jeep', 451),
(430, '2002-03-04', 'Land Rover', 194),
(431, '2012-03-29', 'Chevrolet', 194),
(432, '2012-06-10', 'Hummer', 107),
(433, '2001-06-17', 'Cadillac', 107),
(434, '2006-02-04', 'Lamborghini', 195),
(435, '2011-05-24', 'Chrysler', 195),
(436, '2011-07-29', 'Saturn', 283),
(437, '2011-04-29', 'Bentley', 454),
(438, '2004-10-16', 'Jeep', 454),
(439, '2003-11-07', 'Cadillac', 454),
(440, '2005-04-15', 'Kia', 109),
(441, '2000-06-24', 'Dodge', 109),
(442, '2001-06-12', 'China Geely Group', 109),
(443, '2001-03-17', 'Saturn', 373),
(444, '2007-03-02', 'Volvo', 373),
(445, '2003-05-30', 'Daimler', 373),
(446, '2004-05-28', 'Volvo', 286),
(447, '2004-04-19', 'MG', 286),
(448, '2003-03-13', 'Alfa Romeo', 374),
(449, '2002-04-17', 'Audi', 31),
(450, '2012-06-01', 'Toyota', 31),
(451, '2004-02-24', 'Dodge', 31),
(452, '2006-05-15', 'Plymouth', 114),
(453, '2010-05-09', 'Isuzu', 114),
(454, '2012-07-28', 'DAV', 114),
(455, '2010-05-11', 'BMW', 289),
(456, '2007-09-15', 'Hyundai', 289),
(457, '2004-04-03', 'MG', 289),
(458, '2008-08-13', 'Lancia', 466),
(459, '2009-09-19', 'Scion', 466),
(460, '2010-01-02', 'Mercedes-Benz', 466),
(461, '2011-02-19', 'Mitsubishi', 35),
(462, '2000-01-04', 'Mercedes-Benz', 35),
(463, '2012-09-26', 'General Motors', 35),
(464, '2013-09-12', 'Mazda', 117),
(465, '2011-03-12', 'Holden', 117),
(466, '2012-04-14', 'MG', 37),
(467, '2005-05-08', 'Daihatsu', 37),
(468, '2005-04-30', 'Lancia', 37),
(469, '2001-04-26', 'Mazda', 295),
(470, '2004-06-26', 'Pontiac', 469),
(471, '2011-10-01', 'Mazda', 469),
(472, '2013-06-12', 'MG', 297),
(473, '2009-12-11', 'Volvo', 120),
(474, '2008-06-28', 'BMW', 120),
(475, '2011-10-08', 'Suzuki', 120),
(476, '2009-12-22', 'Mini', 471),
(477, '2008-02-23', 'Jaguar', 471),
(478, '2004-09-14', 'Volkswagen', 471),
(479, '2012-09-05', 'Ferrari', 385),
(480, '2003-04-30', 'Nissan', 385),
(481, '2000-07-23', 'Isuzu', 385),
(482, '2000-01-27', 'Chevrolet', 42),
(483, '2013-08-20', 'Mercury', 43),
(484, '2006-11-29', 'Lexus', 474),
(485, '2004-06-24', 'Volkswagen', 474),
(486, '2000-08-05', 'General Motors', 474),
(487, '2012-10-05', 'Infiniti', 126),
(488, '2000-07-28', 'Jeep', 126),
(489, '2013-09-08', 'Toyota', 389),
(490, '2008-11-28', 'Ferrari', 389),
(491, '2003-05-30', 'Cadillac', 389),
(492, '2013-11-23', 'Ferrari', 476),
(493, '2009-04-13', 'MG', 390),
(494, '2002-01-28', 'Skoda', 390),
(495, '2009-01-02', 'Mitsubishi', 391),
(496, '2006-04-03', 'Jaguar', 304),
(497, '2001-04-17', 'Daihatsu', 304),
(498, '2004-06-29', 'Skoda', 304),
(499, '2012-08-11', 'Saturn', 217),
(500, '2013-11-19', 'Ford', 308),
(501, '2010-12-31', 'TaTa', 482),
(502, '2002-03-27', 'SEAT', 482),
(503, '2013-09-09', 'Volvo', 221),
(504, '2012-01-23', 'Cadillac', 135),
(505, '2012-06-28', 'TaTa', 135),
(506, '2005-05-02', 'Cadillac', 51),
(507, '2011-12-05', 'Jaguar', 51),
(508, '2006-01-29', 'Skoda', 51),
(509, '2005-08-22', 'Jeep', 137),
(510, '2011-07-11', 'Audi', 137),
(511, '2012-04-24', 'Oldsmobile', 137),
(512, '2002-03-28', 'MG', 312),
(513, '2006-02-27', 'Volkswagen', 54),
(514, '2000-11-03', 'Land Rover', 54),
(515, '2001-08-23', 'Lexus', 54),
(516, '2011-04-01', 'Plymouth', 485),
(517, '2006-11-22', 'SEAT', 226),
(518, '2012-02-20', 'Lotus', 227),
(519, '2006-02-23', 'Mazda', 227),
(520, '2006-12-09', 'Vauxhall', 405),
(521, '2005-06-23', 'Buick', 317),
(522, '2010-08-17', 'Lincoln', 317),
(523, '2013-06-19', 'Oldsmobile', 58),
(524, '2002-11-01', 'Audi', 59),
(525, '2001-10-03', 'Lamborghini', 59),
(526, '2013-09-28', 'Pontiac', 59),
(527, '2000-07-17', 'Saturn', 489),
(528, '2000-11-02', 'Oldsmobile', 144),
(529, '2012-09-18', 'DAV', 144),
(530, '2000-01-09', 'Daewoo', 144),
(531, '2011-08-08', 'Citron', 491),
(532, '2012-08-07', 'Chevrolet', 493),
(533, '2008-09-11', 'Lexus', 493),
(534, '2012-11-24', 'Ferrari', 493),
(535, '2001-02-25', 'Volvo', 231),
(536, '2011-04-18', 'Renault', 231),
(537, '2008-03-13', 'Nissan', 231),
(538, '2001-01-16', 'Infiniti', 412),
(539, '2004-08-28', 'Jeep', 412),
(540, '2013-06-10', 'Bentley', 412),
(541, '2000-01-16', 'Jeep', 62),
(542, '2001-05-22', 'Peugeot', 62),
(543, '2010-11-07', 'Chrysler', 64),
(544, '2004-03-20', 'Eagle', 64),
(545, '2011-12-18', 'Honda', 64),
(546, '2007-11-23', 'Lancia', 150),
(547, '2004-03-28', 'General Motors', 235),
(548, '2002-04-21', 'Fiat', 235),
(549, '2007-09-01', 'Daimler', 417),
(550, '2012-08-15', 'Citron', 417),
(551, '2005-05-27', 'Lancia', 417),
(552, '2001-02-05', 'Lamborghini', 153),
(553, '2011-08-25', 'Isuzu', 153),
(554, '2011-09-29', 'Spyker', 154),
(555, '2008-08-12', 'Lexus', 154),
(556, '2013-10-17', 'Lincoln', 154),
(557, '2001-07-26', 'Aston Martin', 330),
(558, '2012-02-07', 'Scion', 330),
(559, '2012-12-28', 'Oldsmobile', 156),
(560, '2007-08-15', 'DAV', 244),
(561, '2007-01-09', 'Suzuki', 333),
(562, '2009-10-27', 'TaTa', 73),
(563, '2011-12-11', 'Suzuki', 73),
(564, '2001-07-02', 'Dodge', 73),
(565, '2012-10-15', 'General Motors', 161),
(566, '2001-09-06', 'BMW', 161),
(567, '2011-03-05', 'General Motors', 336),
(568, '2008-03-31', 'Jeep', 336),
(569, '2006-12-11', 'Bentley', 336),
(570, '2001-11-19', 'Citron', 339),
(571, '2006-05-24', 'Infiniti', 339),
(572, '2013-08-10', 'Fiat', 252),
(573, '2008-05-18', 'Nissan', 252),
(574, '2000-09-18', 'BMW', 252),
(575, '2006-03-22', 'Toyota', 165),
(576, '2002-08-11', 'Skoda', 165),
(577, '2001-03-29', 'Renault', 254),
(578, '2008-09-30', 'China Geely Group', 254),
(579, '2007-02-05', 'Saturn', 254),
(580, '2005-01-17', 'Plymouth', 430),
(581, '2010-08-11', 'GMC Trucks', 430),
(582, '2013-08-04', 'TaTa', 430),
(583, '2005-08-07', 'Rolls-Royce', 83),
(584, '2000-09-15', 'Hyundai', 4),
(585, '2013-07-14', 'Saleen', 4),
(586, '2010-06-29', 'Fiat', 257),
(587, '2005-03-02', 'Suzuki', 257),
(588, '2011-09-30', 'Acura', 257),
(589, '2002-01-07', 'Scion', 433),
(590, '2001-08-27', 'Maserati', 433),
(591, '2012-10-23', 'Mini', 433),
(592, '2011-05-01', 'Citron', 85),
(593, '2000-10-23', 'Nissan', 85),
(594, '2005-04-13', 'Isuzu', 85),
(595, '2009-11-22', 'MG', 172),
(596, '2002-09-24', 'Saturn', 172),
(597, '2010-10-29', 'Daihatsu', 172),
(598, '2002-08-11', 'Jeep', 261),
(599, '2001-11-16', 'General Motors', 261),
(600, '2009-11-10', 'Mercury', 8),
(601, '2002-07-15', 'Cadillac', 9),
(602, '2006-12-24', 'Rolls-Royce', 9),
(603, '2013-06-30', 'Aston Martin', 9),
(604, '2005-04-23', 'MG', 352),
(605, '2012-11-02', 'Bentley', 12),
(606, '2003-07-10', 'Dodge', 12),
(607, '2010-04-25', 'Hyundai', 354),
(608, '2009-07-09', 'Mercury', 354),
(609, '2000-12-04', 'Kia', 354),
(610, '2002-12-27', 'Daewoo', 179),
(611, '2001-06-01', 'Porche', 179),
(612, '2003-06-06', 'GMC Trucks', 356),
(613, '2010-05-05', 'Peugeot', 356),
(614, '2003-02-11', 'Nissan', 15),
(615, '2003-07-04', 'Saleen', 15),
(616, '2008-06-25', 'Subaru', 358),
(617, '2006-01-16', 'Saleen', 270),
(618, '2013-04-24', 'Chrysler', 270),
(619, '2010-12-30', 'Lincoln', 270),
(620, '2002-12-13', 'Acura', 271),
(621, '2012-12-05', 'Citron', 185),
(622, '2001-09-03', 'Cadillac', 362),
(623, '2004-02-19', 'Alfa Romeo', 362),
(624, '2004-01-17', 'Lamborghini', 445),
(625, '2004-01-03', 'Mazda', 445),
(626, '2006-06-28', 'Nissan', 445),
(627, '2013-08-15', 'Chrysler', 188),
(628, '2001-09-05', 'Hyundai', 188),
(629, '2013-11-26', 'Pontiac', 365),
(630, '2006-10-15', 'Renault', 365),
(631, '2002-03-17', 'Rolls-Royce', 365),
(632, '2009-10-20', 'TaTa', 101),
(633, '2004-03-27', 'Lamborghini', 101),
(634, '2000-09-17', 'Lotus', 101),
(635, '2004-05-02', 'SEAT', 448),
(636, '2011-11-24', 'Daihatsu', 191),
(637, '2008-10-28', 'Lincoln', 191),
(638, '2012-04-07', 'Mini', 368),
(639, '2002-12-07', 'Daewoo', 368),
(640, '2011-06-19', 'Maserati', 368),
(641, '2011-02-13', 'Audi', 105),
(642, '2009-11-28', 'Nissan', 105),
(643, '2011-12-26', 'Acura', 105),
(644, '2009-10-17', 'Dodge', 106),
(645, '2003-11-17', 'Smart', 106),
(646, '2009-06-12', 'Mitsubishi', 106),
(647, '2011-09-09', 'Lexus', 453),
(648, '2011-09-09', 'Daihatsu', 453),
(649, '2005-02-03', 'Smart', 196),
(650, '2008-07-04', 'MG', 196),
(651, '2004-07-21', 'Daimler', 196),
(652, '2000-03-11', 'SEAT', 27),
(653, '2010-05-04', 'Chrysler', 27),
(654, '2013-09-02', 'Porche', 27),
(655, '2005-07-22', 'Dodge', 456),
(656, '2003-02-27', 'DeTomaso', 110),
(657, '2013-01-12', 'SEAT', 110),
(658, '2005-02-27', 'Jeep', 110),
(659, '2003-11-22', 'Toyota', 375),
(660, '2004-10-04', 'Eagle', 375),
(661, '2011-01-11', 'Lincoln', 459),
(662, '2011-10-12', 'Maserati', 459),
(663, '2010-04-21', 'Buick', 114),
(664, '2009-11-21', 'Mazda', 114),
(665, '2003-08-22', 'Ferrari', 463),
(666, '2004-01-04', 'Oldsmobile', 464),
(667, '2007-03-05', 'Daewoo', 379),
(668, '2006-03-15', 'Cadillac', 379),
(669, '2013-02-02', 'Nissan', 380),
(670, '2010-04-17', 'Lexus', 380),
(671, '2011-11-10', 'Saturn', 381),
(672, '2008-06-27', 'Skoda', 295),
(673, '2009-03-29', 'Renault', 295),
(674, '2007-02-11', 'Suzuki', 383),
(675, '2005-02-16', 'Chrysler', 42),
(676, '2004-10-27', 'Peugeot', 42),
(677, '2001-09-02', 'Volkswagen', 122),
(678, '2008-01-21', 'Lancia', 211),
(679, '2000-07-19', 'Lamborghini', 211),
(680, '2001-09-24', 'Hyundai', 211),
(681, '2008-04-26', 'Pontiac', 125),
(682, '2000-08-20', 'Skoda', 125),
(683, '2004-08-06', 'BMW', 125),
(684, '2002-12-17', 'Toyota', 127),
(685, '2001-01-19', 'Nissan', 476),
(686, '2001-02-18', 'Oldsmobile', 216),
(687, '2012-05-08', 'Mercury', 216),
(688, '2011-10-01', 'Hummer', 216),
(689, '2011-07-17', 'Isuzu', 306),
(690, '2009-11-22', 'Daihatsu', 130),
(691, '2008-04-23', 'Mini', 130),
(692, '2010-02-12', 'Porche', 130),
(693, '2010-08-24', 'Acura', 393),
(694, '2001-05-24', 'Isuzu', 393),
(695, '2001-07-05', 'BMW', 395),
(696, '2011-08-27', 'Mazda', 133),
(697, '2012-02-23', 'Lincoln', 133),
(698, '2001-09-27', 'Infiniti', 133),
(699, '2012-10-08', 'Porche', 134),
(700, '2000-02-27', 'Saab', 134),
(701, '2010-01-20', 'Hummer', 483),
(702, '2011-06-05', 'Dodge', 400),
(703, '2010-10-25', 'Volkswagen', 400),
(704, '2006-06-09', 'Honda', 400),
(705, '2012-01-28', 'Lotus', 401),
(706, '2012-08-17', 'Daewoo', 401),
(707, '2005-06-09', 'Lincoln', 138),
(708, '2005-10-01', 'Smart', 138),
(709, '2000-11-01', 'Mazda', 138),
(710, '2011-04-10', 'Jaguar', 55),
(711, '2013-03-25', 'Jeep', 55),
(712, '2009-01-19', 'Nissan', 55),
(713, '2000-04-13', 'MG', 56),
(714, '2006-08-10', 'Alfa Romeo', 56),
(715, '2005-01-02', 'Isuzu', 487),
(716, '2012-04-23', 'BMW', 487),
(717, '2000-10-15', 'Alfa Romeo', 487),
(718, '2010-04-28', 'Toyota', 316),
(719, '2000-01-10', 'Scion', 316),
(720, '2009-04-28', 'General Motors', 406),
(721, '2008-02-04', 'Hummer', 406),
(722, '2000-08-05', 'Dodge', 406),
(723, '2003-02-26', 'Plymouth', 59),
(724, '2006-04-14', 'Ford', 59),
(725, '2006-06-02', 'Lotus', 59),
(726, '2000-07-18', 'Daimler', 229),
(727, '2012-03-15', 'Cadillac', 229),
(728, '2012-07-30', 'Mini', 144),
(729, '2001-04-06', 'Scion', 319),
(730, '2010-05-20', 'Renault', 319),
(731, '2008-10-22', 'Smart', 319),
(732, '2012-08-31', 'Lincoln', 61),
(733, '2012-04-30', 'Lancia', 61),
(734, '2003-04-13', 'Alfa Romeo', 231),
(735, '2006-01-16', 'Spyker', 231),
(736, '2011-06-01', 'TaTa', 231),
(737, '2010-07-02', 'Jaguar', 412),
(738, '2002-01-28', 'Rolls-Royce', 412),
(739, '2007-01-02', 'Volkswagen', 412),
(740, '2008-11-01', 'SEAT', 413),
(741, '2004-03-03', 'Spyker', 413),
(742, '2001-09-24', 'Vauxhall', 413),
(743, '2010-03-21', 'Toyota', 496),
(744, '2001-07-17', 'General Motors', 497),
(745, '2003-10-20', 'Oldsmobile', 497),
(746, '2005-06-12', 'Lexus', 497),
(747, '2009-10-23', 'Lotus', 65),
(748, '2005-05-02', 'Isuzu', 65),
(749, '2001-04-09', 'Honda', 415),
(750, '2009-04-28', 'Ford', 151),
(751, '2013-07-13', 'Volkswagen', 151),
(752, '2011-03-21', 'Vauxhall', 416),
(753, '2013-08-08', 'Bentley', 416),
(754, '2012-05-18', 'General Motors', 500),
(755, '2004-06-10', 'Subaru', 500),
(756, '2012-10-09', 'Toyota', 500),
(757, '2006-04-17', 'Fiat', 418),
(758, '2007-05-07', 'Lamborghini', 69),
(759, '2000-01-05', 'Holden', 69),
(760, '2010-10-26', 'Fiat', 420),
(761, '2008-05-09', 'Eagle', 420),
(762, '2004-02-07', 'Maserati', 420),
(763, '2005-04-19', 'SEAT', 156),
(764, '2000-04-08', 'Daihatsu', 333),
(765, '2003-02-18', 'Maserati', 333),
(766, '2010-06-20', 'Spyker', 333),
(767, '2008-06-02', 'BMW', 158),
(768, '2009-01-16', 'Chevrolet', 160),
(769, '2009-11-04', 'Daihatsu', 249),
(770, '2003-07-29', 'Mazda', 76),
(771, '2008-03-05', 'Mini', 164),
(772, '2012-08-23', 'Isuzu', 166),
(773, '2007-07-23', 'MG', 166),
(774, '2012-06-26', 'Lexus', 166),
(775, '2007-10-24', 'Lamborghini', 2),
(776, '2000-03-09', 'DAM', 3),
(777, '2009-12-14', 'China Products are Super Bad', 3),
(778, '2005-06-23', 'Subaru', 84),
(779, '2004-08-30', 'Ford', 84),
(780, '2012-11-27', 'Jeep', 349),
(781, '2001-10-03', 'Eagle', 349),
(782, '2009-11-15', 'Scion', 7),
(783, '2002-01-05', 'Ferrari', 9),
(784, '2011-03-23', 'Mini', 263),
(785, '2010-02-24', 'Saleen', 352),
(786, '2007-06-21', 'Cadillac', 89),
(787, '2004-12-16', 'Vauxhall', 439),
(788, '2004-03-05', 'Ford', 439),
(789, '2005-06-14', 'Chevrolet', 439),
(790, '2011-01-08', 'Lexus', 267),
(791, '2003-12-10', 'Oldsmobile', 357),
(792, '2011-04-28', 'Ford', 357),
(793, '2006-11-15', 'Mazda', 357),
(794, '2010-03-11', 'Kia', 269),
(795, '2007-04-07', 'Dodge', 269),
(796, '2011-06-28', 'Plymouth', 17),
(797, '2008-07-13', 'BMW', 17),
(798, '2011-08-26', 'Saturn', 185),
(799, '2011-11-30', 'Renault', 185),
(800, '2012-09-28', 'Pontiac', 363),
(801, '2010-09-06', 'Hummer', 363),
(802, '2008-09-08', 'Skoda', 363),
(803, '2009-09-14', 'Daihatsu', 274),
(804, '2000-09-26', 'Oldsmobile', 274),
(805, '2012-12-18', 'Bentley', 274),
(806, '2000-10-23', 'Mini', 99),
(807, '2012-03-21', 'Toyota', 99),
(808, '2005-03-04', 'Holden', 448),
(809, '2011-08-24', 'Daimler', 448),
(810, '2007-12-24', 'Acura', 366),
(811, '2012-08-05', 'Spyker', 367),
(812, '2000-07-25', 'Saturn', 367),
(813, '2013-02-14', 'Maserati', 367),
(814, '2002-03-09', 'Vauxhall', 449),
(815, '2012-03-17', 'Daihatsu', 103),
(816, '2001-01-11', 'General Motors', 450),
(817, '2006-02-06', 'Daewoo', 450),
(818, '2003-02-22', 'Plymouth', 282),
(819, '2001-10-22', 'Peugeot', 282),
(820, '2009-03-24', 'Daihatsu', 370),
(821, '2007-08-20', 'Pontiac', 371),
(822, '2003-07-28', 'Saturn', 371),
(823, '2009-01-24', 'Honda', 455),
(824, '2003-12-01', 'Jeep', 455),
(825, '2004-01-12', 'GMC Trucks', 455),
(826, '2004-09-11', 'Scion', 285),
(827, '2007-05-31', 'Porche', 285),
(828, '2000-06-13', 'Eagle', 110),
(829, '2004-07-13', 'Mitsubishi', 286),
(830, '2009-02-04', 'China Geely Group', 286),
(831, '2008-12-03', 'Skoda', 111),
(832, '2010-06-12', 'GMC Trucks', 111),
(833, '2003-06-27', 'China Geely Group', 30),
(834, '2006-03-02', 'MG', 30),
(835, '2010-04-06', 'Saab', 287),
(836, '2000-12-28', 'Spyker', 287),
(837, '2008-03-01', 'China Geely Group', 287),
(838, '2001-05-22', 'TaTa', 459),
(839, '2008-02-11', 'Scion', 460),
(840, '2007-04-14', 'Kia', 376),
(841, '2002-11-02', 'Lancia', 376),
(842, '2011-09-09', 'Mini', 115),
(843, '2009-10-27', 'Acura', 115),
(844, '2009-12-09', 'Porche', 115),
(845, '2011-08-19', 'Bentley', 462),
(846, '2001-05-29', 'Mazda', 462),
(847, '2010-07-21', 'Infiniti', 203),
(848, '2010-11-12', 'Holden', 116),
(849, '2012-10-04', 'Chrysler', 116),
(850, '2003-04-02', 'Scion', 35),
(851, '2011-02-05', 'Oldsmobile', 35),
(852, '2009-02-10', 'Lotus', 35),
(853, '2003-11-05', 'Smart', 380),
(854, '2001-11-01', 'Dodge', 380),
(855, '2010-09-17', 'SEAT', 380),
(856, '2012-05-03', 'Jeep', 206),
(857, '2003-08-10', 'Suzuki', 206),
(858, '2005-07-20', 'Chrysler', 206),
(859, '2002-09-29', 'General Motors', 469),
(860, '2001-03-03', 'Land Rover', 469),
(861, '2007-12-25', 'DAV', 469),
(862, '2006-10-21', 'Saab', 297),
(863, '2004-09-10', 'SEAT', 297),
(864, '2000-07-23', 'Aston Martin', 40),
(865, '2003-07-08', 'Lancia', 40),
(866, '2012-04-24', 'Dodge', 40),
(867, '2008-06-21', 'Lincoln', 382),
(868, '2002-09-20', 'MG', 382),
(869, '2000-04-09', 'Infiniti', 384),
(870, '2008-10-04', 'Isuzu', 384),
(871, '2007-04-24', 'MG', 41),
(872, '2010-05-13', 'Oldsmobile', 41),
(873, '2009-01-20', 'Subaru', 386),
(874, '2012-11-05', 'Saleen', 386),
(875, '2009-04-13', 'DeTomaso', 386),
(876, '2000-05-26', 'Bentley', 211),
(877, '2001-03-25', 'Daewoo', 301),
(878, '2000-02-22', 'Infiniti', 301),
(879, '2012-10-05', 'Infiniti', 301),
(880, '2010-11-17', 'Peugeot', 214),
(881, '2009-04-11', 'Citron', 214),
(882, '2006-10-11', 'Pontiac', 214),
(883, '2001-08-07', 'Maserati', 215),
(884, '2013-04-29', 'MG', 215),
(885, '2011-09-19', 'Renault', 215),
(886, '2010-12-09', 'Plymouth', 392),
(887, '2007-02-16', 'Volkswagen', 392),
(888, '2002-04-04', 'SEAT', 306),
(889, '2009-12-31', 'Mercedes-Benz', 307),
(890, '2000-03-16', 'Saab', 49),
(891, '2006-06-21', 'Smart', 133),
(892, '2008-01-18', 'Kia', 135),
(893, '2009-05-29', 'Pontiac', 52),
(894, '2002-01-21', 'Renault', 52),
(895, '2004-07-08', 'Daewoo', 52),
(896, '2003-05-16', 'Land Rover', 402),
(897, '2004-08-30', 'Mercury', 402),
(898, '2006-03-18', 'SEAT', 402),
(899, '2001-09-02', 'Mercedes-Benz', 55),
(900, '2002-02-21', 'MG', 486);

-- --------------------------------------------------------

--
-- Table structure for table `staff`
--

CREATE TABLE IF NOT EXISTS `staff` (
  `staff_id` int(11) NOT NULL AUTO_INCREMENT,
  `email` varchar(255) NOT NULL,
  `date_of_birth` date DEFAULT NULL,
  `date_of_join` date DEFAULT NULL,
  `first_name` varchar(255) NOT NULL,
  `last_name` varchar(255) NOT NULL,
  `salary` double DEFAULT NULL,
  `auth_id` int(11) NOT NULL,
  `group_id` int(11) NOT NULL,
  PRIMARY KEY (`staff_id`),
  UNIQUE KEY `UK_pvctx4dbua9qh4p4s3gm3scrh` (`email`),
  KEY `FK_kg0gftkoh3gkwji5u7hxuuirp` (`auth_id`),
  KEY `FK_rb2jyod8hnynb8lo8vnsdfwp3` (`group_id`)
) ENGINE=InnoDB  DEFAULT CHARSET=latin1 AUTO_INCREMENT=501 ;

--
-- Dumping data for table `staff`
--

INSERT INTO `staff` (`staff_id`, `email`, `date_of_birth`, `date_of_join`, `first_name`, `last_name`, `salary`, `auth_id`, `group_id`) VALUES
(1, 'LBaltec@telfort.com', '2000-08-28', '2006-08-07', 'Femke', 'Bernstein', 63.82, 6, 2),
(2, 'ERobinson@web.co.uk', '2012-09-16', '2003-07-12', 'Maximilian', 'Rauch', 9.38, 13, 2),
(3, 'root@root.com', '2010-12-04', '2001-03-28', 'Jeffery', 'Waddell', 26088.1, 22, 3),
(4, 'Y.Haynes@excite.net', '2003-12-13', '2000-08-14', 'Patty', 'Bryant', 688.65, 26, 2),
(5, 'Maddy.Crocetti5@msn.be', '2008-02-08', '2006-09-25', 'Ana', 'Morton', 376518.7, 36, 4),
(6, 'Madelein.van Dijk@kpn.be', '2011-12-13', '2004-04-01', 'Kim', 'Prior', 482.01, 41, 3),
(7, 'Hans.Symms4@hotmail.de', '2002-07-30', '2011-06-06', 'Thomas', 'Weaver', 9207.89, 47, 2),
(8, 'IArcher@myspace.cn', '2002-06-08', '2000-08-03', 'Sanne', 'Krutkov', 454.89, 51, 1),
(9, 'PeterJones1@mobileme.org', '2006-12-02', '2000-08-28', 'Ton', 'Uprovski', 576.23, 56, 4),
(10, 'Dick.Zimmerman1@telefonica.es', '2000-10-07', '2012-03-23', 'Phil', 'Botsik', 187.3, 61, 2),
(11, 'Bill.Hankins@telefonica.be', '2004-05-06', '2007-02-28', 'Rick', 'Hendrix', 306.79, 64, 3),
(12, 'FreddyAngarano@aol.no', '2008-08-27', '2011-07-06', 'Joost', 'Alspaugh', 42.18, 71, 4),
(13, 'Bianca.Rivers@mail.com', '2000-11-15', '2010-07-12', 'Andy', 'Gieske', 59.68, 81, 1),
(14, 'JimHancock@mymail.de', '2004-12-21', '2009-09-02', 'Mads', 'Hopper', 7147.45, 82, 3),
(15, 'MattJulieze4@lycos.cn', '2004-09-29', '2004-06-28', 'George', 'Freeman', 584664.63, 84, 2),
(16, 'VictoriaWood3@mymail.net', '2011-08-25', '2003-10-26', 'Thelma', 'Moore', 97.76, 89, 4),
(17, 'WillMcDaniel@dolfijn.it', '2012-04-30', '2000-01-18', 'Maximilian', 'Plantz', 2079.3, 96, 1),
(18, 'JackHollman2@excite.org', '2013-03-24', NULL, 'Nicoline', 'Freeman', 981049.91, 105, 2),
(19, 'BasWong@lycos.gov', '2004-04-02', '2007-01-14', 'Vanessa', 'Griffioen', 7108.33, 110, 3),
(20, 'ABotsik4@hotmail.fr', '2010-06-26', '2010-12-21', 'Piotr', 'Kellock', 4.22, 120, 1),
(21, 'Emma.Whitehurst@mobileme.cn', '2003-10-06', '2003-01-27', 'Alejandro', 'Alspaugh', 278.87, 130, 2),
(22, 'M.Blount@freeweb.us', '2002-08-17', '2003-05-03', 'Amber', 'Wood', 387.31, 135, 3),
(23, 'Bas.Oyler@myspace.dk', '2004-04-21', '2005-10-02', 'Francisco', 'Sanders', 5.32, 143, 2),
(24, 'FrankCappello@mymail.no', '2001-07-26', '2002-02-14', 'Helen', 'Meterson', 1324.01, 144, 4),
(25, 'PetraGoodman2@aol.ca', '2010-02-23', '2001-08-20', 'Lucy', 'Gildersleeve', 89099.88, 152, 4),
(26, 'Kim.Pensec@gmail.dk', '2007-07-17', '2004-07-10', 'Colin', 'Knight', 144.02, 161, 1),
(27, 'WillLittle3@telefonica.ca', '2004-12-21', '2008-07-12', 'Tomasz', 'DeWilde', 867854.46, 171, 4),
(28, 'JShapiro5@freeweb.org', '2005-02-13', '2011-11-09', 'Vanessa', 'Pekaban', 7712.66, 179, 2),
(29, 'Lucas.Arden5@aol.be', '2010-05-14', '2007-05-02', 'Matt', 'Williams', 8677.7, 186, 3),
(30, 'IDavis1@telefonica.net', '2003-01-02', '2006-07-08', 'Johnny', 'Stockton', 2.44, 189, 4),
(31, 'WilliamPerilloux@mail.gov', '2004-01-03', '2012-05-02', 'Patty', 'Simonent', 613944.86, 195, 4),
(32, 'Peter.Koch4@libero.gov', '2003-12-12', '2004-02-08', 'Eleanor', 'Rivers', 5336.35, 204, 2),
(33, 'H.Lawton@mymail.no', '2012-10-14', '2002-04-07', 'Rick', 'Scheffold', 8971.49, 214, 1),
(34, 'EmmaZapetis@gmail.gov', '2009-02-13', '2006-09-21', 'Carolina', 'Meterson', 474560.44, 219, 4),
(35, 'Bianca.Royal@lycos.org', '2004-04-15', '2013-01-03', 'Charles', 'Martin', 19.55, 223, 2),
(36, 'E.Cramer@msn.nl', '2000-05-31', '2007-11-30', 'George', 'Phillips', 2.93, 226, 3),
(37, 'TFrancis@telfort.de', '2013-09-15', '2003-08-17', 'Ester', 'Grote', 75.61, 229, 1),
(38, 'MZapetis@libero.org', '2004-05-04', '2009-05-11', 'Ross', 'Crocetti', 3.71, 237, 2),
(39, 'Camilla.Botsik5@hotmail.co.uk', '2000-08-02', '2003-03-03', 'Charlie', 'Brylle', 990.42, 240, 1),
(40, 'RHaynes5@live.de', '2013-04-16', '2006-09-04', 'Ida', 'Simonent', 33.13, 244, 1),
(41, 'Michael.Blount@excite.es', '2005-04-12', '2010-11-04', 'Alex', 'Howe', 49.36, 250, 4),
(42, 'Ton.Tudisco@excite.it', '2008-03-26', '2005-08-08', 'Mikkel', 'Haynes', 807777.89, 255, 1),
(43, 'Ann.Lee@yahoo.es', '2009-07-29', '2010-08-28', 'Ben', 'Carlos', 2.39, 261, 3),
(44, 'Ben.Bitmacs4@live.es', '2004-06-13', '2007-05-22', 'Ruth', 'Williamson', 66592.81, 268, 1),
(45, 'DanMenovosa@mobileme.de', '2009-01-15', '2013-08-04', 'Katie', 'Bryant', 5.04, 275, 4),
(46, 'WillHendrix@excite.be', '2010-01-09', '2011-10-01', 'Bram', 'Bloom', 90.53, 284, 3),
(47, 'FrankFreeman1@dolfijn.org', '2009-09-21', '2004-09-28', 'Nate', 'Lamere', 463474.16, 294, 3),
(48, 'P.Gieske@freeweb.no', '2009-02-23', '2008-06-22', 'Adrian', 'Daughtery', 441, 299, 1),
(49, 'WilliamKoch@weboffice.co.uk', '2002-12-17', '2005-12-15', 'Julia', 'McCrary', 785.52, 306, 3),
(50, 'Trees.Poissant@hotmail.us', '2000-02-08', '2007-07-30', 'Piet', 'Mulders', 312254.33, 314, 1),
(51, 'Freddy.Imhoff@excite.fr', '2001-04-23', '2004-08-04', 'Guus', 'Bertelson', 6653.51, 323, 3),
(52, 'William.Petrzelka@yahoo.cn', '2005-11-16', '2004-09-18', 'Emily', 'King', 466142.77, 330, 1),
(53, 'Petra.Cain4@mobileme.us', '2011-08-04', '2009-09-22', 'Chuck', 'Maribarski', 7.28, 337, 4),
(54, 'PatrickArnold@mail.no', '2003-03-12', '2000-07-12', 'Tinus', 'Gonzalez', 5.08, 338, 3),
(55, 'AMarra@yahoo.nl', '2012-01-25', '2000-12-12', 'Toon', 'Oyler', 52209.8, 343, 3),
(56, 'Nick.Forsberg3@mail.ca', '2001-01-24', '2004-07-05', 'Zofia', 'Sanders', 62563.27, 351, 1),
(57, 'KLawton2@telefonica.be', '2001-06-06', '2007-11-09', 'Mario', 'Makelaar', 5.39, 359, 4),
(58, 'FransFreed@live.nl', '2008-09-09', '2013-11-06', 'Janet', 'Bugno', 122.58, 360, 1),
(59, 'R.Ladaille5@web.ca', '2003-01-30', '2011-04-17', 'Karen', 'Seibel', 403.07, 364, 2),
(60, 'Madelein.Thaler@myspace.it', '2004-10-09', '2008-07-22', 'Max', 'Orcutt', 82490.25, 374, 2),
(61, 'AnnHancock@myspace.net', '2012-10-27', '2009-02-05', 'Carla', 'McCrary', 708.82, 384, 4),
(62, 'Dana.Ijukop@hotmail.de', '2005-11-30', '2006-10-18', 'Cecilie', 'Hulshof', 90.45, 393, 3),
(63, 'H.Wilson@kpn.net', '2001-08-14', '2012-04-07', 'Pauline', 'Stannard', 64460.36, 399, 1),
(64, 'MattJiminez@lycos.cn', '2001-04-09', '2013-06-23', 'Geoffery', 'Wakefield', 855844.69, 401, 3),
(65, 'TCooper3@libero.cn', '2003-12-14', '2003-01-16', 'Patricia', 'Hedgecock', 3921.18, 408, 4),
(66, 'RonMoore@dolfijn.nl', '2009-07-01', '2013-01-23', 'Benjy', 'Daughtery', 5.45, 417, 1),
(67, 'R.Massingill5@mobileme.it', '2008-09-10', '2013-10-29', 'Edward', 'Hummel', 74809.13, 427, 4),
(68, 'V.DeWilde@kpn.de', '2009-10-24', '2001-03-11', 'Jack', 'Kepler', 6.24, 434, 1),
(69, 'RWooten5@gmail.dk', '2011-09-23', '2011-09-15', 'Karen', 'Evans', 185.07, 440, 2),
(70, 'WilliamMayberry@freeweb.com', '2012-10-01', '2008-06-30', 'Tony', 'Langham', 9.57, 443, 4),
(71, 'IRobbins2@web.es', '2000-10-29', '2006-09-24', 'Caroline', 'Bitmacs', 56979.11, 453, 3),
(72, 'Brent.Durso5@gawab.cc', '2012-09-16', '2012-07-13', 'Drew', 'Moon', 27744.99, 455, 2),
(73, 'Brend.Carlos2@mobileme.nl', '2002-11-06', '2007-02-10', 'Mathilde', 'Antonucci', 98035.98, 463, 4),
(74, 'FredMejia3@myspace.cc', '2010-05-18', '2008-02-28', 'Mary', 'Uitergeest', 91.76, 471, 1),
(75, 'Amber.Bitmacs1@gawab.org', '2000-12-06', '2004-11-07', 'Sandra', 'Prior', 327471.94, 477, 2),
(76, 'J.Cragin@gmail.nl', '2012-04-15', '2000-11-09', 'Alvaro', 'Ecchevarri', 74956.05, 481, 1),
(77, 'PYoung@msn.be', '2004-08-19', '2002-05-19', 'Martien', 'Prior', 3.4, 490, 2),
(78, 'KayBugno@weboffice.cc', '2000-09-17', '2003-03-31', 'Leontien', 'Nahay', 31611.76, 496, 3),
(79, 'Sjorsvan Dijk@gmail.dk', '2000-04-01', '2007-04-27', 'Anna', 'Pekaban', 887.11, 498, 2),
(80, 'FrankyFriedman@gawab.gov', '2001-05-23', '2000-08-23', 'Ana', 'White', 7.69, 4, 3),
(81, 'LeonPetterson@hotmail.no', '2002-12-28', '2002-06-13', 'Jules', 'Johnson', 56.62, 13, 2),
(82, 'J.Wilson@live.org', '2006-07-03', '2012-11-05', 'Michael', 'Stockton', 1.92, 16, 4),
(83, 'Y.Dulisse@web.fr', '2001-01-01', '2009-11-16', 'Pawel', 'Fox', 5.85, 19, 4),
(84, 'WillLiddle2@telefonica.us', '2005-06-20', '2004-12-12', 'Luca', 'Mitchell', 794.63, 29, 2),
(85, 'TonCramer@freeweb.cc', '2009-09-14', '2002-03-10', 'Sarah', 'Donatelli', 107046.14, 38, 3),
(86, 'BrentHarness@web.us', '2000-05-19', '2001-01-15', 'Dirk', 'LeGrand', 2601.47, 46, 2),
(87, 'Frans.Antonucci@lycos.gov', '2002-02-23', '2002-04-26', 'Anne', 'Geoppo', 78.7, 50, 1),
(88, 'HansBergdahl@dolfijn.es', '2009-11-28', '2007-07-07', 'Paula', 'Pyland', 7644.08, 60, 1),
(89, 'RWicks@mobileme.cc', '2006-03-24', '2011-03-15', 'Lucille', 'Lamere', 73070.13, 65, 1),
(90, 'Mattijs.Langham5@kpn.ca', '2003-07-14', '2004-05-21', 'Theo', 'Matthew', 55113.86, 72, 2),
(91, 'YImhoff@telfort.com', '2003-02-17', '2009-12-14', 'Roger', 'Crocetti', 820867.57, 80, 4),
(92, 'Johan.Dean@yahoo.it', '2003-07-30', '2000-08-11', 'Karen', 'Ladaille', 395530.37, 90, 2),
(93, 'JackNelson@telfort.com', '2001-03-04', '2000-07-18', 'Paula', 'Barnett', 70.7, 99, 4),
(94, 'S.Barnett5@msn.cc', '2001-06-28', '2000-11-20', 'Wilma', 'Hendrix', 1035.48, 100, 2),
(95, 'NickGieske4@gawab.us', '2013-06-03', '2011-01-05', 'Patty', 'Chapman', 11.05, 106, 1),
(96, 'EricPaul@freeweb.nl', '2003-07-15', '2003-01-29', 'Teddy', 'Shapiro', 35965.2, 109, 3),
(97, 'Frank.Freed5@weboffice.gov', '2003-04-20', '2001-05-26', 'Peter', 'Lee', 61.17, 110, 1),
(98, 'D.LeGrand@hotmail.it', '2000-07-21', '2005-05-25', 'Mariska', 'Koch', 37.19, 118, 2),
(99, 'RoyKepler2@msn.co.uk', '2005-12-12', '2006-05-06', 'Catharine', 'Manson', 56.11, 123, 4),
(100, 'Rick.Helbush4@mymail.co.uk', '2013-08-18', '2002-03-10', 'Alvaro', 'Nobles', 8.64, 124, 3),
(101, 'Rogier.Schubert5@gmail.de', '2009-01-06', '2007-12-08', 'Emma', 'Fernandez', 707.8, 128, 3),
(102, 'R.Rivers@gmail.net', '2008-06-22', '2008-04-26', 'Milan', 'Pyland', 151570.23, 133, 2),
(103, 'E.Queen@msn.nl', '2006-03-06', '2009-01-28', 'Madison', 'Geoppo', 48.89, 143, 1),
(104, 'PetraPraeger@msn.org', '2006-01-24', '2007-04-22', 'Kimmy', 'Liddle', 9920.27, 147, 4),
(105, 'V.Stannard@mobileme.nl', '2005-09-15', '2005-10-05', 'Cecilie', 'Alspaugh', 42086.42, 156, 3),
(106, 'Hank.Clark5@mymail.nl', '2013-03-20', '2000-03-27', 'Ton', 'Williamson', 26.25, 157, 1),
(107, 'BasWillis@hotmail.org', '2006-04-14', '2007-11-13', 'Carolina', 'Anthony', 71.83, 165, 3),
(108, 'William.Hendrix2@msn.com', '2012-04-11', '2005-08-08', 'Toon', 'Langham', 348.23, 172, 4),
(109, 'L.Malone@aol.dk', '2010-01-03', '2000-02-28', 'Helma', 'Sterrett', 92.25, 177, 4),
(110, 'AgnesBeckbau5@live.de', '2009-06-18', '2010-08-16', 'Jeanne', 'Evans', 8.73, 184, 4),
(111, 'SteinLezniak@gmail.no', '2008-12-05', '2007-01-30', 'Francisco', 'Moore', 4.92, 185, 1),
(112, 'Y.Slocum5@mobileme.ca', '2005-05-22', '2000-09-16', 'Dave', 'Stockton', 92915.15, 192, 2),
(113, 'MHowe2@telefonica.es', '2010-10-08', '2003-11-01', 'Jody', 'Jones', 76.66, 196, 3),
(114, 'RShapiro1@hotmail.co.uk', '2011-07-14', '2011-05-29', 'Sem', 'Gaskins', 833668.69, 205, 2),
(115, 'JohanMorgan@telfort.cc', '2007-03-14', '2006-10-01', 'Scott', 'Caouette', 11093.3, 206, 4),
(116, 'I.Little@libero.co.uk', '2006-12-13', '2006-09-03', 'Mariska', 'Ray', 52328.59, 216, 2),
(117, 'Fred.Martin@live.be', '2007-08-16', '2005-06-07', 'Cameron', 'Emerson', 775128.52, 224, 3),
(118, 'RickWolpert4@lycos.it', '2005-09-16', '2009-01-23', 'Ashley', 'Beckbau', 44.23, 229, 4),
(119, 'RoyNelson@live.ca', '2005-07-08', '2001-11-14', 'Jurre', 'Blacher', 56111.97, 236, 2),
(120, 'RonDavis@gawab.com', '2011-03-03', '2007-03-28', 'Geoff', 'Cramer', 88.08, 243, 3),
(121, 'Will.Gibson@aol.gov', '2012-05-19', '2008-03-26', 'Nicolas', 'Davis', 6.03, 247, 3),
(122, 'HankMcCrary@web.cc', '2013-07-05', '2002-09-10', 'Bo', 'Sakurai', 9.53, 257, 4),
(123, 'Emma.Cross@live.gov', '2001-12-14', '2001-03-21', 'Jody', 'Cantere', 729410.38, 261, 3),
(124, 'PeteBright@yahoo.ca', '2010-04-04', '2005-11-12', 'Margo', 'van Doorn', 75.54, 262, 2),
(125, 'Trees.Daughtery@libero.fr', '2004-07-06', '2003-07-28', 'PieterJan', 'Donatelli', 660834.48, 272, 3),
(126, 'Frank.Kingslan@telefonica.ca', '2008-07-23', '2006-12-14', 'Olivia', 'Hollman', 915368.89, 273, 2),
(127, 'IMcCrary2@telefonica.cc', '2003-06-17', '2003-11-03', 'Marieke', 'Sirabella', 7.06, 277, 3),
(128, 'JackStannard3@excite.it', '2000-07-27', '2009-02-13', 'William', 'Pickering', 25885.21, 286, 4),
(129, 'K.Green2@aol.cn', '2008-12-25', '2010-02-14', 'Geoffery', 'Slater', 8.47, 292, 1),
(130, 'S.Blacher@telefonica.cn', '2011-09-27', '2008-01-22', 'Olivia', 'DeWilde', 97077.26, 295, 2),
(131, 'KHamilton@telefonica.es', '2009-03-20', '2005-02-27', 'Nienke', 'King', 183306.53, 302, 1),
(132, 'TMulders@gawab.fr', '2001-07-02', '2008-11-18', 'Joost', 'Nithman', 548.53, 303, 2),
(133, 'Trees.Seibel3@dolfijn.cn', '2013-09-28', '2007-02-09', 'Gerrit', 'Schmidt', 788772.55, 312, 4),
(134, 'HankDepew@web.nl', '2007-06-25', '2002-08-24', 'Christa', 'Davis', 5836.61, 314, 3),
(135, 'NickNahay@telefonica.cn', '2007-05-09', '2008-05-28', 'Isak', 'Gildersleeve', 2457.13, 320, 1),
(136, 'RNelson@excite.dk', '2006-01-10', '2001-03-09', 'Anthony', 'Anderson', 9.75, 325, 3),
(137, 'EKoch1@telefonica.org', '2007-08-28', '2012-11-20', 'Sherm', 'Nahay', 5100.98, 330, 4),
(138, 'L.Arnold5@mobileme.dk', '2006-11-28', '2013-06-08', 'Ivan', 'Ecchevarri', 31.24, 334, 1),
(139, 'VictoriaTrainor3@kpn.be', '2004-09-22', '2011-05-20', 'Christian', 'Lee', 14912.32, 343, 1),
(140, 'YMoore1@libero.com', '2008-05-15', '2005-10-04', 'Truus', 'Oyler', 3392.65, 348, 3),
(141, 'HNadalin5@telfort.it', '2002-12-09', '2006-09-21', 'Camille', 'Hedgecock', 59690.8, 357, 2),
(142, 'P.Boyer2@excite.org', '2011-03-10', '2007-03-06', 'Steve', 'Lawton', 66517.59, 360, 4),
(143, 'H.Linhart@mymail.ca', '2004-10-05', '2002-09-16', 'Filip', 'Jones', 1380.12, 365, 3),
(144, 'LindsyZimmerman@dolfijn.co.uk', '2008-12-23', '2000-12-24', 'Lauren', 'Mejia', 6749.49, 368, 4),
(145, 'WillDelRosso@web.cc', '2012-03-31', '2012-04-17', 'Malgorzata', 'Perilloux', 5.02, 371, 4),
(146, 'BillSlocum5@telfort.dk', '2008-10-15', '2002-09-15', 'Dave', 'Goodman', 77.96, 374, 3),
(147, 'PetraWeinstein@gawab.nl', '2013-11-26', '2005-03-25', 'Pedro', 'Browne', 160949.94, 379, 4),
(148, 'N.Jiminez5@hotmail.co.uk', '2012-01-11', '2008-02-12', 'Ellie', 'Whitehurst', 7.43, 384, 1),
(149, 'Rogier.Richter@msn.cc', '2006-01-21', '2005-03-27', 'Raul', 'Sakurai', 9877.8, 393, 2),
(150, 'Frank.Lee4@excite.dk', '2005-07-10', '2009-10-23', 'Jules', 'Hancock', 6.59, 403, 3),
(151, 'WilliamMoreau@myspace.gov', '2002-08-26', '2001-02-27', 'Matt', 'Daniel', 7.48, 413, 3),
(152, 'Richard.Herrin@hotmail.cc', '2001-01-22', '2012-09-19', 'Michael', 'Turk', 2182.75, 422, 2),
(153, 'Fons.Lee@excite.dk', '2001-02-27', '2006-01-20', 'Agnieszka', 'Carlos', 35.23, 428, 2),
(154, 'BiancaSymms3@live.dk', '2012-07-13', '2010-04-23', 'Ester', 'Rauch', 369.77, 433, 3),
(155, 'C.Stannard5@freeweb.ca', '2005-03-13', '2010-07-20', 'Krystyna', 'Fox', 87013.75, 443, 1),
(156, 'BiancaDepew@kpn.de', '2003-09-07', '2013-08-19', 'Luca', 'Markovi', 2.31, 447, 4),
(157, 'TonFreed@gmail.no', '2005-02-27', '2007-02-19', 'Wilma', 'Aldritch', 8671.81, 452, 2),
(158, 'Annvan Dijk4@web.be', '2004-06-11', '2005-02-14', 'Ton', 'Uprovski', 36.26, 462, 4),
(159, 'Geoffry.Wood@hotmail.us', '2004-05-13', '2005-08-05', 'Lars', 'Wilson', 50.37, 468, 1),
(160, 'Ann.Reames@msn.it', '2002-02-22', '2008-01-14', 'Sherm', 'Prior', 7.59, 470, 3),
(161, 'PatrickBernstein5@mail.org', '2010-05-19', '2012-08-09', 'Herb', 'Olson', 468733.17, 474, 3),
(162, 'MickLadaille2@web.dk', '2002-01-27', '2007-03-01', 'Herb', 'Richter', 78.14, 484, 1),
(163, 'TreesHuston3@gmail.es', '2003-04-13', '2002-02-16', 'Toon', 'Dulisse', 99.55, 494, 2),
(164, 'Bas.Helbush@weboffice.com', '2011-01-01', '2007-08-18', 'Niek', 'Petterson', 209179.44, 495, 1),
(165, 'Johan.Nahay4@aol.be', '2007-07-27', '2009-08-02', 'Thelma', 'Mariojnisk', 11775.56, 499, 3),
(166, 'PeterMorgan5@mymail.it', '2004-05-13', '2005-04-10', 'Mart', 'Suszantor', 8179.7, 2, 2),
(167, 'Y.Allison@excite.no', '2001-08-22', '2007-08-22', 'Jo', 'Zimmerman', 327168.18, 6, 1),
(168, 'Martin.Guethlein@excite.de', '2003-08-01', '2006-09-08', 'Nico', 'Meterson', 5548.32, 10, 3),
(169, 'Maddy.Hummel3@gmail.us', '2006-09-21', '2006-03-04', 'Colin', 'Evans', 61752.68, 20, 4),
(170, 'Mart.Wicks@gmail.nl', '2005-08-31', '2006-06-24', 'Madison', 'Massingill', 48176.07, 28, 1),
(171, 'EricThompson@dolfijn.net', '2004-03-28', '2005-07-10', 'Maria', 'Kepler', 20.88, 37, 2),
(172, 'PeterGildersleeve5@excite.fr', '2005-06-07', '2013-07-02', 'Albert', 'Cooper', 50.34, 47, 4),
(173, 'Jean.Gerschkow3@telfort.de', '2002-12-21', '2007-06-02', 'Kayleigh', 'Anderson', 504.94, 50, 1),
(174, 'FreddyHarder5@libero.fr', '2001-12-28', '2000-02-11', 'Nicky', 'White', 5.9, 51, 2),
(175, 'I.Anthony4@mobileme.co.uk', '2011-03-09', '2011-01-14', 'Matt', 'Nithman', 14103.24, 59, 4),
(176, 'Ann.Sharp@dolfijn.nl', '2001-01-29', '2008-06-02', 'PieterJan', 'Toler', 90.88, 63, 2),
(177, 'MikeIjukop4@weboffice.nl', '2001-10-01', '2001-08-28', 'Rachel', 'Hoyt', 1.72, 70, 1),
(178, 'KSakurai3@lycos.fr', '2000-06-26', '2010-03-03', 'Rachel', 'Anthony', 36547.79, 72, 3),
(179, 'P.White@lycos.fr', '2005-05-03', '2010-02-20', 'Kayleigh', 'Pengilly', 99.14, 77, 4),
(180, 'NigelPensec@mail.co.uk', '2002-09-19', '2001-06-20', 'Joanne', 'Daughtery', 64973.95, 81, 3),
(181, 'BenDitmanen@weboffice.us', '2013-01-06', '2004-01-19', 'Ciska', 'Ditmanen', 2.48, 85, 1),
(182, 'V.Wooten@yahoo.cn', '2005-10-07', '2003-06-05', 'Netty', 'Glanswol', 26.72, 93, 4),
(183, 'UGrote4@myspace.no', '2012-10-07', '2007-06-11', 'Ted', 'Crocetti', 988966.73, 94, 2),
(184, 'Ton.Prior@kpn.dk', '2008-10-03', '2009-10-05', 'Emily', 'Prior', 3.24, 96, 3),
(185, 'HankMayberry1@mail.fr', '2003-01-11', '2007-11-19', 'Lia', 'Bugno', 7085.94, 106, 2),
(186, 'Pierre.Swaine@kpn.nl', '2007-03-11', '2000-02-18', 'Tyler', 'Visentini', 481509.99, 114, 2),
(187, 'SHancock@excite.org', '2005-06-21', '2000-11-19', 'Javier', 'Bergdahl', 10.4, 120, 1),
(188, 'Martin.Noteboom@libero.fr', '2005-11-05', '2002-06-16', 'Johnny', 'Rauch', 508361.04, 122, 2),
(189, 'Y.Schlee@yahoo.cn', '2012-11-16', '2001-04-04', 'Herb', 'Igolavski', 60768.19, 125, 2),
(190, 'Mandy.Ionescu4@freeweb.it', '2012-06-30', '2011-11-04', 'Tara', 'Brennan', 516534.97, 135, 3),
(191, 'D.Sharp@libero.net', '2009-10-07', '2011-05-20', 'Kayleigh', 'Caouette', 16500.73, 140, 1),
(192, 'P.Foreman3@mymail.org', '2000-01-17', '2013-09-30', 'Katie', 'Guyer', 7935.21, 142, 2),
(193, 'Kim.Pensec@weboffice.cn', '2010-04-27', '2010-08-29', 'Robert', 'Van Dinter', 5.8, 147, 1),
(194, 'HankWillis3@libero.be', '2011-03-10', '2001-06-19', 'Rich', 'Blacher', 62.02, 156, 4),
(195, 'Mart.Hulshof@gmail.be', '2008-02-29', '2007-12-13', 'Elizabeth', 'Stockton', 306.91, 165, 3),
(196, 'TonPierce1@mymail.ca', '2010-01-22', '2004-04-27', 'Netty', 'Bergdahl', 5.43, 166, 1),
(197, 'BrentQueen5@excite.be', '2000-10-16', '2013-08-12', 'Lara', 'Buchholz', 457.2, 174, 4),
(198, 'MichaelBertelson@web.com', '2006-01-30', '2008-01-20', 'Rachael', 'Kingslan', 7.73, 180, 1),
(199, 'T.Daniel3@telfort.dk', '2005-09-24', '2002-04-20', 'Joe', 'Blacher', 1.09, 187, 3),
(200, 'V.Thompson@mobileme.it', '2001-01-27', '2000-06-13', 'Nicholas', 'Forsberg', 628.7, 197, 1),
(201, 'HSeibel2@mobileme.de', '2001-09-17', '2001-03-27', 'Luis', 'Seibel', 284750.36, 198, 1),
(202, 'PYoung@myspace.com', '2012-09-15', '2000-11-21', 'Al', 'Esperiza', 57095.81, 205, 4),
(203, 'AnnBrown3@myspace.cn', '2006-02-13', '2011-10-29', 'Vincent', 'Krutkov', 416146.4, 213, 3),
(204, 'BSuszantor@mymail.cc', '2011-11-13', '2009-04-15', 'Ashley', 'Pensec', 37472.56, 219, 3),
(205, 'TonPerilloux@lycos.us', '2002-10-23', '2010-12-12', 'Viktor', 'Uprovski', 4.66, 226, 2),
(206, 'R.Angarano@msn.no', '2011-10-28', '2013-06-01', 'Jacob', 'Ostanik', 962.79, 235, 2),
(207, 'Mike.Bugno3@mobileme.dk', '2013-08-09', '2002-03-02', 'Katharina', 'Schubert', 6755.85, 237, 4),
(208, 'PatrickCohen@kpn.com', '2001-02-08', '2002-06-21', 'Nicoline', 'Sakurai', 6.29, 245, 1),
(209, 'CamillaJenssen2@libero.net', '2011-11-16', '2012-12-16', 'Michael', 'Sterrett', 9.45, 247, 2),
(210, 'Bianca.Morgan4@aol.net', '2010-04-19', '2003-06-09', 'Ryan', 'Jenssen', 5916.2, 256, 3),
(211, 'RonaldReyes@mymail.es', '2006-09-15', '2010-08-28', 'Lizzy', 'McDaniel', 3.36, 263, 2),
(212, 'R.Dittrich@lycos.de', '2002-12-30', '2003-07-18', 'Patricia', 'Dean', 7.84, 266, 1),
(213, 'DKrutkov@msn.it', '2006-06-06', '2000-12-02', 'Geoff', 'Scheffold', 210878.4, 270, 3),
(214, 'FrankWarner@yahoo.gov', '2004-11-27', '2009-12-01', 'Lucy', 'Archer', 3.52, 275, 2),
(215, 'Franky.Davis1@dolfijn.dk', '2008-05-13', '2011-04-12', 'Joop', 'Suszantor', 4939.37, 282, 3),
(216, 'Suzanne.Johnson@web.ca', '2007-09-13', '2003-07-17', 'Rogier', 'LeGrand', 251861.76, 290, 3),
(217, 'SGrote@gawab.es', '2008-09-27', '2003-02-02', 'Sigrid', 'Cain', 821.46, 298, 3),
(218, 'N.Igolavski4@telefonica.co.uk', '2003-10-08', '2001-07-26', 'Jack', 'Hoogbandt', 534483.47, 305, 1),
(219, 'NickHardoon4@excite.co.uk', '2001-06-14', '2003-05-12', 'Lena', 'van der Laar', 96959.16, 308, 4),
(220, 'HSeibel@live.es', '2012-11-14', '2011-03-01', 'Charlotte', 'Wood', 1.08, 317, 3),
(221, 'FransHuston@gawab.dk', '2013-06-20', '2002-12-14', 'Mads', 'Muench', 77.24, 318, 4),
(222, 'Mandy.Walker1@aol.net', '2006-02-01', '2013-04-09', 'Gabrielle', 'Lawton', 44.43, 326, 2),
(223, 'Bas.Prior@telfort.no', '2011-03-02', '2012-01-26', 'Isabel', 'Mcnally', 378.32, 335, 4),
(224, 'PHarder@web.us', '2003-07-20', '2000-12-18', 'Caroline', 'Mitchell', 928.8, 336, 3),
(225, 'Mandy.Cain4@yahoo.cn', '2004-11-11', '2008-12-12', 'Ciska', 'Mejia', 8635.59, 342, 1),
(226, 'Y.Long2@kpn.es', '2005-11-24', '2010-05-29', 'Gill', 'Fernandez', 32681.65, 344, 1),
(227, 'Bianca.Zurich@excite.dk', '2008-11-16', '2003-04-27', 'Sue', 'Daughtery', 7.62, 353, 2),
(228, 'RGreen@lycos.org', '2013-05-20', '2010-08-20', 'Rolla', 'Ijukop', 69767.79, 357, 3),
(229, 'C.Meterson2@freeweb.fr', '2011-12-28', '2000-03-13', 'Jeanette', 'Petrzelka', 5289.02, 366, 1),
(230, 'RogierBrown2@myspace.ca', '2008-07-29', '2000-10-05', 'Sydney', 'Hummel', 319.56, 376, 4),
(231, 'William.Millikin5@gmail.cn', '2010-05-08', '2001-08-13', 'Leonie', 'Wilson', 263.7, 386, 2),
(232, 'H.Weaver@gmail.nl', '2006-11-24', '2010-04-15', 'Caitlin', 'Johnson', 18703.27, 390, 4),
(233, 'Frans.King@mymail.fr', '2009-02-12', '2004-07-02', 'Harold', 'Turk', 8164.32, 400, 4),
(234, 'Frans.White@aol.fr', '2006-10-20', '2013-10-06', 'Pieter', 'Herzog', 7272.75, 405, 4),
(235, 'I.Bruno2@yahoo.cn', '2011-02-23', '2000-12-04', 'Elena', 'Hardoon', 3719.93, 410, 3),
(236, 'ICappello2@dolfijn.es', '2002-03-24', '2013-01-03', 'Georgina', 'Polti', 99443.13, 412, 4),
(237, 'J.Brady@libero.cn', '2012-05-13', '2011-11-25', 'Bob', 'Mairy', 66.76, 422, 3),
(238, 'H.Hummel@dolfijn.dk', '2001-03-16', '2009-10-15', 'Erin', 'Donatelli', 64.72, 426, 3),
(239, 'Femke.Reyes2@excite.it', '2004-09-26', '2010-05-26', 'Lea', 'White', 92.06, 429, 4),
(240, 'GLinhart1@aol.us', '2004-10-13', '2011-09-24', 'James', 'Stevenson', 3.01, 430, 4),
(241, 'NJiminez@msn.cn', '2011-06-19', '2006-11-05', 'Lena', 'Stewart', 8890.81, 432, 3),
(242, 'GGoodnight1@mobileme.be', '2000-04-28', '2013-06-11', 'Ulla', 'Nelson', 12750.56, 439, 2),
(243, 'J.Gildersleeve@mail.no', '2004-02-08', '2008-06-19', 'Jo', 'Meterson', 2493.73, 444, 4),
(244, 'Mattijs.Weinstein4@telefonica.us', '2007-11-06', '2012-06-04', 'Andrea', 'Reyes', 6.29, 448, 3),
(245, 'EmmaLangham@telefonica.es', '2008-10-20', '2005-08-01', 'Tonnie', 'Mitchell', 84076.04, 452, 3),
(246, 'MadeleinAhlgren@telfort.com', '2007-12-15', '2006-08-11', 'Bo', 'Cramer', 8427.91, 457, 2),
(247, 'I.Moreau@web.fr', '2013-11-25', '2000-12-21', 'Sigrid', 'Lannigham', 6.27, 461, 4),
(248, 'WillShapiro@myspace.gov', '2007-03-30', '2007-04-12', 'Lewis', 'Evans', 8.39, 464, 2),
(249, 'Pauline.Cohen@aol.net', '2006-12-20', '2004-12-30', 'Bess', 'Hoogbandt', 878.93, 473, 3),
(250, 'FransSymms4@dolfijn.ca', '2000-03-29', '2010-02-01', 'JanCees', 'Kingslan', 3346.97, 476, 2),
(251, 'BrentStewart4@kpn.fr', '2008-12-17', '2006-06-15', 'John', 'Poissant', 746.96, 485, 1),
(252, 'KMorgan@libero.nl', '2005-06-21', '2007-08-24', 'Lara', 'Huffsmitt', 9.62, 493, 1),
(253, 'CKoss2@lycos.no', '2000-08-08', '2011-02-22', 'Lia', 'Langham', 707.22, 1, 3),
(254, 'Will.Wilson@msn.org', '2006-08-29', '2009-08-17', 'Daan', 'Poole', 199.17, 8, 3),
(255, 'Mickvan Doorn@kpn.de', '2002-03-17', '2010-01-25', 'Theo', 'Cooper', 95.51, 15, 1),
(256, 'K.Robinson@myspace.dk', '2002-02-28', '2000-03-14', 'Jacob', 'Markovi', 468.61, 23, 2),
(257, 'JamesCaffray2@excite.co.uk', '2009-02-07', '2000-09-28', 'Luke', 'Gonzalez', 689.08, 31, 4),
(258, 'VictorKatsekes@weboffice.no', '2009-11-12', '2004-01-09', 'Jim', 'Wakefield', 358606.51, 35, 4),
(259, 'WilliamWeaver@myspace.it', '2010-08-26', '2002-03-09', 'GertJan', 'Jones', 612083.03, 44, 2),
(260, 'BKorkovski@yahoo.ca', '2004-06-28', '2011-03-05', 'Victor', 'Poissant', 41.83, 46, 3),
(261, 'BasAnderson2@excite.de', '2006-01-29', '2011-07-29', 'Marcin', 'Prior', 647996.28, 50, 2),
(262, 'Mick.Crocetti@libero.org', '2006-12-26', '2002-11-26', 'Marieke', 'Nobles', 136.09, 54, 1),
(263, 'Y.Langham@mymail.be', '2001-01-22', '2003-03-28', 'Marie', 'Raines', 6.69, 56, 2),
(264, 'HansDurso@live.be', '2003-12-03', '2012-08-03', 'Ulla', 'Chapman', 91.42, 57, 4),
(265, 'LucyGlanswol1@web.org', '2005-03-01', '2005-04-29', 'Margaret', 'Arcadi', 57.49, 67, 4),
(266, 'Bill.Wolpert@weboffice.it', '2013-05-02', '2013-06-17', 'Sophia', 'Caouette', 451.38, 70, 1),
(267, 'LynnNaff@dolfijn.gov', '2002-10-02', '2004-06-17', 'Ivan', 'Uprovski', 1.39, 79, 3),
(268, 'MaddyReames@kpn.fr', '2007-06-15', '2006-01-06', 'Ida', 'Daughtery', 7328.35, 80, 1),
(269, 'Fons.Weinstein@msn.no', '2011-11-10', '2006-10-22', 'Juana', 'van Dijk', 9.94, 86, 1),
(270, 'H.Knight2@libero.cc', '2009-01-07', '2009-02-04', 'Mike', 'van het Hof', 2.52, 92, 2),
(271, 'Richard.Daughtery@telefonica.net', '2000-08-31', '2001-05-31', 'Lizzy', 'Simonent', 69208.94, 100, 1),
(272, 'Jack.Hulshof1@gmail.cn', '2011-10-08', '2011-06-15', 'Tara', 'Carlos', 466.81, 109, 2),
(273, 'WillAntonucci1@libero.cn', '2008-08-20', '2004-05-02', 'Maximilian', 'Leonarda', 9147.98, 115, 1),
(274, 'BiancaPickering@lycos.co.uk', '2003-02-20', '2000-03-19', 'Piotr', 'Tudisco', 84.91, 120, 4),
(275, 'B.Visentini@dolfijn.us', '2007-03-17', '2001-01-22', 'Mads', 'Jones', 7850.02, 124, 2),
(276, 'Martin.DeBerg@lycos.de', '2002-07-23', '2006-04-29', 'Saskia', 'Mayberry', 5.86, 127, 4),
(277, 'T.Olson@myspace.co.uk', '2011-07-09', '2011-07-28', 'Pip', 'Donatelli', 5.34, 134, 1),
(278, 'Leon.Lejarette@telefonica.cc', '2012-08-10', '2004-08-28', 'Viktor', 'Allison', 24478.12, 139, 2),
(279, 'AnnCooper@msn.de', '2000-06-11', '2006-06-15', 'Iris', 'Griffioen', 329767.67, 143, 3),
(280, 'VictoriaGoodman3@aol.cn', '2005-07-01', '2007-07-28', 'Karen', 'Walker', 5.3, 146, 4),
(281, 'Rogier.Browne3@aol.nl', '2009-06-08', '2008-11-15', 'Kayleigh', 'Walker', 76156.55, 154, 3),
(282, 'JackBlacher@msn.es', '2013-03-18', '2011-04-18', 'Isak', 'Fox', 35.03, 157, 3),
(283, 'FonsStannard@aol.cc', '2005-11-10', '2010-12-03', 'Nicky', 'Wood', 23794.37, 167, 4),
(284, 'KMcCrary2@mobileme.us', '2010-05-24', '2009-07-17', 'Rick', 'Ionescu', 436.07, 171, 4),
(285, 'KNadalin2@mobileme.cn', '2006-12-26', '2010-01-06', 'Nathan', 'Glanswol', 221.33, 181, 1),
(286, 'NickWolpert@live.us', '2007-05-12', '2013-01-31', 'Benjy', 'Goodman', 1212.79, 184, 3),
(287, 'RichardNahay4@libero.de', '2004-03-09', '2005-02-21', 'Martina', 'Zimmerman', 857.8, 193, 3),
(288, 'Trees.Bogdanovich1@hotmail.it', '2009-10-11', '2002-09-01', 'Tommy', 'Angarano', 4.71, 203, 1),
(289, 'Bas.Willis@mobileme.co.uk', '2001-05-11', '2001-07-03', 'Nate', 'Schubert', 167160.91, 210, 1),
(290, 'PeterDulisse1@telefonica.com', '2004-08-28', '2001-01-12', 'Ryan', 'Thompson', 743102.1, 215, 1),
(291, 'MattijsArnold@mymail.ca', '2012-08-09', '2013-08-29', 'Willy', 'Herring', 211.89, 220, 4),
(292, 'FrankPlantz@web.es', '2011-10-31', '2002-09-07', 'Luis', 'Kepler', 890380.63, 222, 4),
(293, 'LArnold3@hotmail.gov', '2012-12-27', '2008-09-25', 'Daan', 'Hoyt', 6694.51, 229, 1),
(294, 'HEvans@live.ca', '2004-10-11', '2011-08-20', 'Leah', 'Thaler', 188.11, 236, 3),
(295, 'NBrylle@live.dk', '2006-03-29', '2004-09-06', 'Alejandro', 'Dean', 652.76, 238, 4),
(296, 'LindsyPengilly1@gmail.es', '2011-08-02', '2000-11-07', 'Ollie', 'Stockton', 31.25, 240, 3),
(297, 'Richard.Bergdahl@telefonica.org', '2010-05-02', '2003-10-05', 'Karen', 'Olson', 57387.69, 242, 1),
(298, 'Kim.Ecchevarri@mymail.fr', '2008-03-08', '2008-08-03', 'Steve', 'Mejia', 4903.25, 250, 4),
(299, 'Victor.Matthew3@lycos.org', '2010-09-04', '2006-09-17', 'Ronald', 'Dean', 23.02, 253, 1),
(300, 'Alice.Krutkov@yahoo.ca', '2005-12-03', '2008-02-10', 'Camille', 'Lannigham', 8.04, 263, 4),
(301, 'AKoss@telfort.de', '2007-07-25', '2011-08-22', 'Jacob', 'Markovi', 8.41, 267, 1),
(302, 'LynnPaul@web.fr', '2004-10-24', '2000-09-02', 'Marek', 'King', 816.31, 273, 4),
(303, 'G.Laudanski@dolfijn.org', '2004-02-02', '2001-05-05', 'Sharon', 'Mairy', 707.16, 281, 3),
(304, 'Sydney.Swaine2@live.gov', '2004-10-15', '2009-09-26', 'Sara', 'Bugno', 8.79, 291, 1),
(305, 'Dick.Muench4@excite.net', '2013-06-13', '2008-04-17', 'Maggie', 'Bright', 291.3, 292, 2),
(306, 'Pablo.Bugno3@yahoo.us', '2012-07-22', '2007-11-04', 'Tinus', 'Meterson', 98.68, 293, 1),
(307, 'William.Green@web.net', '2001-09-21', '2008-05-29', 'Joop', 'Friedman', 917336.89, 301, 2),
(308, 'R.Cain2@gawab.nl', '2002-04-03', '2004-02-10', 'Betty', 'Ijukop', 866.42, 307, 3),
(309, 'BrendBaltec1@libero.fr', '2002-12-11', '2006-11-26', 'Siem', 'Phillips', 818.95, 309, 1),
(310, 'H.Ladaille4@hotmail.dk', '2000-05-27', '2006-01-25', 'Martin', 'Braconi', 77185.97, 314, 4),
(311, 'P.Voigt3@telfort.nl', '2011-06-05', '2010-07-14', 'Luke', 'Clarke', 865.49, 321, 3),
(312, 'WillTroher1@excite.com', '2013-05-01', '2010-03-13', 'Dave', 'Thaler', 424.24, 331, 1),
(313, 'RichardZia2@live.ca', '2008-08-02', '2009-02-22', 'Claudia', 'Clarke', 44.76, 332, 1),
(314, 'RHankins@telefonica.es', '2003-10-21', '2005-11-20', 'Leonie', 'Stockton', 127310.46, 340, 2),
(315, 'WillHerzog3@live.fr', '2011-05-17', '2004-05-22', 'Leontien', 'Miller', 4336.83, 348, 1),
(316, 'Victor.Naff5@live.no', '2001-03-02', '2008-05-09', 'Claudia', 'Robbins', 117000.53, 356, 1),
(317, 'J.Buchholz@yahoo.it', '2004-06-28', '2008-03-21', 'Kim', 'Hoogbandt', 555.25, 358, 2),
(318, 'PeterMillikin5@mymail.es', '2000-12-17', '2013-04-30', 'Sara', 'Koch', 300974.62, 367, 2),
(319, 'L.Cantere2@yahoo.cc', '2005-07-11', '2010-01-08', 'Leah', 'Wong', 6931.74, 376, 3),
(320, 'RichardArcher2@web.fr', '2007-03-28', '2012-07-30', 'Julie', 'Kepler', 99.95, 380, 4),
(321, 'U.Howe@msn.org', '2000-04-05', '2007-12-09', 'Geoffery', 'Hollman', 84556.32, 387, 2),
(322, 'Mick.Arden1@web.be', '2005-08-18', '2004-11-13', 'Isabelle', 'Nahay', 69.21, 395, 4),
(323, 'I.Knopp4@web.dk', '2012-08-15', '2001-07-01', 'Rosa', 'Gua Lima', 65.6, 400, 4),
(324, 'E.Deans@telfort.cn', '2011-05-19', '2002-04-02', 'Alejandro', 'Cantere', 32088.82, 409, 2),
(325, 'H.Press@freeweb.it', '2006-07-29', '2005-12-26', 'Paula', 'Pierce', 9897.48, 413, 1),
(326, 'William.Shapiro4@gawab.us', '2011-05-17', '2008-06-20', 'Luke', 'Kuehn', 43321.71, 420, 2),
(327, 'H.Plantz@kpn.co.uk', '2008-04-29', '2011-03-02', 'Joanne', 'Knopp', 9549.34, 424, 4),
(328, 'OliverLeonarda5@msn.com', '2013-08-14', '2010-07-14', 'Eleanor', 'Byrnes', 39.68, 428, 4),
(329, 'G.Stevenson4@dolfijn.es', '2001-01-29', '2000-06-08', 'Liza', 'Jones', 622842.94, 438, 3),
(330, 'FredMejia@excite.net', '2002-03-24', '2001-06-04', 'Aoife', 'Bright', 50.93, 439, 2),
(331, 'FransToler@hotmail.us', '2000-11-24', '2003-11-23', 'Sjanie', 'Cantere', 63873.24, 446, 3),
(332, 'Kylie.Friedman1@yahoo.nl', '2004-09-02', '2013-02-06', 'Cathy', 'Daley', 1104.6, 449, 4),
(333, 'HBrisco5@telefonica.de', '2013-10-30', '2009-08-29', 'Dave', 'Mcgrew', 367163.97, 453, 1),
(334, 'William.Gibson@weboffice.cn', '2006-12-10', '2005-06-04', 'Ivan', 'Lejarette', 66131.46, 461, 2),
(335, 'Franky.Gerschkow@live.net', '2011-07-01', '2004-07-07', 'Steph', 'Brown', 5.59, 470, 2),
(336, 'LGonzalez@gawab.cc', '2000-06-14', '2004-01-19', 'Paul', 'van Dijk', 894107.99, 478, 3),
(337, 'Johan.Seibel3@mobileme.dk', '2006-03-23', '2006-07-28', 'Phil', 'Robertson', 1360.45, 480, 4),
(338, 'I.Fox4@lycos.gov', '2013-04-29', '2000-09-04', 'Sophie', 'Glanswol', 241.52, 483, 1),
(339, 'TMuench@libero.com', '2012-11-26', '2008-07-31', 'Jim', 'Slater', 974.78, 489, 1),
(340, 'HansMejia1@hotmail.it', '2011-06-29', '2010-12-04', 'Tim', 'Braconi', 8807.55, 498, 1),
(341, 'PeterDulisse4@gawab.cn', '2003-04-11', '2009-03-08', 'Nienke', 'Ionescu', 73209.79, 499, 1),
(342, 'MattijsDeBerg@gawab.nl', '2003-06-14', '2013-08-10', 'Katie', 'Pierce', 19.75, 2, 2),
(343, 'Freddy.Gaskins@mobileme.fr', '2011-01-30', '2009-08-13', 'Talitha', 'Storrs', 93752.93, 8, 3),
(344, 'HansLamere@msn.cn', '2012-09-27', '2007-12-23', 'Ollie', 'Anderson', 531645.11, 13, 2),
(345, 'HankWilson@telfort.co.uk', '2005-06-24', '2000-06-27', 'Tonnie', 'Cragin', 7824.64, 14, 3),
(346, 'LindsyMillis@mail.no', '2006-08-04', '2001-09-18', 'David', 'Wilson', 837988.78, 18, 3),
(347, 'Will.Brown@telefonica.ca', '2005-06-01', '2001-08-29', 'Liza', 'Scheffold', 38.74, 26, 4),
(348, 'WillBloom@gawab.nl', '2007-03-12', '2007-01-28', 'Ryan', 'Moore', 853048.78, 36, 2),
(349, 'SWaldo2@msn.es', '2002-09-01', '2008-09-01', 'Charlotte', 'Toreau', 77.97, 37, 4),
(350, 'MattijsCooper@myspace.dk', '2011-10-02', '2004-06-10', 'James', 'Davis', 334.48, 43, 1),
(351, 'Freddy.Brady4@lycos.ca', '2009-09-22', '2004-04-29', 'Tim', 'King', 1315.13, 52, 1),
(352, 'JRatliff@yahoo.gov', '2010-01-15', '2000-01-10', 'Nicky', 'Braconi', 28.09, 60, 3),
(353, 'Geoffry.Lee2@gawab.cc', '2003-08-01', '2010-09-14', 'Francisco', 'Overton', 1.38, 66, 2),
(354, 'Rogier.Weinstein@live.be', '2011-03-07', '2011-02-27', 'Thelma', 'Sterrett', 34968.64, 73, 2),
(355, 'IRaines4@excite.no', '2012-10-23', '2003-11-23', 'Sean', 'Ijukop', 115030.32, 80, 2),
(356, 'B.Julieze@mymail.be', '2007-05-08', '2004-09-17', 'Ruth', 'Lejarette', 619983.14, 81, 4),
(357, 'JackReames@myspace.com', '2000-04-28', '2012-10-22', 'Sherm', 'Jackson', 281.6, 82, 1),
(358, 'K.Oyler3@mymail.org', '2006-09-12', '2004-01-23', 'Karen', 'Zia', 405287.58, 88, 4),
(359, 'Bas.Riegel@gawab.us', '2006-08-22', '2006-11-30', 'Al', 'Reyes', 9104.92, 92, 4),
(360, 'Y.Miller3@telfort.es', '2005-09-30', '2012-09-14', 'Hannah', 'Novratni', 3.5, 95, 2),
(361, 'E.Helfrich@weboffice.net', '2007-07-02', '2000-04-19', 'Cian', 'Korkovski', 54195.77, 104, 4),
(362, 'PClark@myspace.cn', '2003-05-31', '2000-08-13', 'Edwina', 'Helbush', 6413.77, 108, 1),
(363, 'M.Bugno2@freeweb.gov', '2009-09-16', '2010-10-19', 'Marty', 'Tudisco', 133820.41, 113, 2),
(364, 'FredHelbush@aol.dk', '2004-09-26', '2001-04-01', 'Jaclyn', 'Plantz', 480.08, 115, 2),
(365, 'E.Herrin@mail.gov', '2010-03-18', '2001-03-09', 'Malgorzata', 'Antonucci', 8734.74, 122, 4),
(366, 'BIgolavski@aol.be', '2009-03-01', '2013-02-12', 'Alexander', 'Ijukop', 259.1, 131, 4),
(367, 'R.Wood5@web.com', '2011-12-23', '2007-07-22', 'Liza', 'Wood', 22987.46, 137, 3),
(368, 'J.Morton3@hotmail.nl', '2006-08-25', '2005-03-01', 'Rachel', 'Seibel', 25.86, 146, 1),
(369, 'JWilliams@dolfijn.cn', '2003-08-14', '2000-11-17', 'Lisa', 'Frega', 2646.72, 155, 1),
(370, 'Johan.Oyler@web.co.uk', '2010-09-21', '2013-11-29', 'Helma', 'Grote', 339.57, 158, 2),
(371, 'J.Martin3@hotmail.co.uk', '2000-01-20', '2003-12-13', 'Rolla', 'Malone', 430040.28, 168, 3),
(372, 'H.Tudisco@live.com', '2004-07-28', '2010-10-27', 'Emily', 'Dulisse', 281.41, 172, 3),
(373, 'Emma.Thompson@weboffice.no', '2008-08-03', '2007-03-24', 'Sjon', 'Conley', 451938.22, 178, 1),
(374, 'JackAnderson@yahoo.co.uk', '2005-08-17', '2000-11-15', 'Bo', 'Laudanski', 4.93, 188, 2),
(375, 'JJones4@dolfijn.nl', '2010-10-15', '2008-05-16', 'Kaylee', 'DeBerg', 4822.68, 190, 3),
(376, 'J.Riegel1@dolfijn.de', '2005-01-18', '2003-10-26', 'Lotte', 'Hendrix', 141.69, 200, 4),
(377, 'JForeman5@gmail.be', '2007-09-15', '2013-09-13', 'Dave', 'Davis', 315776.32, 205, 4),
(378, 'Freddy.Royal@hotmail.it', '2013-03-10', '2007-04-24', 'Camila', 'Forsberg', 2.89, 210, 3),
(379, 'LindsyKuehn@yahoo.us', '2010-12-18', '2000-06-12', 'Sigrid', 'Petrzelka', 63.77, 218, 2),
(380, 'Georgevan Goes4@myspace.net', '2000-10-14', '2013-04-21', 'Jacob', 'Gerschkow', 497708.69, 228, 2),
(381, 'Ann.Praeger2@aol.co.uk', '2003-12-30', '2004-07-24', 'Marco', 'Ladaille', 41128.63, 236, 1),
(382, 'DickLangham@libero.no', '2005-06-09', '2003-09-11', 'Sem', 'Comeau', 77.55, 245, 1),
(383, 'RKellock@lycos.es', '2000-06-10', '2002-04-27', 'Cameron', 'Gildersleeve', 6, 246, 1),
(384, 'Victor.Bernstein@web.com', '2003-02-11', '2002-01-14', 'Javier', 'Donatelli', 994870.45, 247, 4),
(385, 'Freddy.Wood@hotmail.cn', '2002-02-22', '2012-01-28', 'Florian', 'Vanderoever', 8.59, 253, 4),
(386, 'Peter.Clarke4@weboffice.com', '2008-06-09', '2003-09-09', 'Lotte', 'Brendjens', 67.02, 258, 1),
(387, 'FonsGoodnight@aol.es', '2009-03-30', '2013-08-13', 'Trevor', 'Glanswol', 11.37, 263, 4),
(388, 'Lindsy.Guethlein@hotmail.ca', '2000-03-12', '2012-06-16', 'GertJan', 'Herring', 624391.34, 271, 3),
(389, 'V.Wood@hotmail.org', '2012-08-04', '2011-02-20', 'Sean', 'Daughtery', 5782.28, 273, 1),
(390, 'RickMoreau@web.org', '2006-02-05', '2002-07-14', 'Alex', 'Petterson', 89799.53, 279, 1),
(391, 'Geoffry.DeBuck@weboffice.it', '2011-07-14', '2007-05-07', 'Piotr', 'Aldritch', 151.4, 283, 3),
(392, 'Patty.Thaler4@web.fr', '2011-04-02', '2012-04-19', 'Rob', 'Brown', 8.74, 288, 2),
(393, 'H.Willis@excite.ca', '2006-01-12', '2005-02-14', 'Joop', 'Alspaugh', 39.01, 295, 4),
(394, 'FonsPhelps1@dolfijn.gov', '2010-08-22', '2011-03-16', 'Catharine', 'Queen', 14645.22, 302, 4),
(395, 'Frans.Harness2@weboffice.us', '2001-04-02', '2006-05-04', 'Dave', 'Malone', 5.93, 304, 4),
(396, 'WilliamGieske@msn.dk', '2004-10-21', '2008-12-24', 'Jan', 'White', 356.53, 307, 1),
(397, 'Vincent.Roger@freeweb.be', '2010-11-02', '2008-05-28', 'Lotte', 'Pekagnan', 3.24, 316, 1),
(398, 'L.Arden1@myspace.co.uk', '2003-10-24', '2001-07-17', 'Mikkel', 'Imhoff', 632421.71, 318, 4),
(399, 'WillNadalin@aol.be', '2010-01-09', '2013-03-15', 'Cecilie', 'Liddle', 9561.39, 320, 1),
(400, 'MaartenVan Dinter@msn.com', '2001-08-07', '2009-11-25', 'Hiram', 'Novratni', 713793.73, 324, 3),
(401, 'FreddyArcadi@lycos.be', '2005-12-30', '2013-09-16', 'Teddy', 'Mitchell', 36852.49, 333, 2),
(402, 'Bart.Vanderoever4@mymail.es', '2012-02-11', '2009-09-24', 'Andy', 'Sterrett', 832047.01, 336, 2),
(403, 'J.Clark@myspace.cn', '2003-05-18', '2003-10-26', 'Ruth', 'Phillips', 64464.21, 338, 4),
(404, 'E.Gibson5@live.net', '2003-04-20', '2006-10-30', 'Phil', 'Olson', 440073.44, 346, 1),
(405, 'David.Pekagnan1@msn.co.uk', '2011-03-25', '2010-04-23', 'Nicky', 'Brown', 190.83, 354, 1),
(406, 'Martin.Malone4@yahoo.fr', '2007-02-04', '2012-02-16', 'Ulla', 'Korkovski', 151.55, 356, 4),
(407, 'Bas.Van Dinter3@mymail.cn', '2003-05-07', '2007-10-29', 'Ciska', 'Esperiza', 222.32, 366, 3),
(408, 'SjorsGeoppo@mail.dk', '2000-10-19', '2004-01-22', 'Dorothy', 'Huffsmitt', 16.69, 371, 1),
(409, 'LynnCohen4@live.es', '2012-01-11', '2003-11-16', 'Teddy', 'Katsekes', 8761.62, 381, 4),
(410, 'RLadaille@live.cc', '2001-04-24', '2005-07-11', 'Stephanie', 'Aldritch', 29.78, 385, 2),
(411, 'FransHuston@mymail.it', '2010-06-01', '2007-05-25', 'Miriam', 'Uprovski', 6.35, 387, 1),
(412, 'Will.Caouette3@myspace.org', '2010-04-10', '2006-10-10', 'Ann', 'Bright', 383.88, 388, 2),
(413, 'SSchmidt3@yahoo.co.uk', '2001-05-22', '2006-12-23', 'Ellie', 'Yinger', 50.95, 395, 1),
(414, 'Lucy.Maribarski@dolfijn.cc', '2009-04-15', '2007-08-31', 'Lia', 'Framus', 30.54, 402, 4),
(415, 'Frank.Liddle@gawab.org', '2008-01-13', '2000-04-26', 'Anne', 'Sakurai', 871.51, 410, 3),
(416, 'MPaul@lycos.nl', '2002-11-30', '2006-12-16', 'Jules', 'Uprovski', 33.77, 418, 4),
(417, 'Nigel.DeWilde4@live.nl', '2008-05-03', '2004-08-06', 'Peter', 'Naley', 18925.76, 420, 3),
(418, 'Pauline.Naff@lycos.de', '2010-04-01', '2007-07-10', 'Catharine', 'Evans', 33681.69, 428, 2),
(419, 'BrentDeleo@web.dk', '2010-04-12', '2001-07-21', 'Scotty', 'Stevenson', 402498.29, 433, 4),
(420, 'BPatricelli3@hotmail.de', '2007-01-20', '2003-08-27', 'Fabian', 'Naff', 5033.28, 443, 1),
(421, 'LPetterson1@live.cn', '2008-08-23', '2008-03-08', 'Chuck', 'Watson', 282495.58, 448, 3),
(422, 'PaulMoore@weboffice.cn', '2006-12-24', '2012-11-18', 'Charlie', 'Leonarda', 7.75, 454, 3),
(423, 'I.Blount@gmail.be', '2004-04-18', '2001-10-01', 'Luka', 'Daniel', 99.87, 461, 1),
(424, 'TonMassingill@telfort.es', '2003-12-05', '2012-05-20', 'Joey', 'Nahay', 4212.01, 469, 3),
(425, 'Peter.Tudisco@hotmail.cc', '2001-06-07', '2005-05-15', 'Emily', 'Roger', 448402.01, 475, 2),
(426, 'I.Schlee@live.net', '2004-06-14', '2013-01-26', 'Tom', 'Clarke', 9991.81, 480, 3),
(427, 'BillDepew1@kpn.net', '2008-02-24', '2007-08-30', 'Elin', 'Pensec', 33.45, 490, 3),
(428, 'Victor.Daniel3@libero.ca', '2009-04-11', '2000-02-29', 'Rosa', 'Young', 8.78, 498, 1),
(429, 'IMayberry@live.gov', '2001-12-09', '2008-07-09', 'Jeanne', 'Slocum', 7608.99, 3, 3),
(430, 'Maddy.van Dijk2@myspace.us', '2007-10-04', '2004-01-11', 'Leonie', 'Pickering', 2946.47, 10, 4),
(431, 'Frank.Gaskins@gawab.be', '2013-10-05', '2003-07-03', 'Adam', 'Patricelli', 72.8, 16, 3),
(432, 'G.Griffith@yahoo.es', '2008-10-26', '2009-01-08', 'Mathilde', 'Jenssen', 503.29, 22, 3),
(433, 'L.Blacher1@excite.be', '2002-07-20', '2010-08-09', 'William', 'Langham	', 7.32, 32, 2),
(434, 'JohanNewman@kpn.co.uk', '2009-11-04', '2010-03-26', 'Rachael', 'Laudanski', 498.32, 34, 4),
(435, 'HankGibson1@aol.be', '2010-11-28', '2005-11-12', 'Niek', 'Scheffold', 99946.91, 43, 1),
(436, 'Emma.Turk4@telefonica.com', '2002-12-10', '2006-01-03', 'Sue', 'Comeau', 477759.22, 46, 2),
(437, 'HansRatliff@telfort.cn', '2005-08-28', '2001-08-14', 'Sarah', 'Brennan', 973.8, 53, 4),
(438, 'Bart.Ahlgren@mobileme.us', '2001-09-12', '2013-01-08', 'Sally', 'Slemp', 9.89, 58, 2),
(439, 'E.Pierce@hotmail.ca', '2012-09-24', '2009-04-18', 'Ricky', 'Naley', 604.48, 67, 3),
(440, 'PeterRatliff@msn.net', '2010-08-27', '2007-01-21', 'Tommy', 'Brady', 1.7, 73, 1),
(441, 'HansJones2@mobileme.co.uk', '2009-06-05', '2002-11-12', 'Andy', 'Griffith', 1604.79, 80, 1),
(442, 'Hank.Kingslan@gmail.no', '2011-01-23', '2000-12-03', 'Anthony', 'Arcadi', 88594.71, 87, 3),
(443, 'KylieHerring5@libero.fr', '2003-10-22', '2011-11-17', 'Co', 'Braconi', 992876.6, 96, 4),
(444, 'EJohnson4@aol.gov', '2001-01-29', '2010-07-17', 'Helen', 'Franklin', 728234.1, 106, 4),
(445, 'Frank.Chwatal@libero.es', '2005-06-24', '2007-06-06', 'Ciska', 'Langham	', 6.57, 111, 3),
(446, 'RImhoff@gawab.no', '2011-01-10', '2013-03-02', 'Alejandro', 'Simonent', 4717, 118, 4),
(447, 'BillFreed1@web.it', '2009-11-29', '2004-04-24', 'Tim', 'Storrs', 8, 124, 3),
(448, 'Brend.Toreau3@gmail.no', '2001-05-16', '2004-01-09', 'Mario', 'Nahay', 30855.48, 130, 2),
(449, 'Bas.Hollman3@gawab.gov', '2012-09-15', '2013-03-19', 'Babette', 'Nahay', 41855.05, 138, 4),
(450, 'PRaines@msn.gov', '2012-08-25', '2012-11-30', 'Ton', 'Roger', 7457.9, 148, 3),
(451, 'GBrown5@myspace.cc', '2000-07-04', '2007-01-17', 'Jim', 'Brendjens', 92183.62, 151, 4),
(452, 'LynnFramus@kpn.gov', '2007-04-01', '2009-10-12', 'James', 'Millis', 39730.18, 157, 1),
(453, 'NGua Lima5@aol.fr', '2013-09-02', '2012-04-27', 'Jurre', 'Arcadi', 136.31, 165, 4),
(454, 'GPoissant2@live.co.uk', '2012-04-30', '2003-12-09', 'Rosa', 'Glanswol', 830.11, 172, 1),
(455, 'GSterrett@gmail.no', '2011-05-20', '2001-05-01', 'Susan', 'Chwatal', 998.83, 176, 4),
(456, 'Femke.Hoogbandt@libero.be', '2012-08-23', '2008-10-02', 'Sherm', 'Poissant', 5067.54, 178, 4),
(457, 'LynnPoole@hotmail.cc', '2004-04-20', '2011-03-11', 'Sandra', 'Seibel', 752892.34, 184, 2),
(458, 'WilliamBarbee1@telfort.nl', '2009-05-06', '2005-06-15', 'Matt', 'Gildersleeve', 3141.75, 190, 2),
(459, 'Bas.Stevenson@aol.it', '2009-12-21', '2005-11-15', 'Katarzyna', 'Freed', 5.91, 193, 1),
(460, 'AnnSanders@weboffice.co.uk', '2007-06-28', '2002-01-19', 'Louise', 'Mairy', 53.24, 198, 3),
(461, 'DickPengilly@dolfijn.com', '2008-10-24', '2011-03-14', 'Samuel', 'Daughtery', 258962.82, 199, 1),
(462, 'Petra.Brown@lycos.dk', '2004-11-07', '2003-12-25', 'Taylor', 'Mitchell', 383.59, 207, 3),
(463, 'Camilla.Pekagnan5@kpn.es', '2002-07-15', '2002-09-08', 'Bram', 'Keller', 6.84, 209, 1),
(464, 'Emma.Crocetti@mail.es', '2013-02-25', '2002-09-16', 'Ricky', 'Wolpert', 963246.11, 213, 2),
(465, 'MikeMenovosa1@gawab.org', '2008-02-16', '2010-12-04', 'Cristian', 'Zimmerman', 232.06, 215, 3),
(466, 'DPolti@hotmail.co.uk', '2003-06-07', '2002-10-17', 'Cristina', 'Uitergeest', 5549.74, 218, 2),
(467, 'FredHamilton5@yahoo.nl', '2003-09-29', '2002-07-16', 'Betty', 'Brendjens', 23.67, 228, 4),
(468, 'V.Climent@freeweb.gov', '2002-08-12', '2003-06-12', 'Mick', 'Schubert', 34.89, 230, 2),
(469, 'Geoffry.Browne@mobileme.fr', '2008-06-15', '2008-11-18', 'Rick', 'Willis', 78.17, 240, 3),
(470, 'JeanBarnett1@web.co.uk', '2009-09-05', '2004-06-25', 'Aoife', 'Caouette', 22825.95, 241, 4),
(471, 'FrankJones1@excite.us', '2002-02-21', '2009-11-21', 'Joost', 'Julieze', 41666.58, 247, 1),
(472, 'LeonNovratni@freeweb.us', '2006-01-02', '2013-09-27', 'Delphine', 'Lejarette', 941.91, 250, 2),
(473, 'BrentWolpert5@mymail.gov', '2000-08-07', '2005-09-08', 'Willy', 'Shapiro', 6579.72, 260, 4),
(474, 'JLamere@freeweb.gov', '2003-03-24', '2013-11-25', 'Maximilian', 'Noteboom', 53.21, 264, 3),
(475, 'Rick.Mitchell3@telfort.dk', '2002-01-18', '2000-05-12', 'Jules', 'Caffray', 2.87, 271, 1),
(476, 'LynnIonescu@live.gov', '2009-08-19', '2001-04-30', 'Marie', 'Naley', 4192.39, 278, 4),
(477, 'SjorsWard3@aol.cn', '2011-08-28', '2012-07-01', 'Maja', 'Davis', 74552.46, 283, 3),
(478, 'L.DeBerg1@libero.net', '2011-04-18', '2000-08-12', 'Mike', 'Byrnes', 25834.76, 293, 3),
(479, 'Fred.Angarano@msn.com', '2013-11-25', '2006-02-14', 'Mart', 'Langham	', 38.76, 296, 3),
(480, 'MikeKrutkov@dolfijn.fr', '2002-06-08', '2000-10-21', 'Vanessa', 'Whitehurst', 51627.6, 299, 2),
(481, 'H.Davis@dolfijn.cn', '2005-09-14', '2002-12-02', 'Jessica', 'Troher', 788267.36, 309, 1),
(482, 'FransAllison3@excite.ca', '2006-06-02', '2006-05-18', 'Ross', 'Conley', 3764.52, 315, 1),
(483, 'MBrowne@mobileme.org', '2005-06-13', '2002-10-01', 'Krzysztof', 'Aldritch', 816.1, 322, 2),
(484, 'VictoriaPhelps@mymail.gov', '2005-01-27', '2013-01-15', 'Jozef', 'Schubert', 9306.05, 331, 2),
(485, 'MadeleinNelson@freeweb.be', '2013-03-02', '2012-10-02', 'Hanna', 'Mayberry', 25.27, 341, 4),
(486, 'Jim.Sanders@aol.gov', '2005-01-18', '2011-01-20', 'Milan', 'Hedgecock', 85741.56, 343, 3),
(487, 'VDitmanen5@yahoo.no', '2013-06-22', '2000-11-04', 'Adrian', 'LeGrand', 7.76, 351, 1),
(488, 'RichardForsberg5@kpn.cc', '2000-08-12', '2006-10-05', 'Jody', 'Carlos', 101.27, 360, 1),
(489, 'Milan.Pekaban3@libero.de', '2007-06-18', '2009-01-06', 'Lewis', 'Carlos', 42884.88, 364, 3),
(490, 'WilliamWolpert@lycos.it', '2004-11-07', '2009-07-08', 'Sherm', 'Wilson', 309676.03, 370, 1),
(491, 'TonMartin@excite.co.uk', '2005-04-09', '2003-08-19', 'Christopher', 'Turk', 979.92, 375, 4),
(492, 'RichardSterrett@live.it', '2010-03-01', '2005-01-14', 'Jeffery', 'Mcnally', 5.94, 380, 3),
(493, 'Johan.Ray@telefonica.be', '2010-02-03', '2010-08-07', 'Michel', 'Muench', 748707.89, 381, 4),
(494, 'RickJones@weboffice.dk', '2003-04-16', '2007-02-14', 'Julian', 'Pickering', 5913.88, 391, 1),
(495, 'PetraNoteboom@gmail.net', '2001-08-03', '2013-05-27', 'Sjaak', 'Sterrett', 72.69, 393, 2),
(496, 'HansBrown@msn.es', '2001-02-18', '2006-10-05', 'Lucille', 'Meterson', 2.03, 399, 4),
(497, 'MSchlee@aol.net', '2001-06-23', '2009-03-23', 'Rasmus', 'Hankins', 187.16, 402, 3),
(498, 'G.Thompson4@lycos.cn', '2006-10-27', '2012-04-15', 'Sophie', 'Muench', 54663.89, 409, 3),
(499, 'BartVanderoever4@gawab.com', '2007-06-17', '2004-07-15', 'Amber', 'King', 13.78, 418, 1),
(500, 'HansKing@mail.cn', '2003-04-20', '2009-05-19', 'Rasmus', 'Wolpert', 303.94, 426, 2);

-- --------------------------------------------------------

--
-- Table structure for table `staff_lecture`
--

CREATE TABLE IF NOT EXISTS `staff_lecture` (
  `staff_id` int(11) NOT NULL,
  `external_lecture_id` int(11) NOT NULL,
  KEY `FK_451d4tw1hr7yw2m6glcclwkx` (`external_lecture_id`),
  KEY `FK_icmsiwep6bcm5acxqon3xxa6k` (`staff_id`)
) ENGINE=InnoDB DEFAULT CHARSET=latin1;

--
-- Dumping data for table `staff_lecture`
--

INSERT INTO `staff_lecture` (`staff_id`, `external_lecture_id`) VALUES
(1, 7),
(1, 7),
(344, 7),
(344, 10),
(255, 10),
(169, 10),
(169, 13),
(3, 23),
(3, 23),
(258, 27),
(258, 27),
(349, 31),
(349, 40),
(172, 40),
(172, 41),
(172, 41),
(9, 49),
(9, 49),
(175, 51),
(175, 51),
(265, 53),
(179, 53),
(268, 53),
(268, 63),
(180, 63),
(180, 68),
(269, 68),
(269, 68),
(269, 70),
(270, 70),
(270, 70),
(270, 80),
(443, 80),
(271, 87),
(271, 87),
(97, 87),
(97, 96),
(97, 96),
(98, 99),
(98, 105),
(98, 105),
(99, 105),
(99, 110),
(99, 110),
(366, 118),
(190, 125),
(449, 133),
(192, 139),
(192, 146),
(279, 146),
(279, 146),
(451, 150),
(451, 150),
(451, 157),
(25, 157),
(25, 157),
(25, 165),
(26, 169),
(26, 169),
(26, 173),
(283, 175),
(283, 185),
(108, 194),
(108, 194),
(454, 194),
(454, 196),
(454, 196),
(109, 196),
(109, 200),
(109, 202),
(110, 203),
(110, 203),
(29, 203),
(374, 212),
(374, 212),
(374, 217),
(375, 217),
(113, 217),
(113, 222),
(32, 222),
(32, 227),
(32, 229),
(202, 239),
(202, 244),
(202, 244),
(464, 244),
(116, 245),
(466, 245),
(466, 255),
(291, 255),
(37, 255),
(38, 265),
(40, 268),
(40, 268),
(208, 269),
(298, 269),
(123, 269),
(123, 270),
(213, 270),
(213, 272),
(213, 275),
(125, 275),
(389, 276),
(389, 276),
(46, 276),
(46, 284),
(129, 288),
(129, 292),
(129, 292),
(306, 292),
(306, 301),
(307, 301),
(307, 301),
(307, 311),
(131, 311),
(131, 311),
(218, 313),
(133, 313),
(398, 320),
(135, 320),
(483, 320),
(483, 325),
(136, 334),
(136, 334),
(136, 336),
(222, 336),
(222, 336),
(312, 339),
(403, 346),
(485, 346),
(485, 346),
(485, 347),
(56, 347),
(56, 355),
(56, 355),
(487, 355),
(487, 363),
(227, 364),
(228, 364),
(228, 368),
(228, 368),
(59, 368),
(59, 372),
(59, 372),
(229, 379),
(318, 379),
(144, 382),
(145, 382),
(145, 382),
(145, 388),
(492, 388),
(492, 391),
(231, 400),
(231, 410),
(231, 412),
(62, 414),
(62, 423),
(63, 423),
(63, 429),
(233, 429),
(233, 438),
(150, 446),
(150, 446),
(66, 450),
(66, 450),
(66, 450),
(326, 457),
(67, 457),
(67, 457),
(67, 463),
(241, 463),
(241, 467),
(68, 467),
(68, 467),
(68, 470),
(331, 470),
(331, 477),
(331, 483),
(157, 483),
(157, 491),
(423, 491),
(161, 491),
(161, 493),
(161, 500),
(75, 506),
(75, 506),
(251, 516),
(251, 516),
(77, 516),
(163, 522),
(163, 522),
(163, 522),
(79, 524),
(342, 524),
(342, 524),
(342, 532),
(81, 532),
(169, 532),
(170, 542),
(348, 542),
(348, 542),
(348, 547),
(171, 547),
(171, 547),
(171, 556),
(350, 562),
(173, 562),
(173, 563),
(263, 563),
(263, 567),
(263, 567),
(10, 572),
(10, 572),
(10, 572),
(11, 573),
(265, 573),
(265, 581),
(265, 581),
(179, 581),
(179, 583),
(179, 583),
(14, 583),
(14, 586),
(357, 586),
(357, 594),
(182, 594),
(18, 594),
(18, 604),
(18, 604),
(362, 604),
(362, 614),
(362, 614),
(186, 614),
(186, 617),
(186, 617),
(188, 621),
(188, 627),
(188, 631),
(275, 631),
(275, 640),
(275, 648),
(101, 648),
(101, 651),
(101, 651),
(449, 651),
(24, 652),
(24, 656),
(24, 656),
(25, 660),
(194, 660),
(194, 660),
(194, 665),
(283, 673),
(283, 673),
(283, 683),
(197, 683),
(197, 683),
(197, 687),
(286, 687),
(374, 687),
(201, 697),
(202, 705),
(202, 707),
(202, 707),
(33, 708),
(33, 711),
(290, 711),
(290, 721),
(290, 721),
(204, 721),
(204, 729),
(204, 729),
(380, 729),
(380, 738),
(206, 738),
(206, 744),
(206, 744),
(119, 744),
(119, 745),
(119, 745),
(469, 747),
(382, 747),
(382, 747),
(382, 755),
(385, 755),
(385, 757),
(385, 757),
(43, 767),
(212, 773),
(212, 773),
(45, 773),
(128, 779),
(128, 789),
(129, 789),
(305, 789),
(217, 791),
(131, 791),
(132, 799),
(132, 799),
(132, 809),
(481, 814),
(481, 814),
(397, 814),
(311, 824),
(311, 833),
(311, 833),
(136, 833),
(136, 843),
(136, 843),
(224, 843),
(314, 849),
(314, 849),
(314, 849),
(315, 851),
(315, 851),
(315, 861),
(56, 870),
(56, 870),
(141, 875),
(317, 875),
(317, 875),
(59, 876),
(145, 886),
(145, 886),
(145, 886),
(409, 889),
(409, 896),
(410, 897),
(410, 897),
(410, 2),
(411, 2),
(411, 12),
(413, 17),
(413, 27),
(413, 27),
(323, 27),
(65, 30),
(415, 40),
(415, 42),
(236, 42),
(236, 42),
(499, 47),
(499, 57),
(500, 62),
(68, 62),
(68, 62),
(331, 65),
(331, 65),
(331, 72),
(421, 78),
(72, 78),
(72, 78),
(72, 81),
(159, 81),
(336, 81),
(339, 91),
(339, 94),
(339, 94),
(164, 94),
(429, 98),
(429, 98),
(2, 98),
(2, 101),
(81, 101),
(432, 101),
(432, 111),
(258, 116),
(258, 116),
(350, 119),
(350, 127),
(172, 133),
(173, 133),
(173, 133),
(173, 141),
(262, 141),
(262, 141),
(11, 142),
(11, 142),
(354, 142),
(354, 148),
(267, 149),
(267, 149),
(268, 152),
(268, 152),
(268, 152),
(269, 162),
(360, 162),
(17, 169),
(184, 169),
(184, 169),
(184, 177),
(18, 177),
(18, 181),
(97, 184),
(97, 184),
(97, 191),
(273, 191),
(273, 191),
(273, 200),
(99, 200),
(102, 200),
(102, 207),
(102, 207),
(190, 213),
(190, 213),
(192, 213),
(192, 218),
(192, 218),
(368, 218),
(369, 228),
(369, 228),
(194, 228),
(194, 229),
(282, 237),
(452, 237),
(26, 237),
(284, 239),
(284, 247),
(28, 247),
(28, 247),
(457, 252),
(457, 261),
(112, 266),
(200, 268),
(200, 268),
(200, 268),
(377, 277),
(378, 287),
(378, 293),
(33, 297),
(33, 297),
(379, 297),
(379, 300),
(205, 300),
(205, 300),
(205, 303),
(118, 303),
(118, 311),
(118, 315),
(295, 315),
(295, 315),
(295, 318),
(382, 318),
(382, 318),
(41, 320),
(299, 320),
(299, 320),
(299, 322),
(42, 324),
(387, 324),
(125, 324),
(125, 326),
(476, 326),
(476, 326),
(477, 333),
(477, 337),
(306, 337),
(307, 337),
(307, 339),
(307, 339),
(218, 341),
(218, 341),
(49, 341),
(49, 351),
(49, 360),
(50, 361),
(50, 361),
(134, 371),
(134, 375),
(134, 375),
(221, 375),
(221, 376),
(221, 376),
(136, 383),
(136, 383),
(136, 389),
(313, 389),
(403, 389),
(403, 395),
(403, 397),
(485, 397),
(485, 400),
(55, 400),
(487, 407),
(228, 407),
(228, 417),
(228, 419),
(142, 425),
(488, 425),
(488, 426),
(488, 426),
(490, 426),
(490, 433),
(491, 433),
(491, 433),
(491, 435),
(230, 435),
(230, 435),
(148, 443),
(231, 443),
(231, 443),
(231, 448),
(62, 448),
(149, 451),
(149, 455),
(495, 455),
(495, 457),
(495, 457),
(323, 465),
(323, 469),
(498, 473),
(498, 475),
(498, 479),
(325, 488),
(325, 488),
(326, 488),
(327, 497),
(327, 501),
(239, 501),
(239, 501),
(239, 504),
(241, 504),
(241, 504),
(242, 508),
(69, 508),
(156, 518),
(156, 520),
(157, 520),
(157, 520),
(245, 526),
(247, 532),
(247, 532),
(335, 539),
(335, 539),
(161, 546),
(161, 548),
(75, 548),
(75, 558),
(76, 560),
(163, 568),
(166, 568),
(167, 568),
(167, 571),
(167, 571),
(343, 571),
(345, 573),
(82, 573),
(82, 577),
(346, 579),
(84, 579),
(84, 579),
(84, 586),
(433, 586),
(349, 586),
(349, 591),
(349, 591),
(172, 591),
(172, 595),
(172, 598),
(173, 605),
(261, 605),
(261, 605),
(261, 614),
(264, 616),
(264, 616),
(264, 620),
(265, 620),
(178, 620),
(178, 622),
(180, 623),
(180, 623),
(180, 623),
(181, 631),
(359, 631),
(359, 641),
(359, 641),
(271, 647),
(362, 647),
(362, 655),
(362, 655),
(273, 665),
(273, 665),
(364, 668),
(364, 675),
(100, 676),
(100, 676),
(100, 679),
(277, 679),
(277, 679),
(367, 684),
(449, 687),
(449, 687),
(449, 687),
(279, 693),
(24, 693),
(25, 697),
(25, 707),
(25, 715),
(26, 715),
(26, 722),
(26, 722),
(284, 725),
(284, 725),
(284, 733),
(28, 733),
(199, 743),
(458, 743),
(459, 751),
(459, 751),
(31, 756),
(31, 756),
(31, 756),
(114, 766),
(202, 766),
(202, 766),
(377, 768),
(289, 768),
(289, 768),
(33, 776),
(290, 786),
(290, 786),
(292, 791),
(292, 791),
(292, 791),
(468, 798),
(468, 798),
(296, 798),
(296, 799),
(40, 799),
(41, 799),
(41, 804),
(122, 804),
(122, 804),
(122, 811),
(43, 811),
(43, 817),
(43, 817),
(300, 822),
(300, 825),
(213, 827),
(126, 837),
(476, 847),
(476, 847),
(216, 847),
(216, 850),
(305, 851),
(305, 853),
(307, 853),
(307, 853),
(309, 861),
(309, 861),
(221, 863),
(483, 863),
(222, 863),
(222, 873),
(222, 877),
(224, 877),
(224, 877),
(225, 881),
(225, 881),
(225, 882),
(56, 892),
(56, 892),
(487, 899),
(316, 899),
(316, 900),
(316, 900),
(406, 900),
(59, 4),
(143, 14),
(144, 14),
(144, 23),
(144, 23),
(408, 23),
(408, 24),
(408, 24),
(230, 24),
(230, 34),
(230, 34),
(492, 34),
(231, 43),
(494, 43),
(494, 53),
(62, 53),
(62, 53),
(233, 63),
(323, 64),
(323, 71),
(323, 72),
(65, 75),
(66, 85),
(66, 92),
(66, 92),
(237, 102),
(237, 110),
(241, 110),
(241, 112),
(241, 112),
(420, 113),
(420, 120),
(420, 120),
(157, 120),
(157, 130),
(157, 132),
(422, 132),
(422, 132),
(422, 139),
(247, 139),
(247, 139),
(247, 145),
(158, 151),
(158, 156),
(158, 156),
(159, 156),
(249, 163),
(249, 167),
(249, 168),
(338, 168),
(164, 169),
(164, 169),
(165, 170),
(1, 170),
(2, 175),
(2, 177),
(2, 183),
(83, 183),
(257, 188),
(350, 188),
(261, 188),
(261, 194),
(261, 194),
(175, 194),
(352, 199),
(352, 199),
(352, 199),
(265, 208),
(439, 208),
(439, 217),
(90, 217),
(440, 217),
(440, 221),
(268, 221),
(268, 224),
(15, 224),
(92, 224),
(92, 229),
(93, 229),
(93, 229),
(361, 230),
(95, 230),
(272, 230),
(98, 240),
(98, 240),
(275, 240),
(275, 249),
(447, 249),
(21, 249),
(449, 253),
(449, 253),
(449, 253),
(191, 258),
(191, 258),
(450, 258),
(25, 265),
(25, 270),
(25, 270),
(452, 277),
(452, 281),
(107, 281),
(27, 281),
(372, 282),
(372, 282),
(456, 287),
(456, 293),
(29, 293),
(29, 297),
(374, 297),
(374, 297),
(31, 298),
(31, 298),
(202, 307),
(464, 307),
(465, 307),
(465, 310),
(465, 319),
(116, 319),
(466, 319),
(36, 329),
(118, 329),
(118, 338),
(118, 338),
(206, 338),
(38, 342),
(297, 342),
(384, 348),
(384, 348),
(41, 348),
(41, 356),
(472, 356),
(472, 366),
(472, 366),
(210, 372),
(210, 372),
(210, 373),
(300, 377),
(300, 377),
(300, 377),
(212, 381),
(213, 381),
(213, 382),
(475, 391),
(475, 391),
(475, 391),
(45, 394),
(46, 394),
(46, 394),
(306, 399),
(393, 399),
(393, 399),
(131, 404),
(131, 404),
(49, 412),
(50, 422),
(134, 422),
(399, 424),
(399, 430),
(400, 430),
(222, 433),
(52, 433),
(52, 433),
(224, 443),
(224, 443),
(224, 443),
(139, 450),
(139, 450),
(139, 450),
(56, 455),
(56, 461),
(56, 467),
(141, 467),
(141, 468),
(143, 468),
(143, 471),
(407, 471),
(407, 472),
(146, 477),
(146, 477),
(492, 477),
(409, 483),
(409, 483),
(409, 483),
(232, 491),
(232, 491),
(496, 492),
(496, 499),
(496, 499),
(498, 499),
(498, 504),
(66, 504),
(66, 504),
(238, 511),
(238, 511),
(238, 511),
(241, 515),
(330, 515),
(69, 520),
(244, 529),
(422, 534),
(422, 536),
(72, 536),
(247, 542),
(160, 542),
(249, 542),
(76, 547),
(76, 551),
(76, 551),
(339, 553),
(339, 553),
(339, 553),
(428, 560),
(428, 563),
(1, 563),
(1, 569),
(2, 569),
(82, 569),
(82, 573),
(82, 573),
(256, 573),
(256, 577),
(256, 577),
(4, 577),
(4, 581),
(4, 587),
(434, 587),
(434, 590),
(348, 590),
(348, 598),
(348, 598),
(350, 598),
(350, 600);

-- --------------------------------------------------------

--
-- Table structure for table `staff_workshop`
--

CREATE TABLE IF NOT EXISTS `staff_workshop` (
  `staff_id` int(11) NOT NULL,
  `workshop_id` int(11) NOT NULL,
  KEY `FK_ofx8ewfxys389cqmd3uegah6c` (`workshop_id`),
  KEY `FK_5pqnlxlngmh3icl8hklxv0yka` (`staff_id`)
) ENGINE=InnoDB DEFAULT CHARSET=latin1;

--
-- Dumping data for table `staff_workshop`
--

INSERT INTO `staff_workshop` (`staff_id`, `workshop_id`) VALUES
(343, 10),
(255, 12),
(82, 17),
(347, 22),
(84, 30),
(6, 40),
(259, 48),
(7, 53),
(351, 62),
(264, 69),
(353, 79),
(179, 86),
(180, 95),
(356, 101),
(269, 108),
(16, 114),
(360, 115),
(94, 121),
(185, 127),
(186, 133),
(273, 141),
(188, 150),
(275, 152),
(447, 162),
(21, 169),
(22, 171),
(192, 172),
(450, 175),
(105, 181),
(106, 191),
(26, 201),
(284, 210),
(373, 217),
(456, 226),
(374, 230),
(31, 233),
(114, 241),
(463, 249),
(116, 256),
(466, 258),
(380, 265),
(293, 266),
(119, 276),
(38, 286),
(469, 295),
(297, 305),
(383, 315),
(121, 318),
(471, 324),
(473, 327),
(211, 328),
(474, 334),
(212, 339),
(301, 342),
(45, 349),
(127, 356),
(390, 359),
(216, 361),
(478, 366),
(393, 371),
(307, 375),
(49, 381),
(396, 384),
(310, 388),
(51, 390),
(136, 394),
(224, 398),
(54, 405),
(140, 414),
(487, 416),
(317, 422),
(143, 423),
(229, 433),
(491, 441),
(493, 451),
(231, 455),
(321, 465),
(411, 475),
(62, 481),
(323, 487),
(235, 493),
(326, 501),
(152, 510),
(418, 517),
(240, 522),
(241, 530),
(330, 540),
(155, 545),
(156, 546),
(246, 549),
(248, 554),
(249, 560),
(338, 563),
(427, 573),
(165, 582),
(167, 589),
(430, 596),
(255, 605),
(169, 614),
(3, 616),
(257, 620),
(85, 626),
(7, 633),
(8, 638),
(264, 647),
(11, 653),
(90, 663),
(179, 671),
(91, 674),
(441, 680),
(181, 685),
(360, 687),
(93, 693),
(444, 694),
(272, 696),
(186, 699),
(188, 709),
(365, 715),
(275, 724),
(447, 727),
(448, 733),
(449, 741),
(103, 751),
(25, 752),
(106, 755),
(453, 765),
(197, 772),
(286, 781),
(457, 784),
(458, 787),
(113, 792),
(460, 799),
(288, 801),
(378, 811),
(290, 818),
(291, 827),
(117, 832),
(467, 837),
(119, 844),
(296, 848),
(383, 852),
(298, 860),
(123, 862),
(44, 869),
(213, 876),
(126, 881),
(391, 883),
(306, 890),
(47, 893),
(393, 895),
(480, 2),
(308, 5),
(219, 11),
(220, 14),
(135, 24),
(137, 33),
(313, 40),
(485, 41),
(55, 48),
(486, 54),
(315, 62),
(141, 66),
(489, 69),
(490, 72),
(146, 74),
(320, 77),
(321, 81),
(412, 90),
(413, 91),
(496, 97),
(498, 104),
(235, 110),
(152, 112),
(237, 113),
(500, 116),
(418, 120),
(241, 122),
(154, 128),
(419, 133),
(420, 142),
(156, 143),
(245, 146),
(333, 154),
(423, 164),
(160, 165),
(336, 171),
(426, 181),
(251, 191),
(78, 200),
(253, 204),
(343, 206),
(82, 210),
(4, 218),
(348, 223),
(349, 226),
(7, 231),
(437, 239),
(176, 247),
(177, 256),
(440, 264),
(179, 269),
(268, 274),
(14, 284),
(269, 285),
(358, 291),
(92, 292),
(443, 300),
(93, 306),
(362, 310),
(272, 312),
(273, 321),
(98, 328),
(447, 331),
(101, 339),
(22, 349),
(24, 358),
(369, 362),
(107, 372),
(108, 377),
(455, 383),
(109, 388),
(373, 391),
(199, 397),
(287, 400),
(459, 407),
(376, 415),
(463, 416),
(378, 424),
(116, 427),
(117, 430),
(118, 435),
(294, 442),
(120, 448),
(382, 456),
(299, 465),
(124, 473),
(211, 474),
(301, 480),
(389, 486),
(391, 494),
(216, 496),
(304, 498),
(130, 502),
(217, 507),
(132, 517),
(218, 526),
(481, 528),
(221, 537),
(400, 547),
(484, 553),
(403, 557),
(485, 562),
(226, 568),
(141, 569),
(57, 577),
(142, 582),
(229, 588),
(146, 589),
(493, 591),
(62, 592),
(495, 599),
(323, 603),
(64, 611),
(498, 613),
(499, 617),
(328, 624),
(330, 633),
(421, 643),
(422, 645),
(158, 654),
(73, 658),
(160, 667),
(75, 672),
(77, 682),
(78, 686),
(253, 692),
(80, 697),
(254, 707),
(430, 712),
(2, 715),
(431, 722),
(84, 724),
(5, 733),
(85, 736),
(436, 738),
(173, 744),
(262, 751),
(10, 757),
(11, 759),
(265, 762),
(179, 768),
(356, 773),
(357, 781),
(16, 784),
(270, 790),
(17, 800),
(361, 805),
(444, 807),
(186, 813),
(364, 823),
(100, 831),
(366, 833),
(449, 839),
(278, 840),
(24, 844),
(451, 846),
(281, 849),
(107, 858),
(196, 863),
(108, 873),
(197, 879),
(457, 882),
(458, 888),
(287, 894),
(461, 896),
(462, 898),
(463, 6),
(33, 15),
(291, 22),
(467, 23),
(381, 27),
(207, 33),
(208, 39),
(471, 44),
(299, 54),
(211, 56),
(388, 57),
(126, 59),
(45, 64),
(46, 74),
(47, 76),
(307, 81),
(132, 88),
(308, 91),
(133, 93),
(482, 98),
(397, 104),
(399, 109),
(222, 110),
(137, 114),
(484, 123),
(223, 129),
(53, 139),
(403, 146),
(485, 155),
(140, 163),
(487, 173),
(406, 176),
(228, 178),
(489, 181),
(318, 183),
(146, 184),
(230, 186),
(147, 190),
(411, 194),
(149, 199),
(497, 205),
(65, 214),
(236, 218),
(417, 219),
(500, 221),
(419, 227),
(243, 234),
(157, 239),
(246, 244),
(160, 254),
(335, 257),
(76, 266),
(338, 272),
(339, 281),
(428, 287),
(1, 289),
(343, 297),
(344, 299),
(431, 306),
(432, 310),
(433, 311),
(258, 314),
(259, 316),
(173, 320),
(264, 323),
(11, 324),
(90, 334),
(354, 342),
(91, 352),
(181, 355),
(358, 363),
(17, 368),
(443, 374),
(94, 384),
(444, 387),
(97, 388),
(446, 398),
(187, 399),
(275, 407),
(101, 409),
(22, 416),
(367, 421),
(278, 424),
(104, 434),
(194, 439),
(453, 447),
(284, 451),
(198, 461),
(285, 467),
(374, 468),
(31, 477),
(288, 482),
(378, 483),
(465, 490),
(204, 498),
(291, 500),
(292, 502),
(380, 505),
(381, 507),
(470, 514),
(383, 517),
(298, 520),
(122, 527),
(473, 534),
(212, 543),
(302, 549),
(476, 554),
(390, 555),
(304, 565),
(48, 572),
(131, 573),
(308, 582),
(133, 592),
(310, 593),
(311, 602),
(51, 612),
(312, 617),
(484, 623),
(313, 630),
(403, 633),
(225, 642),
(486, 652),
(227, 654),
(141, 658),
(489, 667),
(408, 674),
(319, 677),
(409, 685),
(493, 689),
(410, 696),
(62, 706),
(322, 710),
(64, 711),
(414, 716),
(498, 719),
(66, 721),
(152, 728),
(238, 729),
(239, 731),
(242, 732),
(330, 733),
(243, 743),
(156, 749),
(332, 753),
(247, 758),
(159, 762),
(75, 772),
(162, 773),
(339, 774),
(79, 777),
(429, 783),
(344, 786),
(432, 792),
(170, 802),
(257, 803),
(6, 811),
(7, 819),
(174, 825),
(9, 827),
(176, 831),
(439, 837),
(178, 844),
(91, 853),
(357, 862),
(15, 866),
(181, 870),
(92, 879),
(94, 888),
(95, 893),
(362, 894),
(98, 900),
(447, 3),
(277, 4),
(190, 9),
(367, 15),
(279, 20),
(24, 26),
(451, 31),
(25, 37),
(282, 38),
(453, 48),
(455, 56),
(110, 66),
(458, 68),
(287, 76),
(288, 78),
(32, 84),
(464, 89),
(292, 91),
(205, 97),
(119, 101),
(295, 108),
(39, 115),
(382, 123),
(299, 129),
(123, 133),
(211, 139),
(387, 144),
(388, 148),
(127, 154),
(392, 155),
(306, 158),
(217, 161),
(49, 165),
(481, 167),
(135, 171),
(137, 177),
(312, 183),
(313, 191),
(138, 194),
(225, 197),
(486, 203),
(316, 204),
(489, 208),
(407, 211),
(318, 215),
(146, 223),
(492, 233),
(411, 243),
(413, 251),
(414, 252),
(65, 255),
(499, 265),
(328, 269),
(242, 279),
(69, 287),
(156, 290),
(333, 295),
(422, 297),
(158, 307),
(424, 313),
(250, 316),
(338, 322),
(78, 331),
(429, 334),
(430, 344),
(81, 352),
(3, 360),
(257, 362),
(258, 372),
(349, 381),
(435, 384),
(260, 390),
(174, 399),
(264, 406),
(89, 413),
(439, 422),
(266, 429),
(91, 433),
(356, 435),
(358, 443),
(183, 453),
(93, 456),
(95, 463),
(186, 467),
(98, 473),
(20, 481),
(447, 486),
(277, 488),
(278, 496),
(24, 498),
(193, 506),
(106, 512),
(107, 517),
(196, 527),
(455, 529),
(285, 534),
(199, 535),
(200, 541),
(201, 543),
(115, 548),
(462, 551),
(289, 552),
(465, 554),
(291, 558),
(467, 560),
(206, 562),
(39, 566),
(40, 573),
(383, 575),
(385, 579),
(122, 585),
(211, 590),
(475, 597),
(476, 600),
(215, 609),
(392, 611),
(129, 617),
(130, 625),
(479, 629),
(132, 637),
(395, 639),
(308, 644),
(396, 648),
(482, 658),
(135, 666),
(311, 667),
(312, 674),
(138, 676),
(53, 678),
(403, 682),
(225, 685),
(55, 693),
(227, 699),
(488, 704),
(229, 711),
(407, 720),
(60, 721),
(230, 726),
(492, 732),
(410, 740),
(494, 750),
(323, 759),
(150, 765),
(324, 767),
(236, 776),
(151, 781),
(499, 791),
(417, 794),
(238, 804),
(239, 814),
(240, 823),
(70, 831),
(155, 841),
(331, 847),
(332, 853),
(334, 856),
(335, 866),
(75, 870),
(338, 872),
(77, 873),
(341, 879),
(1, 883),
(343, 885),
(2, 889),
(3, 899),
(434, 7),
(349, 8),
(435, 13),
(7, 18),
(261, 22),
(9, 28),
(88, 31),
(353, 37),
(12, 41),
(91, 46),
(441, 47),
(180, 55),
(14, 62),
(16, 71),
(270, 78),
(359, 83),
(443, 90),
(271, 98),
(18, 101),
(19, 108),
(97, 109),
(186, 110),
(187, 115),
(188, 118),
(448, 119),
(192, 128),
(23, 129),
(280, 131),
(105, 132),
(196, 142),
(372, 144),
(454, 153),
(286, 161),
(457, 168),
(458, 176),
(201, 180),
(461, 181),
(377, 191),
(115, 201),
(463, 210),
(203, 213),
(116, 214),
(36, 220),
(293, 226),
(296, 236),
(120, 239),
(209, 248),
(41, 250),
(122, 251),
(386, 261),
(387, 267),
(301, 277),
(44, 284),
(213, 286),
(45, 294),
(215, 304),
(392, 307),
(478, 308),
(47, 309),
(393, 319),
(48, 320),
(49, 323),
(309, 324),
(481, 325),
(221, 331),
(483, 333),
(313, 340),
(402, 342),
(314, 344),
(226, 349),
(487, 355),
(227, 362),
(141, 369),
(229, 371),
(491, 375),
(319, 377),
(231, 384),
(322, 388),
(413, 391),
(65, 396),
(236, 406),
(327, 415),
(418, 416),
(154, 424),
(419, 431),
(329, 434),
(70, 440),
(245, 448),
(158, 454),
(74, 456),
(161, 461),
(162, 464),
(77, 466),
(252, 473),
(78, 477),
(340, 481),
(1, 486),
(343, 490),
(345, 493),
(432, 499),
(258, 502),
(348, 503),
(259, 513),
(261, 517),
(264, 523),
(353, 525),
(266, 530),
(179, 533),
(268, 534),
(181, 538),
(92, 548),
(360, 557),
(18, 561),
(272, 571),
(186, 578),
(365, 582),
(275, 585),
(101, 595),
(449, 601),
(280, 606),
(369, 613),
(105, 616),
(370, 625),
(196, 630),
(27, 638),
(28, 641),
(110, 647),
(112, 657),
(287, 667),
(31, 672),
(460, 673),
(114, 675),
(203, 680),
(465, 682),
(466, 690),
(36, 694),
(380, 698),
(467, 701),
(468, 703),
(296, 705),
(209, 708),
(41, 709),
(210, 710),
(43, 712),
(474, 717),
(302, 726),
(389, 729),
(391, 730),
(478, 731),
(480, 735),
(308, 742),
(134, 744),
(398, 750),
(52, 753),
(401, 754),
(138, 760),
(53, 770),
(314, 772),
(139, 775),
(405, 779),
(142, 788),
(143, 796),
(407, 802),
(491, 805),
(61, 814),
(231, 817),
(413, 819),
(414, 824),
(150, 831),
(151, 835),
(417, 842),
(238, 843),
(419, 845),
(242, 847),
(156, 854),
(157, 858),
(71, 864),
(248, 872),
(161, 875),
(337, 883),
(339, 893),
(427, 897),
(253, 7),
(167, 10),
(168, 16),
(81, 21),
(346, 23),
(169, 27),
(170, 35),
(433, 45),
(434, 51),
(258, 54),
(348, 58),
(349, 59),
(350, 68),
(435, 69),
(436, 70),
(7, 71),
(437, 74),
(264, 80),
(353, 85),
(177, 89),
(179, 99),
(180, 108),
(181, 118),
(442, 126),
(183, 133),
(361, 142),
(18, 147),
(272, 156),
(363, 157),
(187, 161),
(188, 162),
(447, 168),
(366, 169),
(190, 174),
(24, 176),
(369, 181),
(195, 187),
(283, 190),
(284, 198),
(109, 202),
(373, 209),
(457, 214),
(111, 221),
(199, 222),
(200, 231),
(461, 233),
(377, 240),
(378, 248),
(466, 258),
(35, 268),
(205, 276),
(37, 281),
(381, 290),
(296, 293),
(469, 296),
(209, 300),
(122, 309),
(211, 311),
(300, 312),
(474, 319),
(126, 324),
(302, 325),
(390, 332),
(391, 339),
(305, 344),
(48, 350);

-- --------------------------------------------------------

--
-- Table structure for table `timetable`
--

CREATE TABLE IF NOT EXISTS `timetable` (
  `timetable_id` int(11) NOT NULL AUTO_INCREMENT,
  `day_name` varchar(255) NOT NULL,
  `grade_id` int(11) DEFAULT NULL,
  PRIMARY KEY (`timetable_id`),
  UNIQUE KEY `UK_sgtvcyewsaxe8ueyd99f0lq71` (`day_name`,`grade_id`),
  KEY `FK_di9p8veedy2dsb3w8df4813qn` (`grade_id`)
) ENGINE=InnoDB  DEFAULT CHARSET=latin1 AUTO_INCREMENT=354 ;

--
-- Dumping data for table `timetable`
--

INSERT INTO `timetable` (`timetable_id`, `day_name`, `grade_id`) VALUES
(353, 'friday', 1),
(37, 'friday', 2),
(65, 'friday', 3),
(58, 'friday', 4),
(68, 'friday', 5),
(83, 'friday', 6),
(28, 'friday', 7),
(38, 'friday', 8),
(34, 'friday', 9),
(136, 'friday', 10),
(43, 'monday', 1),
(14, 'monday', 2),
(123, 'monday', 3),
(182, 'monday', 4),
(62, 'monday', 5),
(30, 'monday', 6),
(8, 'monday', 7),
(4, 'monday', 8),
(41, 'monday', 9),
(89, 'monday', 10),
(24, 'saturday', 1),
(121, 'saturday', 2),
(1, 'saturday', 3),
(2, 'saturday', 4),
(52, 'saturday', 5),
(42, 'saturday', 6),
(9, 'saturday', 7),
(96, 'saturday', 8),
(15, 'saturday', 9),
(101, 'saturday', 10),
(130, 'thursday', 1),
(26, 'thursday', 2),
(196, 'thursday', 3),
(217, 'thursday', 4),
(5, 'thursday', 5),
(39, 'thursday', 6),
(11, 'thursday', 7),
(7, 'thursday', 8),
(40, 'thursday', 9),
(155, 'thursday', 10),
(79, 'tuesday', 1),
(16, 'tuesday', 2),
(57, 'tuesday', 3),
(20, 'tuesday', 4),
(211, 'tuesday', 5),
(12, 'tuesday', 6),
(47, 'tuesday', 7),
(110, 'tuesday', 8),
(49, 'tuesday', 9),
(32, 'tuesday', 10),
(36, 'wednesday', 1),
(3, 'wednesday', 2),
(25, 'wednesday', 3),
(6, 'wednesday', 4),
(72, 'wednesday', 5),
(33, 'wednesday', 6),
(54, 'wednesday', 7),
(29, 'wednesday', 8),
(10, 'wednesday', 9),
(13, 'wednesday', 10);

-- --------------------------------------------------------

--
-- Table structure for table `workshop`
--

CREATE TABLE IF NOT EXISTS `workshop` (
  `workshop_id` int(11) NOT NULL AUTO_INCREMENT,
  `date` date DEFAULT NULL,
  `workshop_name` varchar(255) DEFAULT NULL,
  PRIMARY KEY (`workshop_id`)
) ENGINE=InnoDB  DEFAULT CHARSET=latin1 AUTO_INCREMENT=901 ;

--
-- Dumping data for table `workshop`
--

INSERT INTO `workshop` (`workshop_id`, `date`, `workshop_name`) VALUES
(1, '2013-02-18', 'TABLE GREEN XLARGE'),
(2, '2011-06-12', 'GATORADE GLACIER ICE'),
(3, '2004-04-08', 'Peppermint Leaf'),
(4, '2010-10-04', 'GATORADE GLACIER ICE'),
(5, '2000-09-13', 'LA VIE NICESKISES'),
(6, '2001-07-14', 'St. John''s Wort'),
(7, '2011-01-04', 'KNIFE SAFTEY COVER'),
(8, '2005-05-24', 'Gingko Plus 4'),
(9, '2010-05-08', 'Chamomile Tea'),
(10, '2008-10-08', 'Barley Grass'),
(11, '2002-12-10', 'Chromium Picolinate'),
(12, '2010-05-31', 'DOOR BLACK XLARGE'),
(13, '2002-10-16', 'GREEN SALAD BOWL'),
(14, '2001-07-25', 'Posters'),
(15, '2007-12-06', 'Squash'),
(16, '2004-06-20', 'PEAR HALVES'),
(17, '2008-06-21', 'Cotton'),
(18, '2005-09-17', 'Kohlrabi'),
(19, '2006-05-14', 'Beans'),
(20, '2003-11-16', 'Yucca Root'),
(21, '2013-04-27', 'Goto Kola'),
(22, '2003-04-21', 'COFFEE FILTER NR3'),
(23, '2004-08-22', 'Lima Beans'),
(24, '2005-07-13', 'Canning Tomatoes'),
(25, '2009-08-23', 'PETRO GEL'),
(26, '2001-05-12', 'Saw Palmetto'),
(27, '2002-03-03', 'WHITE SALAD BOWL'),
(28, '2002-08-31', 'Spice Peppers'),
(29, '2005-01-23', 'DRIED MUSHROOMS'),
(30, '2001-04-30', 'SWEETENER NATRA TASTE'),
(31, '2009-10-15', 'Garlic'),
(32, '2010-12-20', 'PUDDING VANILLA DEAN'),
(33, '2010-05-16', 'TOOTSIE POPS'),
(34, '2011-05-06', 'Snap Peas'),
(35, '2008-02-12', 'Snap Peas'),
(36, '2012-01-04', 'Leeks'),
(37, '2009-04-23', 'Winter Squash'),
(38, '2005-01-16', 'HEALTHY CHOICE PASTA'),
(39, '2002-03-14', 'Chromium Picolinate'),
(40, '2001-03-08', 'CUT OUT FOOD DECO'),
(41, '2003-11-14', 'Garlic'),
(42, '2001-03-12', 'Dry Blub Onions'),
(43, '2002-11-26', 'Bee Pollen'),
(44, '2009-03-30', 'LA VIE NICESKISES'),
(45, '2003-10-10', 'DOOR TYPE 2 WHITE SMALL'),
(46, '2003-01-31', 'SOUP CR CHICKEN'),
(47, '2004-09-03', 'Chasteberry Tea'),
(48, '2007-01-22', 'White Tomatoes'),
(49, '2013-09-21', 'SANITIZER PK SANISURE'),
(50, '2000-06-20', 'DOOR BROWN LARGE'),
(51, '2013-09-22', 'Eucamint'),
(52, '2007-11-18', 'Brussels Sprouts'),
(53, '2013-03-19', 'Lavender Oil'),
(54, '2010-07-05', 'Canning Tomatoes'),
(55, '2001-06-28', 'SNAPPER RED'),
(56, '2001-08-20', 'Corn'),
(57, '2008-03-05', 'TABLE BLUE XLARGE'),
(58, '2006-12-27', 'Snow Peas'),
(59, '2012-11-06', 'Gingko Plus 4'),
(60, '2000-01-26', 'BOX RED LARGE'),
(61, '2001-08-27', 'Flowers'),
(62, '2003-02-24', 'HEINZ TARRAGON VINEGAR'),
(63, '2006-07-01', 'APRICOT FILLED COOKIE'),
(64, '2005-06-06', 'Lavender Oil'),
(65, '2011-06-18', 'PEACHES SLICED'),
(66, '2012-09-09', 'Swiss Chard'),
(67, '2010-05-12', 'Salsify'),
(68, '2006-02-01', 'Peppermint Leaf'),
(69, '2013-03-12', 'Slicing Cucumbers'),
(70, '2007-08-13', 'GARLIC MIST AERO'),
(71, '2002-07-23', 'CHIP DISH SHELL'),
(72, '2008-04-11', 'Dandelion'),
(73, '2006-09-13', 'COFFEE FILTER NR2'),
(74, '2000-04-14', 'HOTTLE LID'),
(75, '2010-04-12', 'CHIP DISH SHELL'),
(76, '2003-09-06', 'GREEN LENTILS'),
(77, '2013-08-06', 'CANNOLI SHELLS'),
(78, '2009-01-25', 'PERRIER WATER'),
(79, '2010-03-22', 'Peppers'),
(80, '2012-11-17', 'Okra'),
(81, '2005-05-06', 'COOKIE W/NUTS CHOC/DIP'),
(82, '2004-01-22', 'Dong Quai'),
(83, '2005-05-07', 'Eucamint'),
(84, '2001-11-13', 'Garlic'),
(85, '2010-02-10', 'SNAPPER RED'),
(86, '2010-09-01', 'Milk Thistle'),
(87, '2001-05-25', 'FO-TI'),
(88, '2012-04-07', 'Goto Kola'),
(89, '2007-09-16', 'Emu Bath & Shower Gel'),
(90, '2008-04-12', 'COFFEE FILTER XLARGE'),
(91, '2008-08-16', 'Onions'),
(92, '2002-10-23', 'Herbal Detox Program'),
(93, '2003-04-20', 'Eucamint'),
(94, '2000-09-07', 'GREEN LENTILS'),
(95, '2013-01-21', 'Emu Body Lotion'),
(96, '2002-04-02', 'Cat''s Claw'),
(97, '2000-11-09', 'SOUP CR CHICKEN'),
(98, '2007-03-14', 'Acidophilus'),
(99, '2000-12-13', 'OLIVE MIST COATING'),
(100, '2001-06-07', 'Winter Squash'),
(101, '2001-11-07', 'VANILLA BUTTERNUT'),
(102, '2002-04-03', 'Lima Beans'),
(103, '2008-07-10', 'ELBOWS WHOLE WHEAT'),
(104, '2003-04-05', 'HAMBURG DILL CHIPS'),
(105, '2001-05-15', 'BINS WATERMELON'),
(106, '2012-11-30', 'BEVERAGE CUP'),
(107, '2001-08-15', 'TABLE WHITE SMALL'),
(108, '2010-05-28', 'Dreams Away Headache Cream'),
(109, '2009-03-16', 'Liquid Gold Styling Glaze'),
(110, '2004-06-02', 'BANQUET RL WHITE'),
(111, '2005-05-13', 'PUDDING VANILLA DEAN'),
(112, '2012-05-16', 'SOUP VEGETABLE'),
(113, '2013-01-13', 'TEA NESTEA'),
(114, '2001-03-30', 'Eucalyptus Oil'),
(115, '2003-07-23', 'Spinach'),
(116, '2013-04-07', 'Shell Peas'),
(117, '2009-09-21', 'SALSA RED PEPPER'),
(118, '2004-09-08', 'Emu Massage Cream'),
(119, '2003-07-26', 'Eucalyptus Oil'),
(120, '2013-05-22', 'JERKY BEEF TERIKAKI'),
(121, '2001-06-05', 'TABLE BROWN XLARGE'),
(122, '2009-01-06', 'Yohimbe'),
(123, '2010-05-18', 'Muskmelon/Cantaloupe'),
(124, '2013-11-01', 'OIL OLIVE X VIR APULIAN'),
(125, '2013-01-18', 'Softneck (Braidable) Garlic'),
(126, '2007-12-10', 'Grape Seed'),
(127, '2013-01-30', 'Snap Bush Beans'),
(128, '2000-06-17', 'Emu Massage Cream'),
(129, '2009-11-05', 'Sorghum'),
(130, '2001-09-08', 'Hardneck Garlic'),
(131, '2011-08-30', 'Peppermint Leaf'),
(132, '2008-09-26', 'TEA DECAF ENG BREAK'),
(133, '2002-02-03', 'Elephant Garlic'),
(134, '2001-04-24', 'Eucalyptus Oil'),
(135, '2000-07-26', 'Ground Cherries'),
(136, '2008-11-06', 'Dent Corn'),
(137, '2001-04-22', 'Flower Bulbs'),
(138, '2006-10-01', 'Sausalito Spice Tea'),
(139, '2010-07-23', 'Yellow Tomatoes'),
(140, '2003-01-25', 'FO-TI'),
(141, '2000-11-29', 'Coenzyme (CoQ-10)'),
(142, '2010-07-23', 'HEALTHY CHOICE PASTA'),
(143, '2009-09-21', 'TABLE BASE 4 PRONG'),
(144, '2007-03-27', 'STEEL SPONGE'),
(145, '2012-01-08', 'Beets'),
(146, '2006-01-09', 'Parsley'),
(147, '2011-03-21', 'Hair Glow'),
(148, '2008-09-15', 'PEPPERS RED DRY STRING'),
(149, '2012-11-18', 'BEEF JERKY ORIGINAL'),
(150, '2013-07-23', 'HAMBURG DILL CHIPS'),
(151, '2010-12-09', 'Package Deals'),
(152, '2012-05-20', 'Bilberry'),
(153, '2007-05-07', 'Dry Blub Onions'),
(154, '2013-10-13', 'PETRO GEL'),
(155, '2006-04-18', 'GATORADE LEMON LIME'),
(156, '2007-05-24', 'Emu Oil Flex-A-Cure'),
(157, '2010-12-03', 'Gingko Plus 4'),
(158, '2010-08-08', 'Noni Fruit'),
(159, '2012-05-20', 'OLIVES STFD QN STAR'),
(160, '2007-11-14', 'Cotton'),
(161, '2006-05-07', 'Chromium Picolinate'),
(162, '2000-11-13', 'Perennial Onions'),
(163, '2005-09-30', 'Salsify'),
(164, '2000-06-15', 'St. John''s Wort'),
(165, '2008-02-19', 'APPLE GRANNY SMITH'),
(166, '2004-05-05', 'Goto Kola'),
(167, '2005-01-30', 'Carrots'),
(168, '2007-10-06', 'GATORADE LEMON LIME'),
(169, '2012-11-24', 'BROWN WRAP'),
(170, '2000-03-22', 'Peas'),
(171, '2009-10-13', 'Noni Fruit'),
(172, '2002-09-16', 'Feverfew'),
(173, '2002-11-13', 'White Tomatoes'),
(174, '2007-08-27', 'Radishes'),
(175, '2005-08-18', 'Sunflowers'),
(176, '2008-08-20', 'Emu Body Lotion'),
(177, '2002-08-06', 'Leeks'),
(178, '2003-02-05', 'St. John''s Wort'),
(179, '2009-09-27', 'Gourds'),
(180, '2008-05-31', 'Glucosamine Sulfate'),
(181, '2007-06-28', 'Red Raspberry'),
(182, '2009-07-29', 'Gourds'),
(183, '2001-04-02', 'TABLE GREEN MEDIUM'),
(184, '2009-01-06', 'Gourds'),
(185, '2008-07-18', 'Hyssop Tea'),
(186, '2006-11-07', 'ELBOWS WHOLE WHEAT'),
(187, '2002-11-07', 'Japanese Green Tea'),
(188, '2011-02-18', 'Softneck (Braidable) Garlic'),
(189, '2010-04-17', 'VINEGAR RICE MARUKAN'),
(190, '2013-04-13', 'ROCK CNDY SWIZZLE'),
(191, '2003-07-19', 'Lima Beans'),
(192, '2001-10-16', 'GREEN SALAD BOWL'),
(193, '2011-10-06', 'Love Tea'),
(194, '2011-01-17', 'Summer Squash'),
(195, '2013-04-11', 'Shell Peas'),
(196, '2004-07-21', 'Chinese Cabbage'),
(197, '2006-08-10', 'PEAR HALVES'),
(198, '2000-06-22', 'Tea Tree Oil'),
(199, '2003-05-05', 'HAMBURG DILL CHIPS'),
(200, '2002-03-06', 'LA VIE NICESKISES'),
(201, '2002-06-27', 'Cabbage'),
(202, '2004-02-12', 'Tomatoes'),
(203, '2013-08-27', 'LA VIE NICESKISES'),
(204, '2010-07-28', 'Ornamental Wheat'),
(205, '2009-09-22', 'Yucca Root'),
(206, '2009-04-14', 'Sorghum'),
(207, '2007-03-08', 'Peppers'),
(208, '2009-03-10', 'BEANS BLACK'),
(209, '2001-05-15', 'Peppers'),
(210, '2003-11-05', 'Cat''s Claw'),
(211, '2003-09-02', 'Ginkgo Biloba'),
(212, '2004-08-09', 'Herbal Detox Program'),
(213, '2012-07-18', 'HAMBURG DILL CHIPS'),
(214, '2012-02-21', 'CUT OUT FOOD DECO'),
(215, '2004-12-22', 'VINEGAR RICE MARUKAN'),
(216, '2007-07-22', 'Perennial Onions'),
(217, '2010-06-02', 'Dreams Leave-In Protein'),
(218, '2006-02-21', 'Hybrid Sweet Corn'),
(219, '2012-01-06', 'COASTERS PPR'),
(220, '2010-10-24', 'Purple Tomatoes'),
(221, '2009-03-28', 'Everlasting Flowers'),
(222, '2012-11-14', 'Spinach'),
(223, '2007-08-26', 'Dent Corn'),
(224, '2009-10-29', 'DOOR TYPE 2 BROWN XLARGE'),
(225, '2002-04-13', 'ALMONDS RED COATED'),
(226, '2001-07-15', 'Aloe Vera'),
(227, '2005-03-31', 'Dreams Leave-In Protein'),
(228, '2010-01-28', 'TABLE BROWN MEDIUM'),
(229, '2002-07-29', 'SARDINES IN MUSTARD'),
(230, '2011-11-22', 'Spice Peppers'),
(231, '2010-06-28', 'Flowers'),
(232, '2001-04-02', 'Kohlrabi'),
(233, '2006-10-15', 'GARLIC MIST AERO'),
(234, '2007-08-25', 'Grapeseed Oil'),
(235, '2003-12-25', 'ELEPHANT GARLIC'),
(236, '2005-12-08', 'GATORADE LEMON LIME'),
(237, '2002-06-17', 'CANNOLI SHELLS'),
(238, '2012-08-31', 'Garlic'),
(239, '2007-08-27', 'Speciality Beans'),
(240, '2012-02-16', 'ELBOW MACARONI'),
(241, '2003-01-12', 'BAGS PRECUT'),
(242, '2004-12-16', 'Purple Tomatoes'),
(243, '2010-11-20', 'HEINZ TARRAGON VINEGAR'),
(244, '2012-11-23', 'Noni Fruit'),
(245, '2013-06-22', 'Carrots'),
(246, '2002-06-28', 'GATORADE FRUIT PUNCH'),
(247, '2012-12-15', 'Snap Peas'),
(248, '2000-11-12', 'BROWN WRAP'),
(249, '2009-09-10', 'SALMON WHOLE'),
(250, '2010-07-09', 'Coenzyme (CoQ-10)'),
(251, '2002-11-29', 'Bright Eye Blend'),
(252, '2003-03-28', 'TABLECOVER CLOSEOUT'),
(253, '2009-07-24', 'Bi-Color Tomatoes'),
(254, '2011-09-22', 'HAMBURG DILL CHIPS'),
(255, '2003-02-05', 'Peas'),
(256, '2006-01-19', 'Blue-Green Algae'),
(257, '2012-03-07', 'PETRO GEL'),
(258, '2012-12-29', 'TOPPING KRUNCH KOTE'),
(259, '2008-11-20', 'VANILLA BUTTERNUT'),
(260, '2004-11-30', 'BLUE SALAD BOWL'),
(261, '2012-10-12', 'BROWN WRAP'),
(262, '2013-01-01', 'Evening Primrose Oil'),
(263, '2003-07-08', 'Ground Cherries'),
(264, '2002-05-11', 'TACO SEASONING MIX'),
(265, '2008-09-07', 'Bunching Onions'),
(266, '2004-10-19', 'Shark Cartilage'),
(267, '2008-11-01', 'BEANS BLACK'),
(268, '2001-12-21', 'SLICE ORANGE POST MIX'),
(269, '2012-04-29', 'Gingko Plus 4'),
(270, '2006-01-20', 'Parsley'),
(271, '2003-06-16', 'TABLECOVER CLOSEOUT'),
(272, '2000-09-02', 'PERRIER WATER'),
(273, '2008-05-07', 'Softneck (Braidable) Garlic'),
(274, '2009-09-03', 'Premier Bath Pak'),
(275, '2003-02-05', 'Emu Oil Body Cooler'),
(276, '2006-02-01', 'BEVNAPS ROYAL BLUE'),
(277, '2006-05-23', 'Emu Oil Flex-A-Cure'),
(278, '2005-04-03', 'SHARK LOIN MAKO'),
(279, '2004-05-08', 'Supplies'),
(280, '2005-07-18', 'Storage Tomatoes'),
(281, '2000-12-30', 'TABLE BASE 4 PRONG'),
(282, '2002-01-04', 'Brussels Sprouts'),
(283, '2002-07-22', 'Mustard'),
(284, '2008-08-09', 'PEPPERS RED DRY STRING'),
(285, '2012-08-21', 'CLAMS MINCED GORTON'),
(286, '2000-03-19', 'Clove Oil'),
(287, '2007-02-11', 'Softneck (Braidable) Garlic'),
(288, '2010-04-01', 'COFFEE FILTER NR4'),
(289, '2000-07-07', 'SAUCE MARINARA CUPS'),
(290, '2008-11-27', 'Liquid Gold Styling Glaze'),
(291, '2012-04-18', 'MANDARIN ORANGES'),
(292, '2000-04-08', 'Dent Corn'),
(293, '2009-12-27', 'BUTCHER PAPER WHITE'),
(294, '2012-02-12', 'Cabbage'),
(295, '2007-04-16', 'Beets'),
(296, '2004-12-17', 'Liquid Luster Shampoo'),
(297, '2010-05-21', 'LINER CAKE'),
(298, '2009-03-23', 'RAISIN COOKIE FILLED'),
(299, '2011-07-20', 'Almond Oil'),
(300, '2007-07-20', 'Sorghum'),
(301, '2009-04-09', 'Currant Tomatoes'),
(302, '2003-11-17', 'DOOR TYPE 2 RED LARGE'),
(303, '2007-11-21', 'Snow Peas'),
(304, '2007-03-25', 'KNIFE SAFTEY COVER'),
(305, '2010-02-27', 'COASTERS PPR'),
(306, '2002-05-09', 'HAM HOCKS'),
(307, '2009-03-26', 'Yucca Root'),
(308, '2009-09-01', 'Kohlrabi'),
(309, '2011-09-26', 'Glucosamine Sulfate'),
(310, '2013-04-25', 'PEAR HALVES LT.SYRUP'),
(311, '2005-03-22', 'Aloe Vera'),
(312, '2001-10-13', 'Milk Thistle'),
(313, '2012-12-09', 'Lavender Oil'),
(314, '2004-10-29', 'Sunflowers'),
(315, '2006-06-25', 'METAL SIDE CHAIR BLACK'),
(316, '2013-03-11', 'PEAR HALVES'),
(317, '2009-09-28', 'BINS WATERMELON'),
(318, '2004-09-30', 'Pycnogenol'),
(319, '2005-05-25', 'SOUP VEGETABLE'),
(320, '2010-11-24', 'Devils Claw'),
(321, '2012-03-02', 'Posters'),
(322, '2007-03-21', 'Emu Bath & Shower Gel'),
(323, '2006-11-30', 'Pop Corn'),
(324, '2001-10-19', 'JERKY BEEF PEPPERED'),
(325, '2010-12-24', 'SOUP CR CHICKEN'),
(326, '2000-08-09', 'SARDINES IN MUSTARD'),
(327, '2007-11-01', 'Parsley'),
(328, '2006-12-26', 'SKEWERS WOODEN'),
(329, '2004-07-02', 'Softneck (Braidable) Garlic'),
(330, '2006-10-14', 'Hyssop Tea'),
(331, '2008-05-29', 'STEEL SPONGE'),
(332, '2005-07-05', 'CANNOLI SHELLS'),
(333, '2001-12-11', 'OLIVES STFD QN STAR'),
(334, '2006-02-22', 'BAG PASTRY'),
(335, '2000-05-13', 'Emu Oil Body Cooler'),
(336, '2001-02-15', 'HAMBURG DILL CHIPS'),
(337, '2003-02-18', 'PEAR HALVES'),
(338, '2013-07-05', 'Chickweed'),
(339, '2001-03-03', 'Perennial Onions'),
(340, '2002-09-20', 'BAGS TWIN PACK'),
(341, '2010-07-15', 'Open-Pollinated Sweet Corn'),
(342, '2011-11-11', 'TACO SEASONING MIX'),
(343, '2008-12-06', 'SOUP VEGETABLE'),
(344, '2002-01-24', 'MOUNTAIN DEW PRE-MIX'),
(345, '2003-10-09', 'Garlic'),
(346, '2009-01-31', 'TOBBLER MILK CHOC MED BAR'),
(347, '2003-06-29', 'Emu Massage Cream'),
(348, '2004-10-31', 'Garlic'),
(349, '2002-03-26', 'DOOR ORANGE XLARGE'),
(350, '2006-01-22', 'Supplies'),
(351, '2004-05-23', 'SNAPPER RED'),
(352, '2000-06-10', 'FUEL HANDY GEL'),
(353, '2006-08-28', 'Hyssop Tea'),
(354, '2008-11-08', 'SPAGHETTI WHOLE WHEAT'),
(355, '2001-09-06', 'Flowers'),
(356, '2009-01-21', 'Storage Tomatoes'),
(357, '2001-08-16', 'KODAK CAMERA'),
(358, '2001-06-27', 'Broccoli'),
(359, '2011-08-20', 'TOBBLER MILK CHOC MED BAR'),
(360, '2009-01-25', 'ANCHOVY FILLETS IN OIL'),
(361, '2008-06-02', 'GRID CLAMP'),
(362, '2012-10-17', 'PEAR HALVES'),
(363, '2013-11-06', 'Apple Cider Vinegar'),
(364, '2006-05-28', 'Chinese Cabbage'),
(365, '2002-02-16', 'SALMON WHOLE'),
(366, '2008-03-17', 'Salsify'),
(367, '2010-08-16', 'BAG POLY FOR POTATOES'),
(368, '2010-12-31', 'Clove Oil'),
(369, '2004-06-06', 'Peppermint Oil'),
(370, '2008-03-13', 'Dry Blub Onions'),
(371, '2011-04-23', 'Okra'),
(372, '2000-05-20', 'WHITE SALAD BOWL'),
(373, '2001-08-02', 'SOUP VEGETABLE'),
(374, '2012-07-23', 'DRIED MUSHROOMS'),
(375, '2010-01-20', 'SOUP VEGETABLE'),
(376, '2002-04-27', 'Sorghum'),
(377, '2012-07-05', 'Japanese Green Tea'),
(378, '2006-07-23', 'Almond Oil'),
(379, '2006-02-21', 'Licorice Root'),
(380, '2010-02-04', 'LA VIE NICESKISES'),
(381, '2010-12-18', 'Emu Oil Body Cooler'),
(382, '2002-01-24', 'Blue-Green Algae'),
(383, '2009-11-27', 'TOOTSIE POPS'),
(384, '2005-09-16', 'Hybrid Sweet Corn'),
(385, '2006-04-04', 'RIGATONI MEZZI'),
(386, '2009-04-26', 'Turnips'),
(387, '2004-02-12', 'Pumpkins'),
(388, '2003-06-25', 'TEA NESTEA'),
(389, '2000-03-21', 'Red Raspberry'),
(390, '2012-05-12', 'JUICE GRAPEFRUIT'),
(391, '2009-02-22', 'BELLS WEDDING CREPE'),
(392, '2010-02-26', 'Shell Peas'),
(393, '2007-10-28', 'OLIVES STFD QN STAR'),
(394, '2008-03-25', 'ROCK CNDY SWIZZLE'),
(395, '2009-11-04', 'OLIVES STFD QN STAR'),
(396, '2001-09-14', 'Gourds'),
(397, '2008-11-27', 'Small Fruited/Cherry Tomatoes'),
(398, '2012-02-09', 'Sorghum'),
(399, '2008-11-19', 'Blue-Green Algae'),
(400, '2005-09-02', 'Gourds'),
(401, '2012-06-08', 'Cayenne Plus'),
(402, '2000-07-15', 'Emu Body Lotion'),
(403, '2011-03-12', 'OIL OLIVE X VIR APULIAN'),
(404, '2009-12-10', 'Squash'),
(405, '2009-12-17', 'Tea Tree Oil'),
(406, '2002-01-19', 'Bright Eye Blend'),
(407, '2009-04-09', 'Ornamental Wheat'),
(408, '2004-12-17', 'Broccoli'),
(409, '2013-09-14', 'OLIVES STFD QN STAR'),
(410, '2000-04-13', 'Rutabaga'),
(411, '2011-03-20', 'Garlic'),
(412, '2005-11-27', 'BAG POLY FOR POTATOES'),
(413, '2011-10-09', 'BAG PASTRY'),
(414, '2012-05-16', 'BAGS PRECUT'),
(415, '2013-11-03', 'Liquid Luster Shampoo'),
(416, '2012-11-24', 'Pink Tomatoes'),
(417, '2007-12-21', 'Chasteberry Tea'),
(418, '2007-10-15', 'WATER DASANI BTL'),
(419, '2004-07-22', 'ELEPHANT GARLIC'),
(420, '2007-01-06', 'SARDINES HOT SCE'),
(421, '2006-09-14', 'DRIED MUSHROOMS'),
(422, '2002-05-31', 'LINER CAKE'),
(423, '2005-12-24', 'Elephant Garlic'),
(424, '2009-12-11', 'Elephant Garlic'),
(425, '2012-08-23', 'TOBBLER MILK CHOC MED BAR'),
(426, '2007-01-12', 'PEPPERS RED DRY STRING'),
(427, '2009-10-12', 'Cayenne Plus'),
(428, '2011-12-12', 'Cayenne'),
(429, '2003-05-27', 'Super Herb Diet Formula'),
(430, '2011-07-17', 'JUICE GRAPEFRUIT'),
(431, '2009-02-05', 'Snow Peas'),
(432, '2005-05-10', 'Snow Peas'),
(433, '2000-10-05', 'Hawthorn Berry'),
(434, '2004-11-28', 'Bee Pollen'),
(435, '2003-11-27', 'Lemon Oil'),
(436, '2011-12-21', 'Cinnamon Oil'),
(437, '2003-03-16', 'LINER HVY 22X14X58 BLACK'),
(438, '2003-01-15', 'Broccoli'),
(439, '2007-04-04', 'ORANGES MANDARIN'),
(440, '2006-08-29', 'TABLECOVER CLOSEOUT'),
(441, '2003-01-21', 'Pumpkins'),
(442, '2000-09-09', 'TEA DECAF APRICOT'),
(443, '2010-07-12', 'ORANGES MANDARIN'),
(444, '2002-04-21', 'Perennial Onions'),
(445, '2004-07-08', 'Emu Oil Body Cooler'),
(446, '2001-01-19', 'HAMBURG DILL CHIPS'),
(447, '2005-05-12', 'RAISIN COOKIE FILLED'),
(448, '2003-01-29', 'Herbal Detox Program'),
(449, '2000-09-01', 'OLIVES STFD QN STAR'),
(450, '2011-04-28', 'Chamomile Tea'),
(451, '2006-06-25', 'ELBOWS WHOLE WHEAT'),
(452, '2007-05-24', 'Cat''s Claw'),
(453, '2007-03-12', 'Tomatoes'),
(454, '2004-03-19', 'Perennial Onions'),
(455, '2005-08-08', 'Brussels Sprouts'),
(456, '2004-10-14', 'Everlasting Flowers'),
(457, '2013-03-26', 'BAMBOO SKEWERS'),
(458, '2012-12-26', 'GATORADE ORANGE'),
(459, '2009-12-08', 'SAUCE MARINARA CUPS'),
(460, '2008-07-11', 'TOPPING KRUNCH KOTE'),
(461, '2002-11-26', 'COFFEE FILTER NR3'),
(462, '2010-12-17', 'WATER DASANI BTL'),
(463, '2011-10-25', 'TABLE BASE 4 PRONG'),
(464, '2012-05-16', 'COOKIE W/NUTS CHOC/DIP'),
(465, '2005-07-25', 'Spice Peppers'),
(466, '2008-04-10', 'SNAPPER RED'),
(467, '2001-01-08', 'TABLECOVER CLOSEOUT'),
(468, '2010-12-27', 'Yucca Root'),
(469, '2007-06-09', 'JUICE GRAPEFRUIT'),
(470, '2002-12-13', 'Salsify'),
(471, '2005-12-09', 'Salsify'),
(472, '2000-04-11', 'Parsnips'),
(473, '2003-08-24', 'Saw Palmetto'),
(474, '2009-08-04', 'Peppermint Leaf'),
(475, '2009-12-06', 'Aloe Vera'),
(476, '2013-07-13', 'Sweet Bell Peppers'),
(477, '2009-03-27', 'Books'),
(478, '2012-03-21', 'Cabbage'),
(479, '2008-03-12', 'TACO SEASONING MIX'),
(480, '2011-11-08', 'SALMON WHOLE'),
(481, '2001-04-27', 'TABLE GREEN MEDIUM'),
(482, '2012-01-19', 'Shark Cartilage'),
(483, '2013-06-28', 'My Helping Heart'),
(484, '2004-01-29', 'AIRCO BROWN SMALL'),
(485, '2002-12-12', 'Cayenne Plus'),
(486, '2003-04-04', 'Posters'),
(487, '2013-02-16', 'LINER HVY 22X14X58 BLACK'),
(488, '2007-12-21', 'Broccoli'),
(489, '2009-02-03', 'SARDINES ITALIAN'),
(490, '2010-05-04', 'TABLECOVER CLOSEOUT'),
(491, '2008-06-03', 'Coenzyme (CoQ-10)'),
(492, '2011-08-11', 'SNAPPER RED'),
(493, '2008-05-26', 'ELBOW MACARONI'),
(494, '2007-04-23', 'SAUCE MARINARA CUPS'),
(495, '2003-02-02', 'Eggplant'),
(496, '2009-09-28', 'BROWN WRAP'),
(497, '2006-11-09', 'JERKY BEEF TERIKAKI'),
(498, '2005-10-27', 'ELEPHANT GARLIC'),
(499, '2002-06-24', 'Hot Peppers'),
(500, '2007-08-03', 'Lima Beans'),
(501, '2000-10-01', 'Cabbage'),
(502, '2007-02-25', 'Muscle Magic with Emu Oil'),
(503, '2011-03-17', 'Kava Kava'),
(504, '2000-04-22', 'TOOTSIE POPS'),
(505, '2006-02-16', 'HAMBURG DILL CHIPS'),
(506, '2009-03-16', 'GRIDDLE POLISH PAD'),
(507, '2005-06-16', 'COOKIE W/NUTS CHOC/DIP'),
(508, '2010-02-19', 'Corn'),
(509, '2008-11-19', 'Healthy Heart'),
(510, '2010-11-22', 'Currant Tomatoes'),
(511, '2007-05-24', 'Emu Oil Flex-A-Cure'),
(512, '2009-03-11', 'PEACHES SLICED'),
(513, '2002-12-14', 'Almond Oil'),
(514, '2013-12-01', 'BAGS FOODSAVER 6-PACK'),
(515, '2010-05-15', 'Cat''s Claw'),
(516, '2007-03-04', 'Coenzyme Q-10'),
(517, '2004-12-09', 'BAG COTTON CANDY PRINTED  CLOWN'),
(518, '2007-12-16', 'BINS WATERMELON'),
(519, '2006-03-23', 'BINS WATERMELON'),
(520, '2010-10-27', 'Cat''s Claw'),
(521, '2003-05-10', 'Eggplant'),
(522, '2009-02-01', 'ELBOWS WHOLE WHEAT'),
(523, '2002-12-23', 'ALMONDS RED COATED'),
(524, '2008-09-10', 'Herbal Detox Program'),
(525, '2009-11-13', 'HAM HOCKS'),
(526, '2011-10-30', 'SALSA RED PEPPER'),
(527, '2005-01-01', 'Almond Oil'),
(528, '2009-02-13', 'BAGS PRECUT'),
(529, '2003-04-19', 'DESSERT SLEEVES RED'),
(530, '2003-12-14', 'Parsnips'),
(531, '2001-02-13', 'HEALTHY CHOICE PASTA'),
(532, '2003-05-15', 'Sausalito Spice Tea'),
(533, '2008-07-07', 'SNAPPER RED'),
(534, '2002-08-10', 'OLIVES STFD QN STAR'),
(535, '2008-01-18', 'Yellow Tomatoes'),
(536, '2008-09-13', 'Bunching Onions'),
(537, '2007-10-18', 'LED BLUE MEDIUM'),
(538, '2003-05-13', 'Okra'),
(539, '2002-02-08', 'Yohimbe'),
(540, '2009-11-23', 'Coenzyme (CoQ-10)'),
(541, '2006-10-02', 'KNIFE SAFTEY COVER'),
(542, '2010-01-16', 'Squash'),
(543, '2004-10-04', 'Chickweed'),
(544, '2009-05-19', 'Hardneck Garlic'),
(545, '2010-10-22', 'COFFEE FILTER NR4'),
(546, '2010-10-11', 'Liquid Gold Styling Glaze'),
(547, '2000-09-30', 'Ginkgo Biloba'),
(548, '2001-04-30', 'ORANGES MANDARIN'),
(549, '2009-08-06', 'Dreams Away Headache Cream'),
(550, '2011-11-04', 'ALMONDS RED COATED'),
(551, '2006-11-29', 'Eucalyptus Oil'),
(552, '2004-11-27', 'My Helping Heart'),
(553, '2005-03-09', 'Metabo Right'),
(554, '2006-12-02', 'BELLS WEDDING CREPE'),
(555, '2008-11-12', 'OLIVES STFD QN STAR'),
(556, '2009-10-18', 'SOUP CR CHICKEN'),
(557, '2001-05-18', 'Pumpkins'),
(558, '2008-12-13', 'GRIDDLE POLISH PAD'),
(559, '2003-07-26', 'COATING CANDY APPLE'),
(560, '2003-04-04', 'Spinach'),
(561, '2003-01-24', 'TEA GREEN BAGS BOX'),
(562, '2009-08-09', 'Ginseng'),
(563, '2004-05-08', 'Muskmelon/Cantaloupe'),
(564, '2008-07-09', 'Ginger Root'),
(565, '2006-01-09', 'ANCHOVY FILLETS IN OIL'),
(566, '2005-12-02', 'Summer Squash'),
(567, '2008-06-22', 'Citrin'),
(568, '2008-12-18', 'DOOR BROWN MEDIUM'),
(569, '2008-06-29', 'Dent Corn'),
(570, '2011-08-05', 'Hyssop Tea'),
(571, '2005-02-22', 'Southern/Cow Peas'),
(572, '2008-07-02', 'COFFEE FILTER NR4'),
(573, '2010-10-18', 'Peppermint Leaf'),
(574, '2011-01-10', 'FONDANT'),
(575, '2011-08-28', 'Dent Corn'),
(576, '2001-09-24', 'HEALTHY CHOICE PASTA'),
(577, '2013-05-30', 'Blue-Green Algae'),
(578, '2002-01-03', 'Onions'),
(579, '2012-06-14', 'HEALTHY CHOICE PASTA'),
(580, '2004-06-09', 'Books'),
(581, '2005-11-17', 'SKEWERS WOODEN'),
(582, '2006-06-06', 'ARTICHOKE HEARTS'),
(583, '2009-02-11', 'TABLE RED XLARGE'),
(584, '2005-04-04', 'Pop Corn'),
(585, '2001-05-03', 'Hawthorn Berry'),
(586, '2004-04-07', 'SKEWERS WOODEN'),
(587, '2005-08-10', 'Tomatoes'),
(588, '2013-02-25', 'Softneck (Braidable) Garlic'),
(589, '2001-04-08', 'Spice Peppers'),
(590, '2001-05-27', 'GATORADE FRUIT PUNCH'),
(591, '2000-01-08', 'Sunflowers'),
(592, '2001-12-29', 'Glucosamine Sulfate'),
(593, '2000-08-12', 'Parsley'),
(594, '2005-08-04', 'Herbal Tea Basket'),
(595, '2012-08-16', 'ORANGES MANDARIN'),
(596, '2000-12-20', 'FEATHER DUSTER OSTRICH'),
(597, '2004-08-04', 'GATORADE FRUIT PUNCH'),
(598, '2008-06-13', 'TOPPING KRUNCH KOTE'),
(599, '2001-11-03', 'TABLE BROWN SMALL'),
(600, '2011-12-20', 'HEINZ TARRAGON VINEGAR'),
(601, '2012-02-25', 'BAG COTTON CANDY PRINTED  CLOWN'),
(602, '2009-07-16', 'Red Raspberry'),
(603, '2011-10-16', 'Pumpkins'),
(604, '2007-03-11', 'Southern/Cow Peas'),
(605, '2004-01-07', 'MANDARIN ORANGES'),
(606, '2005-07-04', 'MEZZI RIGATONI'),
(607, '2007-03-11', 'Parsnips'),
(608, '2002-01-09', 'TOPPING KRUNCH KOTE'),
(609, '2006-06-16', 'BEVNAPS ROYAL BLUE'),
(610, '2008-12-02', 'LINER CAKE'),
(611, '2012-08-26', 'Gourd Seed Corn'),
(612, '2003-02-12', 'GRID CLAMP'),
(613, '2005-04-30', 'COFFEE FILTER XLARGE'),
(614, '2009-09-30', 'Elephant Garlic'),
(615, '2004-06-15', 'Shark Cartilage'),
(616, '2006-10-28', 'PEPSI PRE-MIX'),
(617, '2002-03-26', 'Dreams Leave-In Protein'),
(618, '2012-07-16', 'Peppermint Leaf'),
(619, '2006-07-31', 'BEVERAGE CUP'),
(620, '2008-03-07', 'BAMBOO SKEWERS'),
(621, '2004-07-04', 'Purple Tomatoes'),
(622, '2009-03-14', 'Open-Pollinated Sweet Corn'),
(623, '2006-02-20', 'Kale'),
(624, '2000-04-08', 'Muscle Magic with Emu Oil'),
(625, '2012-08-11', 'Lavender Oil'),
(626, '2011-12-07', 'Cayenne Plus'),
(627, '2005-09-19', 'BEEF JERKY ORIGINAL'),
(628, '2005-11-11', 'Winter Squash'),
(629, '2004-11-22', 'BEVERAGE CUP'),
(630, '2006-10-27', 'BEANS BLACK'),
(631, '2003-05-14', 'Okra'),
(632, '2001-10-17', 'Japanese Green Tea'),
(633, '2003-06-21', 'TABLE BLACK SMALL'),
(634, '2004-02-22', 'Spice Basket'),
(635, '2006-07-27', 'PEAR HALVES'),
(636, '2008-07-31', 'Muskmelon/Cantaloupe'),
(637, '2004-06-01', 'Package Deals'),
(638, '2000-12-09', 'Squash'),
(639, '2006-09-17', 'COOKING WINE RED BURGUNDY'),
(640, '2005-07-06', 'White Tomatoes'),
(641, '2000-06-03', 'SNAPPER RED'),
(642, '2012-11-26', 'CUT OUT FOOD DECO'),
(643, '2010-04-02', 'Noni Fruit'),
(644, '2006-03-03', 'Garlic'),
(645, '2012-04-29', 'Dreams Leave-In Protein'),
(646, '2001-07-21', 'Spinach'),
(647, '2010-05-30', 'OLIVE MIST COATING'),
(648, '2006-04-08', 'TOBBLER MILK CHOC MED BAR'),
(649, '2011-06-08', 'LINER HVY 22X14X58 BLACK'),
(650, '2008-10-15', 'DRIED MUSHROOMS'),
(651, '2003-07-06', 'SAUCE MARINARA CUPS'),
(652, '2008-09-27', 'Cayenne'),
(653, '2001-03-01', 'PETRO GEL'),
(654, '2013-06-03', 'Pumpkins'),
(655, '2002-10-01', 'Package Deals'),
(656, '2001-02-08', 'Spinach'),
(657, '2001-08-07', 'Tomatoes'),
(658, '2008-05-30', 'LINER HVY 22X14X58 BLACK'),
(659, '2000-06-29', 'DHEA'),
(660, '2013-12-04', 'TEA NESTEA'),
(661, '2010-06-29', 'ANCHOVY FILLETS IN OIL'),
(662, '2005-08-30', 'Chamomile Tea'),
(663, '2004-09-21', 'TOBBLER MILK CHOC MED BAR'),
(664, '2009-03-06', 'Currant Tomatoes'),
(665, '2010-06-20', 'Metabo Right'),
(666, '2010-05-09', 'Clove Oil'),
(667, '2010-01-25', 'SOUP CR CHICKEN'),
(668, '2003-04-14', 'Corn'),
(669, '2008-07-15', 'ROCK CNDY SWIZZLE'),
(670, '2006-07-17', 'Spinach'),
(671, '2001-02-03', 'PHILIPS RADIO TYPBLK5'),
(672, '2011-12-21', 'Southern/Cow Peas'),
(673, '2013-10-08', 'Chickweed'),
(674, '2000-12-03', 'SAUCE MARINARA CUPS'),
(675, '2005-02-18', 'BAGS FOODSAVER 6-PACK'),
(676, '2012-12-06', 'Blue-Green Algae'),
(677, '2008-12-09', 'Almond Oil'),
(678, '2002-06-21', 'Flower Bulbs'),
(679, '2005-11-14', 'MAP BLUE MEDIUM'),
(680, '2003-11-17', 'HEINZ TARRAGON VINEGAR'),
(681, '2010-08-01', 'TOOTSIE POPS'),
(682, '2013-09-09', 'Red Raspberry'),
(683, '2006-05-09', 'Parsnips'),
(684, '2009-08-04', 'KNIFE SAFTEY COVER'),
(685, '2005-01-24', 'Cucumbers'),
(686, '2002-01-27', 'BINS WATERMELON'),
(687, '2013-11-25', 'Snap Bush Beans'),
(688, '2006-10-01', 'Tomatoes'),
(689, '2009-10-24', 'Spice Peppers'),
(690, '2005-01-26', 'COFFEE FILTER LARGE'),
(691, '2005-09-13', 'Almond Oil'),
(692, '2005-03-05', 'ALMONDS RED COATED'),
(693, '2002-08-29', 'DRIED MUSHROOMS'),
(694, '2002-07-13', 'Shell Peas'),
(695, '2006-07-24', 'DRIED MUSHROOMS'),
(696, '2006-04-05', 'OIL OLIVE X VIR APULIAN'),
(697, '2011-06-08', 'SANITIZER PK SANISURE'),
(698, '2007-07-14', 'Cotton'),
(699, '2009-03-07', 'Carrots'),
(700, '2007-02-20', 'Elephant Garlic'),
(701, '2004-12-13', 'Bee Pollen'),
(702, '2013-06-08', 'Emu Bath & Shower Gel'),
(703, '2006-11-30', 'TEA DECAF APRICOT'),
(704, '2009-03-24', 'Celery'),
(705, '2004-09-12', 'Cinnamon Spice'),
(706, '2001-02-04', 'Ground Cherries'),
(707, '2009-12-02', 'Softneck (Braidable) Garlic'),
(708, '2003-03-14', 'BINS WATERMELON'),
(709, '2012-06-20', 'Evening Primrose Oil'),
(710, '2006-04-11', 'St. John''s Wort'),
(711, '2002-11-20', 'Hybrid Sweet Corn'),
(712, '2000-03-10', 'COFFEE FILTER NR2'),
(713, '2005-02-15', 'RIGATONI MEZZI'),
(714, '2009-12-31', 'Gourd Seed Corn'),
(715, '2011-10-19', 'Cabbage'),
(716, '2011-07-24', 'WATER DASANI BTL'),
(717, '2010-07-21', 'BAMBOO SKEWERS'),
(718, '2000-09-12', 'Healthy Heart'),
(719, '2000-07-30', 'BAGS FOODSAVER 6-PACK'),
(720, '2005-01-29', 'Spice Basket'),
(721, '2013-06-14', 'Mustard'),
(722, '2012-11-13', 'SWEETENER NATRA TASTE'),
(723, '2002-06-01', 'COATING CANDY APPLE'),
(724, '2005-01-16', 'Ginger Root'),
(725, '2012-01-30', 'Healthy Heart'),
(726, '2002-07-26', 'Liquid Luster Shampoo'),
(727, '2011-03-04', 'Dreams Leave-In Protein'),
(728, '2001-05-17', 'COFFEE FILTER XLARGE'),
(729, '2002-07-30', 'Goto Kola'),
(730, '2006-05-25', 'BISCOTTI VARIETY 4PK'),
(731, '2009-10-09', 'VINEGAR RICE MARUKAN'),
(732, '2002-08-22', 'Celery'),
(733, '2002-07-13', 'BELLS WEDDING CREPE'),
(734, '2011-10-25', 'Purple Tomatoes'),
(735, '2009-12-06', 'Muskmelon/Cantaloupe'),
(736, '2009-09-07', 'Salsify'),
(737, '2002-03-04', 'Ginseng'),
(738, '2013-03-02', 'Tomatoes'),
(739, '2005-06-22', 'LINER HVY 22X14X58 BLACK'),
(740, '2007-08-11', 'BAGS TWIN PACK'),
(741, '2010-08-15', 'Turnips'),
(742, '2002-05-20', 'TABLE BROWN XLARGE'),
(743, '2013-06-16', 'Rosemary'),
(744, '2003-07-14', 'Red Tomatoes'),
(745, '2013-11-07', 'BISCOTTI VARIETY 4PK'),
(746, '2006-10-31', 'SANITIZER PK SANISURE'),
(747, '2008-05-26', 'BAG COTTON CANDY PRINTED  CLOWN'),
(748, '2000-03-03', 'GREEN LENTILS'),
(749, '2008-01-07', 'DESSERT SLEEVES BLUE'),
(750, '2006-10-13', 'DESSERT SLEEVES BLACK'),
(751, '2008-06-23', 'COFFEE FILTER NR2'),
(752, '2002-07-18', 'SLICE ORANGE POST MIX'),
(753, '2007-02-11', 'Flowers'),
(754, '2009-05-20', 'Evening Primrose Oil'),
(755, '2008-01-14', 'Liquid Luster Shampoo'),
(756, '2001-03-11', 'RIGATONI MEZZI'),
(757, '2005-10-24', 'Cauliflower'),
(758, '2008-12-18', 'STEEL SPONGE'),
(759, '2012-06-17', 'JERKY BEEF PEPPERED'),
(760, '2006-03-13', 'PEACHES SLICED'),
(761, '2010-04-09', 'Parsley'),
(762, '2003-08-15', 'Dreams Leave-In Protein'),
(763, '2006-08-26', 'OIL OLIVE X VIR APULIAN'),
(764, '2004-11-30', 'SKEWERS WOODEN'),
(765, '2013-04-17', 'BEVERAGE CUP'),
(766, '2010-03-18', 'BAMBOO SKEWERS'),
(767, '2012-08-07', 'Lavender Oil'),
(768, '2006-08-03', 'Acidophilus'),
(769, '2005-11-21', 'OLIVES STFD W/ANCHOVIE'),
(770, '2013-10-31', 'Red Raspberry'),
(771, '2003-12-17', 'GATORADE LEMON LIME'),
(772, '2005-12-04', 'SAUCE MARINARA CUPS'),
(773, '2005-08-19', 'Red Tomatoes'),
(774, '2006-11-20', 'SNAPPER RED'),
(775, '2013-05-02', 'Celery'),
(776, '2006-12-06', 'Onions'),
(777, '2012-08-21', 'Bi-Color Tomatoes'),
(778, '2004-08-02', 'Noni Fruit'),
(779, '2013-09-15', 'Glucosamine Sulfate'),
(780, '2009-02-26', 'Cayenne'),
(781, '2004-10-20', 'Dreams Away Headache Cream'),
(782, '2009-01-02', 'Posters'),
(783, '2006-07-14', 'COOKIE W/NUTS CHOC/DIP'),
(784, '2012-05-06', 'Shark Cartilage'),
(785, '2000-03-09', 'Collards'),
(786, '2005-05-26', 'Summer Squash'),
(787, '2009-08-01', 'Almond Oil'),
(788, '2011-06-04', 'Metabo Right'),
(789, '2005-02-23', 'Metabo Right'),
(790, '2004-09-30', 'Peas'),
(791, '2000-04-06', 'JERKY BEEF TERIKAKI'),
(792, '2009-10-29', 'Parsnips'),
(793, '2001-09-21', 'LINER CAKE'),
(794, '2006-12-06', 'Yucca Root'),
(795, '2009-11-02', 'SARDINES HOT SCE'),
(796, '2009-04-17', 'Shark Cartilage'),
(797, '2002-03-02', 'JUICE LEMON 4GR'),
(798, '2010-02-23', 'COASTERS PPR'),
(799, '2005-09-19', 'BEEF JERKY ORIGINAL'),
(800, '2003-12-26', 'Tomatillos'),
(801, '2003-03-10', 'Broccoli'),
(802, '2010-09-13', 'Cinnamon Oil'),
(803, '2008-05-10', 'Kohlrabi'),
(804, '2006-12-01', 'Emu Oil Flex-A-Cure'),
(805, '2007-05-06', 'KNIFE SAFTEY COVER'),
(806, '2007-03-11', 'TABLECOVER CLOSEOUT'),
(807, '2010-03-03', 'CHERRIES  BRANDY/BOOT'),
(808, '2010-12-10', 'St. John''s Wort'),
(809, '2013-12-03', 'TABLE WHITE XLARGE'),
(810, '2011-12-02', 'Yucca Root'),
(811, '2009-01-14', 'Dry Blub Onions'),
(812, '2008-12-11', 'Kava Kava'),
(813, '2012-12-10', 'SOUP CR CHICKEN'),
(814, '2008-04-13', 'FEATHER DUSTER OSTRICH'),
(815, '2000-06-02', 'RAISIN COOKIE FILLED'),
(816, '2000-10-10', 'COFFEE FILTER LARGE'),
(817, '2009-01-10', 'Ginseng'),
(818, '2009-10-10', 'BUTCHER PAPER WHITE'),
(819, '2002-05-02', 'Tomatoes'),
(820, '2005-11-23', 'Cotton'),
(821, '2009-05-06', 'RAISIN COOKIE FILLED'),
(822, '2011-09-06', 'WATER DASANI BTL'),
(823, '2008-09-04', 'Beets'),
(824, '2005-08-09', 'BAG POLY FOR POTATOES'),
(825, '2005-12-18', 'JUICE GRAPEFRUIT'),
(826, '2005-12-16', 'VANILLA BUTTERNUT'),
(827, '2002-12-27', 'Spice Basket'),
(828, '2006-10-22', 'Eucamint'),
(829, '2006-12-27', 'Kale'),
(830, '2000-01-24', 'TEA DECAF ENG BREAK'),
(831, '2008-11-03', 'Grapeseed Oil'),
(832, '2000-02-26', 'Cayenne'),
(833, '2001-11-28', 'Herbal Detox Program'),
(834, '2005-02-26', 'Grapeseed Oil'),
(835, '2005-01-19', 'Parsnips'),
(836, '2013-04-20', 'ORANGES MANDARIN'),
(837, '2001-02-14', 'GATORADE FRUIT PUNCH'),
(838, '2007-10-25', 'FO-TI'),
(839, '2012-09-15', 'COFFEE FILTER XLARGE'),
(840, '2007-12-30', 'Hardneck Garlic'),
(841, '2009-12-25', 'GATORADE ORANGE'),
(842, '2008-11-08', 'Pink Tomatoes'),
(843, '2005-02-20', 'Squash'),
(844, '2011-10-25', 'Watermelon'),
(845, '2007-04-04', 'TEA DECAF ENG BREAK'),
(846, '2003-09-28', 'Dreams Re-Conditioner'),
(847, '2003-09-05', 'GRUNDIG RADIO TYPE-PUUD'),
(848, '2011-08-26', 'JUICE LEMON 4GR'),
(849, '2002-03-30', 'Ginseng'),
(850, '2010-04-20', 'PETRO GEL'),
(851, '2002-05-09', 'Hardneck Garlic'),
(852, '2013-02-24', 'Glucosamine Sulfate'),
(853, '2003-08-08', 'DESSERT SLEEVES RED'),
(854, '2009-05-19', 'Eucalyptus Oil'),
(855, '2001-07-19', 'Lettuce'),
(856, '2012-06-13', 'Mustard'),
(857, '2010-05-27', 'Okra'),
(858, '2008-09-13', 'PUDDING VANILLA DEAN'),
(859, '2001-10-17', 'PEPSI PRE-MIX'),
(860, '2004-12-19', 'DHEA'),
(861, '2009-11-12', 'Clove Oil'),
(862, '2003-12-22', 'Cabbage'),
(863, '2004-04-28', 'ARTICHOKE HEARTS'),
(864, '2008-10-22', 'BAG POLY FOR POTATOES'),
(865, '2006-01-28', 'TOBBLER MILK CHOC MED BAR'),
(866, '2010-02-12', 'Eucamint'),
(867, '2008-07-29', 'Love Tea'),
(868, '2000-08-11', 'Bi-Color Tomatoes'),
(869, '2009-07-04', 'COFFEE FILTER NR4'),
(870, '2009-05-27', 'SWEETENER NATRA TASTE'),
(871, '2000-06-06', 'Cayenne'),
(872, '2012-04-25', 'Peppers'),
(873, '2002-08-22', 'Gourds'),
(874, '2010-09-14', 'TOBBLER MILK CHOC MED BAR'),
(875, '2003-10-29', 'Saw Palmetto'),
(876, '2002-06-08', 'Glucosamine Sulfate'),
(877, '2002-06-24', 'Cotton'),
(878, '2004-11-27', 'PUDDING VANILLA DEAN'),
(879, '2007-08-09', 'GARLIC MIST AERO'),
(880, '2000-04-29', 'Metabo Right'),
(881, '2012-04-08', 'Southern/Cow Peas'),
(882, '2011-12-15', 'Gingko Plus 4'),
(883, '2004-11-28', 'Storage Tomatoes'),
(884, '2007-02-08', 'Premier Bath Pak'),
(885, '2002-01-01', 'Barley Grass'),
(886, '2010-01-30', 'Mustard'),
(887, '2005-07-15', 'Swiss Chard'),
(888, '2002-02-11', 'Sausalito Spice Tea'),
(889, '2001-06-19', 'Lettuce'),
(890, '2012-07-11', 'Books'),
(891, '2007-04-13', 'Chasteberry Tea'),
(892, '2013-01-18', 'BAGS TWIN PACK'),
(893, '2012-09-12', 'SHARK LOIN MAKO'),
(894, '2012-06-21', 'Celery'),
(895, '2010-01-10', 'SALMON WHOLE'),
(896, '2012-07-06', 'Feverfew'),
(897, '2007-01-30', 'COFFEE FILTER LARGE'),
(898, '2005-08-26', 'Gingko Plus 4'),
(899, '2002-10-24', 'Shark Cartilage'),
(900, '2003-11-14', 'Perennial Onions');

--
-- Constraints for dumped tables
--

--
-- Constraints for table `class_session`
--
ALTER TABLE `class_session`
  ADD CONSTRAINT `FK_127vdodvokdbu5onvabnuo0r8` FOREIGN KEY (`timetable_id`) REFERENCES `timetable` (`timetable_id`),
  ADD CONSTRAINT `FK_294lv29ssnk53r02opys9gx50` FOREIGN KEY (`course_code`) REFERENCES `course` (`course_code`),
  ADD CONSTRAINT `FK_hhp3qese915i166iy7svk9039` FOREIGN KEY (`staff_id`) REFERENCES `staff` (`staff_id`);

--
-- Constraints for table `grade_staff_incharge`
--
ALTER TABLE `grade_staff_incharge`
  ADD CONSTRAINT `FK_7dfola6i7gf0q1agf0c9bi0wf` FOREIGN KEY (`staff_id`) REFERENCES `staff` (`staff_id`),
  ADD CONSTRAINT `FK_8tv6hcmx3dfma28sxwwnpspdj` FOREIGN KEY (`course_id`) REFERENCES `course` (`course_code`),
  ADD CONSTRAINT `FK_cum5ujfkimpxsnjm1psagtmg` FOREIGN KEY (`grade_id`) REFERENCES `grade` (`grade_id`);

--
-- Constraints for table `publication`
--
ALTER TABLE `publication`
  ADD CONSTRAINT `FK_2q8ap0yvgf5vnohaa07lcr8i5` FOREIGN KEY (`staff_id`) REFERENCES `staff` (`staff_id`);

--
-- Constraints for table `staff`
--
ALTER TABLE `staff`
  ADD CONSTRAINT `FK_kg0gftkoh3gkwji5u7hxuuirp` FOREIGN KEY (`auth_id`) REFERENCES `auth` (`auth_id`) ON DELETE CASCADE,
  ADD CONSTRAINT `FK_rb2jyod8hnynb8lo8vnsdfwp3` FOREIGN KEY (`group_id`) REFERENCES `groups` (`group_id`) ON DELETE CASCADE;

--
-- Constraints for table `staff_lecture`
--
ALTER TABLE `staff_lecture`
  ADD CONSTRAINT `FK_451d4tw1hr7yw2m6glcclwkx` FOREIGN KEY (`external_lecture_id`) REFERENCES `external_lecture` (`external_lecture_id`),
  ADD CONSTRAINT `FK_icmsiwep6bcm5acxqon3xxa6k` FOREIGN KEY (`staff_id`) REFERENCES `staff` (`staff_id`);

--
-- Constraints for table `staff_workshop`
--
ALTER TABLE `staff_workshop`
  ADD CONSTRAINT `FK_5pqnlxlngmh3icl8hklxv0yka` FOREIGN KEY (`staff_id`) REFERENCES `staff` (`staff_id`),
  ADD CONSTRAINT `FK_ofx8ewfxys389cqmd3uegah6c` FOREIGN KEY (`workshop_id`) REFERENCES `workshop` (`workshop_id`);

--
-- Constraints for table `timetable`
--
ALTER TABLE `timetable`
  ADD CONSTRAINT `FK_di9p8veedy2dsb3w8df4813qn` FOREIGN KEY (`grade_id`) REFERENCES `grade` (`grade_id`);

/*!40101 SET CHARACTER_SET_CLIENT=@OLD_CHARACTER_SET_CLIENT */;
/*!40101 SET CHARACTER_SET_RESULTS=@OLD_CHARACTER_SET_RESULTS */;
/*!40101 SET COLLATION_CONNECTION=@OLD_COLLATION_CONNECTION */;
