-- phpMyAdmin SQL Dump
-- version 4.0.9
-- http://www.phpmyadmin.net
--
-- Host: 127.0.0.1
-- Generation Time: Dec 09, 2013 at 07:11 AM
-- Server version: 5.6.14
-- PHP Version: 5.5.6

SET SQL_MODE = "NO_AUTO_VALUE_ON_ZERO";
SET time_zone = "+00:00";


/*!40101 SET @OLD_CHARACTER_SET_CLIENT=@@CHARACTER_SET_CLIENT */;
/*!40101 SET @OLD_CHARACTER_SET_RESULTS=@@CHARACTER_SET_RESULTS */;
/*!40101 SET @OLD_COLLATION_CONNECTION=@@COLLATION_CONNECTION */;
/*!40101 SET NAMES utf8 */;

--
-- Database: `reporter`
--

-- --------------------------------------------------------

--
-- Table structure for table `auth`
--

CREATE TABLE IF NOT EXISTS `auth` (
  `auth_id` int(11) NOT NULL AUTO_INCREMENT,
  `pwd` varchar(255) NOT NULL,
  `secret_answer` varchar(255) DEFAULT NULL,
  `secret_question` varchar(255) DEFAULT NULL,
  PRIMARY KEY (`auth_id`)
) ENGINE=InnoDB  DEFAULT CHARSET=latin1 AUTO_INCREMENT=501 ;

--
-- Dumping data for table `auth`
--

INSERT INTO `auth` (`auth_id`, `pwd`, `secret_answer`, `secret_question`) VALUES
(1, 'IJGZAzY4xeinqrkQLA7K3kTUL33onxKolawSGDMXgIpX4DovCvzGj8XIpFDdkFYE0vY4Tu5fHiiUFGHMKIsMZXd1qwub4m2mpvmIsHj1OTEl1iJiLxIQqTxkoGazbvmdt8MEIZMhaD6kIweM5ZaLTHsTMnq', '6hZmR1ZVukkKzVHlVvGrnRJszfnr1bijuMOeab2VrZXUsEr04sIdayIblSfWQ7vZY5KW3J43cyw0RQMy', 'UBydMqr6Nmwp026yzenbHhGPNnXxZoXgWS4QCayYvvws6sL2BYrhroZy6NaxJzlyqsxCK6R2hePtWyOfha7pgHq3qC4Y1oZsz0kefovZq6ZNVZPPRitFQVbXwxXvuFV2'),
(2, 'epeFkrvJfm3KDUGcOKgFfwuIojMThVLOdXTuB8M0YnjsIMvXXPmPOaeFm6xnHJEV4fpW6L1PiQjRDUVArBACsdW36fJR5othBiSzV75W1rLuclhC02aEc', 'MWavfDWcHpPbYodSpAdC5MRRjfKKWLuhT1qIJ83jGFrvnr5SbSy7DLpeU0aOLxcZczqMlwznA5tVBwYusHi28uNP6F2ih1CutQjfLnt5fjAXaZxnBmWKGYgcJPDQfG6W8bYTyu0JUMGB3GS1dqNQZMUheDs7XBg8sN8W5vGoK3cN', 'evirpUwCsuVYBEO7aNiQ8OHlG0vuL0yqMEBJeRlX3Zp1oQW3nCvaOGKHZiulPWk60SVgno7pGUpeDojP03vAVk67HQXuXETTAzrmWIG0c0hi'),
(3, 'Kw5Z55OneZPKixRAlaNb5KL6z0gpTYTbvi36cwFFrfxQ1TDvRarhGqxaH5uYTJHVbcxfYHpzuTUFFO6WOZkwEvi2ndKo', 'pQGu4e6PpeHRI3QXEwsfTOzszJnNVB8I3JoqmVmICqOugGa1CG6oR1EYIlY3CUlbDSzPCzP', 'yQjWlQE4Z0iausS317OaiUOpAUvQbldxKmFImxdhgBiaanDKjbbHG1PPZeQg8cBk'),
(4, 'Zrry4YWL6xi1caeM4couucKG1JZLtHms4xaZs0Rn1frV1H3NJzCuds1O8cVi81Mea1HLS1Fwngu4KltAYJmpPGNzPSluPfOacP6guUYeIBEDPwsK2b', 'GaAUnqHgqljv5u15cwetYUWnGpILBqV44ktn6BVGTIm0MLHayd1OoCGkstc5KV1ciZRtCBgZJGLTYhQLl3COk44UK1J7c1t1xCmOj7hJt6iIJvulC0Xe4VVG', 'uPXMIcdYuVfYEiBYGgpzYpoahufKmVj5hVrn0fGU1CKsHaRkq'),
(5, 'fQBAyeKcG3wRqHZ1RbTFuoKXwGdJoeoqYfy5IBzkzQtWDT6pWz5aq6FEE2MecNsBDq0sUMDqnNdk72hHg0jBvUfBKUOUJydI8jv2PxSMEkhP3Z2l2VciBjnrL', 'AO2FdLMDOu1mZbmGj6WcpDceKpYEAGNGzRJLsPhBtbuy2UEnTrDxgwcHATjcJnDScK54ruiZfMSgQbaFmUAVjGW55hnqwhi1RFPjJydWyrhGpvnpHrOpbnranqBnvIOhLKSi4reubpRwzivlolNgS5bMx2em5BPfzcukOleqACv3FSAo07Zl8KRSXIoBEMo1Fqf5z4bD0rTXkq6x', 'VC5E3hjRoXgrZT8xssS3LoOeGy'),
(6, '1CDgcRQs6TbJ3xphl0j4fccl6zsUHC2HEGiCkCxmvdm7hxijjVvZxqtzrrdWtyjuAFlICEaQRIKlxBrDEQty1J0nCyZlpNpgg8xN2lHmyCEqX84IB26kl4fJDlojDJr8BfKE4yL444KPCDkiZS5kfgNJevPDM5rafojqvDd5HVkDv7gcuhjHYgcxWJuN2zBWCCaP3ZiV8404dXTofXYJsRP1dTUEUiOWkE1eQlOgmG5vHlcgM', 'OdTOneSLYhjooA8BgCriFmIt171bGzdQGZ2iL27yAejF4lPFb4eyDMMrN7PlM77BvQqXA2TurMWR3CdyXa4', 'NQCsXFj34SjWIuLiu4xqtV'),
(7, '7FdEId2bwARZ2YRpITAGFQsy2mfGNDsc8jAmFBuvBmKyzLyirZpd3ULcLVQUcUWv1E1PlrW5bMsov1sVNnmbrXR7zOP7in', 'oUO13LJfWKEnoLhHQZVvuojCFvoy8RL7tcbzVx', 'xnKqdz0qPtfN5VRSDfDqVYRVCjgmXoMqvYmh1N8ytQaq4kJDHXVL0EqLOUDFKhh1UKVweByjW2wv80DYdOG64GFRQbRKO2CIHo0kXx2saAXIKkmXiy6n53VNHegZPl6RkuDwWm5jBcNVPXWf8eT1l7PvHm1I3aImYpax5eRCuGd245brwkygXO4Iwp3QSAPmywUnWpAM5Vndq5oZr3YERxUDbOzzDdb3'),
(8, 'FCEODtvlFQH6z4iPfDPw2VJPGFJBwUSJaqNkzRiv0M1ByaxJJkKlB6HAf3DMYMSW5z38qaGnZF1RLA0srzwGA8lUDJXbHQjrTMdEWhQMbQvCofTEaFBBXDaGt', 'c20GxUSKg0', 'AGkRkDnLhnOaim1HbHvcIaB5a0EftFZlMnmTXY5lgwacJhcCYraezAbg0suTysr8nOuPqm1o6pSfhNicrc'),
(9, 'b7DBE3evV7Ao5Q1xODxA8W30TCKRKNE6zDXp1KWCH2VKG11hwC1xweLYysAytnuKT6oviqCU4tJ3Dm6osuaj3lnMiRsqFyNiluWzzLLQTXcfjIzneX6QKywK4DzKP8qmCZ6Keik5OaMI4TqAgEOX8RwGwG1w68N7JyYdkGNpYPvs5g1Qom0yX3p0oOMsMKzzTMOzP', 'qN4jaBPODLBzzuW6UosbhNfIcunguWBINxP', 'STu8CRem8W7PU4xsg7tGAogqL2vdSJEGuKGBGBlWTAJ45z3wqqk8AcAmP0iDePXqolmyR7ZJe5QWVeW80ZZdFNXfmQzJtl12lYQFgvk4mXWMTTJpovhC6VKLOPKWrXnGf7CtZURW'),
(10, 'fWtBGAGkWP5TSpZ3pYhAAiKDKQZHpFtSnSnZglDN7EHuCQP35vLHqtmcpvXUrZu3fPkKRadclOLQ5HtGIvCSMmajtWwSfRm3UmImxXUIaYF62HPXUtUqFAmcJPayKhvztFs2bMBaK3JqI36QzTnNIdISAYG2BaBvEjTU0cfeTj4J6AAEfyycztrdXtD01wo2dLr8AE6rmyaqcFbgWCYsmdbzI4tSEzkkL2KxuPhfVVqLtFXGy34j3', 'qfKZGSfjFIkuY3YfvSzBCRA4SlpzC2Ecmjms4o5Cpfus0vSdYciEAKITQfYkBSTmp3dVyzSRkEgbvZNR8GFrvKKrpi5Ueb51LF8uptkHq8Fb4vdht0V0LP8rjgtgZQEKHryA3sfnCyscJ3E2rzNrthQAZQTwEvzdOBgJ4hXvDDS2uc5qjRbNPRgYuiF8qtQC7HUBEKmweyPtNeAve', 'Ijf1LxbhNHWVctEWWjFB1EtRPmMAy6KaLEHMvkyWktuyj5He1vkS2Ojmt2cqHqF8XQQFCzzNoDSMqQfWuc8tmMJtz2MPh3go1oLcJrAibgBltVLKCnp2TU2fOxt6ch0WHTOMrMeD4h08OE067K3GbAqf1UrysM4MpmL1MLggUEoVfohmicoXmGS7ghtjPK1cKKLqjEzm2pz4RGDbtbUQyyM8YZHi7rowip3D'),
(11, 'Y2sPwx2cyHfeMYKe5cxRHJPYlsePYk5bqoswgbPYKubDHlRw5jHVgs54rEDSEZqiBJASm5pk7Fb2BMW8Akg86TVApRudFMHARXaIDKaFIrMsu2p7wPMT5htOAL1JG7HHkql8bJQactQzn47su11FFxwTGZbBthYb', 'G25JaiimT4RWdy7QvlGr0hKLrdHbAI12WWx6DXbruofwCYCgVHFIh', 'pEd7NeD8WLSt4t2aWXKwYXQuhYmuPqaTQJXvoWBBIV3nWcqTTsoILxLIp67zvZPxZEls57x2X0AJRDlgcjgVOz8zb4COCYHyqwQl26o1VnTCRucdmtM3shlV6YSLTU46JBCFuD6jYD2eNTqUB30oiFUuuTVgrRrYqR5gwhkb4'),
(12, 'AWX5nHhkoCj5lgubpu5TyDJ2AaT7bnac6PWr3Ry2Pd5IqwWcw4EojIfyvDN5hkULNI22secFo3MBCiLlh10QpCGx60AgJ0WOOtr5oBHHL', 'ewO7JMhJh2YsKurs11jZEIrmLs7PcjkxwTw3fj2KGmW8Xrcet0jnltKRDwuWl5CbGnDecAOM8QhKVtP2qoBpVjQKvxj1yWfzf4PxgYd', 'wCIsWdRl1AKy55FunQQS6HOwxa1OdEh5WLaSqLB5jtSs0PljoyMXKVMmrhhvHUGA0rkRboxTsn1fNW0bMIqZ2ytYVpfajO3CJ6gGpuNVqlGChmlfHEKlPulbn1tjJr6hzyLkTUuKER1zHpuu'),
(13, '78UPASfrvMKNhzm7OF1kR7sXDstV5l5NJoNlTehbRcRHt8fB4df8jjjmcraQMng3DZ4V5JNbyalboIs0fMTLvMrvdHYPPQrGkF2ZkHlm7DZjB8mw2lahRIX6JeMxA7eKS4iTtudj0MhLu3Si1IeqUjF2z1Z5qtQOq8xweiruRJrvXveMI', 'jqA3elTHDBJzqAzQP5a2YRRBf1g6UVLJk58cnGSZJEpNai0agYSIkxWSDiHBYWJ23ofOd18yePHs1kvbqDLlaw6gwu4U8sdTgPqWwg4YU7sPGatR3NtcwhYF65UhYhQBK0j8InDS2SvAFZDazkQ2BoPIV4ZGkBwnofioYQzJGPIWYMam4BXaIfAbZEI383roPP12KVo1fuVVOdhWZ2gQcv3', '0iAH7RyuTQthrxsqXA1NSE2ZiSh5b1MP8PhaixiKF8QhTjTLzUjhioPyKKc64QJKMKPi2dSPuw33ihuQZSiztFhRIPvVluHl4WcX'),
(14, 'JESlqAjwj4jLAxZrjkg5ghX4c8GA6eNtleq6w1mmZ3dCEEBhgT3IxspzeX0wEMAlmosaBhQAE21gjBjbAdlcs', 'xebtJfnS0NleMzZTn4FKVkgzmCzoYHZtGZr8Xqk617oW7oMIWNMip2LKrxlT2pOnRoeRWrBpTK7OBHZIJMwM64hvYUk4tC3PftVUM0CseUC8NxX0lOIP68EvSm2U4BDNhnyqMZsXxUbBNNNenFs4GAiYLSJ', 'A3fU8yiCiNijXnYONaU0a0rRbtazKcy4YqMx2sTGtuNBavVfiZrhNeKVpYG65mmsvbkebNsm3vJs7jZfkhkmOytzB3Nvzp1ItH6F5sOZIhh4rTXEoLKJA8QU3r7ihUIm1B6nrOvxLfps1rokCTRHsNTBNOSIJtWOgr7KskXV5If5xTrTOhvoIKbTG2vGt0Wl38vf2BlJncnX26AxoqVr83O3lx'),
(15, 'scPz', '1OiZGD1PpAX7UpLYbuNACH4kn6WY8TKMW81ztcM47wODLnlaWspadmK0cZLBqQsEp22sFF3pngpmEIt5Xji', 'SPAXxme03NskVpyV8gpGLHrCltG0wHL5lKSuzPLfJDe0WqwXG5yCrP3Mf8SRseP3Fnf88Ggi4W7pWe25lJANfrUEV3'),
(16, 'LEc5RqcgnN3dRFQyDniUnTE6qBqBpyqprx3ZeZc1zrnv6QjmsaEnv3lNOfp0pHtgxOcTdjfXJKwD2vlNa2FDxax', 'DAy1mFWK2aDmX722bIYwzrbon7Y737VJlBsfAAwUTQrlZlvFfuQK8A88utlB8768F', 'HveHxPn2gFcJLB8HaecFa6woYfD2fvHjD8CYQDjviIqAoOQc6mPcYYlxwMuQqmvo3NAj8zj57XzTMEh6BRTvgqOpwq1xMsDofN5Sfd87nGi0oRttD5K0uG2zeHDzcrxqiw7L6JWeckQdQ4Yy'),
(17, 'JWIESVB2EfsdBlg5SOzAosrr', 'RrsOuiZXHDj2h2XAZJaFzt36jStZooirK57Yvr4kyM8bKup5RStiyPwYbx6DKJEWZnblXAMOrmL4wg3r5', 'MdxYo40LbCCmzyQwaBHiRrDuosIzatCeRhHE44bPwtDghfBbtcT0KxSdRZtJmN2se8KX3QcoalecsKur8AUZsiERPyN5RLnyJO6EnRNgJofgxtVJMGeUnjnhVPU4T1PDGT5EPjAawo0DgET2F7hHHVlxoRlX585HgKucmyaCsZyUBJulYQcWsNZtp3XMAWdpMTNIZQKvZkEf'),
(18, 'aFASjE13Gel747VAhh73OTsf3pM2wwdy8bWsiHZFLsblWmInrdr88mdkgtObth', 'd1VIPwqAwO0fQkykVibvKhNjhlVnUQuOVpUPdnEXU3TdgavW1ml0Xf7NjpkChq5xb0ElUr8zWAdh', 'HoXyRHY4a8ik6kDwAFdBDHQpfEu3SXCszLsdU'),
(19, 'xrLwutqdv22EekKWLJELXMtKZ7W37lmLzt5pIjZp6UEd6lrg61CSGrjjSHx2FNF0Ywgb6lC51oXwcHfL3TIM4oAcceav6Uzv66WKSWBiyYaA1SnNvWUp', 'USOWQ8E6Eg7JrXrIVZ1ue3eEPQSsH1seR8h4LLV6tVFBPBxPlPa5Fo2lnBvpfpIquPWkWfvUtrYbNPclHWAi21dMgGPpskNPzc1PFdHYYK4UfQ4wIGUK0wmNOL7wCAUC', 'n7v7kHqByQbfaC2lG8hhQEdaWQFgNolkq2KF6CvHsCrm5DZa8KNxXLgdMt56rtGwUWdTDBhpA4Knlofhbpe6SwEoSsCzNJplUd52PyIDPeY4d2XmJW8YRDGZtkiM8vVsHnIC8vmBeEFX8ETb3WlwZl0odt1iMvnOC8oK41lKYClVvcbLaKitDdbVSTwVr4YoVFbVch3JsLK6ReuNZRuVz8BW'),
(20, 'GUAKgTWNJQZyDaE0zujB4p1rZm40Xqg01nvgWW2ug6B4OxeqKK1jbL4HoZVperPiHA8TFdGq8s0Wu2ZLjB4pZ0Njezkt0xgYVsQK3QCrWVzsKAjXPGHolljKYB0kFYkBaaXYdT', '3VwsOzTARWOTlhPV6xROQzRoT', 'St3UPlc0Se1l0y4NMCyB7Lo7ye8fnOFbOAxXA4cjNtzTgvZ4VwvuOjYS2EcdZS8ioSIChk7jQq6fRWgoCBvdsnEiGDBTsK30nRCnqOWMLpVsFDveoCLsn7OuJ2YNJImITGObtXiKTmHPuIKEjHRwAFRMBdUbUdacYD3EQHYftkcyRsRbYlwH03elcrBXsrEAFwpz1qhRlBRVFMOwzUseitdfoIdtQBg1qYrO2dokYS'),
(21, 'gZiWCtcp7qjt6UvmNkYt4VNXVCPypA3uWdqljfVTk5Y2DmXywrIaKdBCIPkah3Tc2KX2lf6fZuPreaUZtzAbnmbrlojPTbLUWdqG3YtGrEytJLuX21HgvJU3TwxGYnIZU2HGkAmS3LYDBRWWNMa0s', 'lwIOu4A3R74jeD27zd2bpUjbp8GPKeDx0YC3e7XxDu3rJ2zog7AHuLK1xWFLcaHg', 'MT4nALGH4gkOWmSF1ISzkE4LVTomxTfh26jlJ3v2trf25g6ssg7IWUeS3vqIgTSV5bzHzQmtyqmhS7ZRGyzmADd1TMZCfhJWF4klFox'),
(22, 'WsFOmyTlbT4cff46fwenhONVeHuZwIpGEowt1g0EMC3P8ng2SnMt7nxnOLRW31nSvMMzsgm14jydJwKly5bCD8A8ru3F4yiGjZZfdaCT3atohDvc5yoNoLqxLXPnNV3OaXP7bjPnEKgiZWNNnK1Nrd4hdDIFTvNS7fTi07TLDwLK', 'mprUiACIgCJEPOy8NTHW51Pv7aH1gQzId77zuA5WN8F4EalW4wflanYzizOqnepJpntD3n5gsqsxrGHfiektD8RZRALkY6jEltmhf', 'LqXjT2uuQZPJTfR0zzzXFlOQIGmpJNawPYojBakcPSoGeixWgbyTNyWbKs7zu1vgypoTQyh8ePcuH8jRZ1TA2wrOkyuZR0Mod5BQXqAbETYLV6B8HnnBY3sRDOHoduuPaIvDhH2GQmPLke5dff12W3Fb57lLgBuLPlhPTdSLhEf0GatF1sfFUDplgVdgpyh6coy1tifgp7VcwouiRN42J8nevS'),
(23, '4e5n7KGLrLzpDucb6wDvHazFQ5vqpwfTIDh0JhusKfuZt8dC54gDFQWzozYP7JY5bsBmx0xZWQpxIWgEuYQaSuHwN8UFPLU', 'gOhjvC0B0kOaC8lSXdOHQlyrnd7LNjE1QfauYI0tANVTh4QiK73jdYn3LgZgczSDXpqeVruvkiKEdQXPlbAAxU7lLRpSIHEjS6uFEYeZAcOgJROknIHGERBolm1sIwSHBNH7tRZRdV70R1kfxsrqYNAUnAekkVBRZE0TnV4wVZqnijWiqAPAGxOV5AtpWz47lhGoYH7etFtB5i', 'cNS5BciJW4p2wEKqp2rqzZDMmC67twKsrJLLOlSYfzeKrA5dLQvG0JUdfDj4rdaOwr4WoTSjwuyfvCVNicjztfIxKndYDuEtCNNEzaaC8zhQeV1xWDvIJWsobNYLOic8UTArcNZIQ7ICuiDlYK3N5Xks3Z65FnELdwqb2jyK4ueyYtxE0AHTEMwJs3W5INdNm3bYtThepC3PgHy'),
(24, 'HCrNbA1Rkp406y08TaFcT0F5uymMpXNq5h75gfHeYlQhTFTwRlkXd2eR2y01y1jIhP80raOTvftrJJt3uvvEHWEx13Fr0veA5BdYzpwDYZeAudlCV3Ur0Fx0AGjasvUSrElK4a1B2VSAs4X0HqwtpNxqBRkbCK8pcGUpjEguAfiavc1IDgD0', 'FOnRUlgktR4g8XmaIOd46qNwX1baJZX58czZ7tHxM2C2Inq4fFQb4XQTdVrIwz3RwQD87vrWs6Zp6EjhUDZJr7lrEIvLx3nkdN1XXrys', 'f4OvTTxC5X'),
(25, 'xkt6iNjckAa7d2hMIu36utAnmJBNIcLZJENbTd0VeutJ8xOsUYqf0KsSlXjNJ7I4plwRKevyjK0qVpk78mkcYsh0KqB0lgLNKKTcAYdwaho4uJTAa7eDycTTNxj5V2WdvFReNJMtWpE6JF6SvE6bx3XDvfxUXwY7saSOXn8vcQf8O8eNMdyBCvq8AJDUptnjdn30Ocn', 'SGKQetCd4D4iLtctgnFkiXaWEIX0swe8RwiiFUB65gkmgftrIYCDupOwy37nzV8pLhOxfbWEgPQNiVPBxNkBNH7XaNZxnBWlGG8NM3Gzox8v7Fb42KvOgemAVZFnGtBirpjV2CqxefqeaQdJqyrrPlYJydFxumOqjdo155KTze0BNFNueEz3vMPngCuBRRcwu0ja4JGwnJbONAh0B7', 'scbOhvoCWlX584Xdg6HczGoXpNQIxHgVEO6weGrV00IknSixuWM4qOnAngi8DUUvHz5sKzvJIdqWEYL8diEa1ISMthR5PXJflpw3WU6mwptStO4nE2aY6y810Mo5GjuZd5gHAINgKzPoNpJFh82eRGVEEHUFyEXgLZ4GZPr2wquYtgUKb01W0ZvZEk71Clf1J4XSH2XRkcovCgOTokZyL1ajR2OPcgSXxiC6cZaWNh4EJuQZhjn53OJ6qThNif'),
(26, 'McflC6QSK1zAKfcmo1tuGQvUoI3V1uZK73bqZ1hQUG8yaT5vfHgWYINcYYGBtwBP2De0fKUyUzQowcnGWKOznJU3dztL4x4LjI0fsgAoV8AvAkLziIp61YrqHjdCuoosAsNJjWCsZLsacOR3Tpz5pMwOMJ2rnj8PlUilLOE3fIHN5uLO', '8GpeZrI6BXRLkUyK7jzW6qyQmlvtOqqF5tVeWXeJMsVamcEwQqnwhNO8ktLGhmOzvGWgQNou4lI6AItldxTAhzj2wCDZhOuTy06mc2yFa8omTKBOyO2q64sIW4FRkOyNxlO7rFsoD5BeW8dGlgfLPrQKvNodBrI2M4X4DBCBx', 'STTqlcUpm1OdoPTOcc8aipX5Q7zyzkgpnUm3Vk5nCsTBOKI5zIHP76KVXmAsxPhO3tGn1eux1efbqepA2TQE3UCgjgp1WyhPFsnFbqyOFRZm0541ByYYhwWgVq14xPtHqtRcKIb5vslQAon3Oc365QLtY8'),
(27, 'yLjRoaeTLBM4DSEx7VZtPIWhYRHrh5thaYKf8pAJUfwoezhRPekQP3F6m7PkP1XJ7O16qNcrquy2MJpONrH0zJQtmrBCiTfNx3yxVNtj2i3R7xnDlFdZ7KxbB85zskhIySi5DJFKYPjHFo04PFIbIGibvARocrl5tBuxDXiEDzMJzzr2kwBrLwDgnhX4R5EzsXI8DaJzOVsfLW', 'deXW7qo10L6r0KQWakZbvk3HXowZc1n3HT8xz', 'o8NHhYYnzFdlp217BU8KO1KebBnx1JgJwjQijp7dKexpEV1MU02pDVkX62DdFsC3PiJmK3KetkGZfaFBYmtV6DPB73BVHMqNEokQ2AKudHYewTROyyMO0bIjFsSBcy3Bp8DPF4bNsomqPFPOv1d0h7IEEZ4qpLn34IMCWTA4R'),
(28, 'rDH0uql70ASaW8zdVyF6n83VKWlVGb0pn2pVd2KJffwJUKb0UBTnXFe0X', 'NdvQbVUB6Y47sEmHyuOZpDP7mwjkiqdYa84ATDNmymlZa1hQtMLYEtDzdsHeLF7xixwD7CCXFxzR5GjRLlKDTnPHLJJNxxJY8hVA0qo1VR3jAJGzWKPrZWY06H8xaXGeKKNBOX00CE', '1r8b6dd56wJKJ4Ha7cL5WCUpBMrtV3jx2tHr4RNCVRhHeLGB7ChhCgWkWZDoCAkCGhtwjQEPlP4uLP4mzdmwOZtoMHCP5xjtk8SlPL7hWpt3HZfELdRm3U2ocxRpmGm3FYMF2DqsTxCaXODnLdMgbmxiAVvMvgh4v3TTN7sd6OKf2EHPOberyZGnTmJC5ZZX1tmqRd8PSFsI85gcl0LiDYrLd2vzz8f5zLSwRkCrYKd1qAA8LRLbagPl'),
(29, 'k2rL0m8Fmdu7MNN8axu2rQLm8wTzedNt5RZvkQbIUR', 'D8jUAN0bSyVCJ3HBjDCb1U5cEkVUYj0pPEahsVFwaYpjGD5bJhqOBuLej8nVZG1ZISWU1EgUOsclsxs8CCOvb85feOUYhAjFKk5nrDVGNiS43r5uhD6lx0zWtj16B', 'N3B7ckxvox6cPpdHM1zNPjKKjTDWRv4DPztLluFtKJe8h5hMLdZ5XHC2CbwYM33SAchpjdpUSrojes7yYDXoGcieUkA7BLN1saAWGmlCO8lEXXtXjEppbOUoNAHbA4TnLG2mZ8Vg6fG4OT8qgHfz3yiUS2Dm0UTeZQWmJGASBKxuto6MC7XUtugNEqNVDO'),
(30, 'Q6LtvOA57XAmUfm6ybKyhGhRwS3Dzl5ZupPuVlncKugyCnwCnK8eI', 'GXb4NE1HP7xxGcCXsPUVsRIxO2jUS7rU0fO3aXQ8xAlOvdqGWFRbfVOaFD7CyZ7C0jYJU3eCq86i', 'UKSd13uksHECqHYAXyvoAYuZnVrbcuvCLZa2NUNI3VuR1c5r2VTPpaUBH4spFbNVHTJvzcwbp3mpVXntO8jAomt7fH3qOhdeN5TqWX0vptigoOn6JgH6eUmDUWbISqjEuGXAPnyjsQke8sILXDA8Pu4miDpceL7G7VIbxkptTfm2h3DyJNVvBtAsYZo6Mbm5beMtSCu6nLbwO0U'),
(31, '7u5z7Gr5jnHMVXNcNKTNPUGlaxWGc5z8AlPWSEO54gEQEmPAlHjhFUoKoYk6X5sEyBpMOneSrwDipBaiznXmTuU6SX3eCWWEQDqr0HeAjODh5aje42INu2R', '7LC5t0Aafcxt', '2XZpCvuFSFsGXqEH2faPyLLoEfOWykzp3euxDu53egiPfELKnHZCS7xdkygLAMLD6x5WsU6yaorjqiU5ebc8oiJljuPoa3FnAVJpPHllPI6NRtpnVINDSaJaojSjHh02HowuwqyTJBWMIkmv47ouqYavQVtgAPDXQVVqBcvlJQ3WLFIbyoU1Q53sO6QJ6WH4bCtUx4paGrvly3fjdpmbrSFJZh'),
(32, 'XbzaPbCimqvnzWQAIkLPiIXmuturL8hpirYKfDimvvHeHVYe0IGfhLcxUMcB2fJ56XlbUFZDawg6wfx1mHidkH6fpLLRIuEW60BJIhkFIG15Buy64uWquFgkYf5FNaPGzheFTF5UleLBxSo1SXMS0gU7oMiVDVdgVW3F4zDPdqmhAV50ddQn5vX3OjVbSoDIAOgASuMktEM8QEi46IdgehI5', 'a1BsgkHYgJBDpXzZmmDccQLDYeWtTyioxFRP3CmVK1uj6dPe4MVL3BGTvKVj7lGWFVGLMBfgNhJpxPaNpj8SThBb73Et4G', '6qmGvUh'),
(33, 'p6slimqb7xfZ2j75OCash3c1hR6J7luUct5rjHsLcXSTafjO2C7eCBoe8ol3BlTYsXFOw4R32MZD', 'pD1KPDD5NTSNpHE2TZURic2qj4NRwzUtZFX1cb6hYEBWVZWwZhAS27UoapAy0mTCWtMZNvIULVoIvU0ZDAnRxxWSnQUD6YCDOCbfcOzMHBgBzWLvGWcExor0uLaywTSyfVmLM3FT2I77ux78uKIRz8gSHPdQNApvblFpXanudSQVlcRWyzN7xvlN4fOHgRYWMAT7ar0YBl28OoibPQG16HqX4', 'bBasVydituKiV1dUNcAGJoxlzFnpS4y0q1Gp8V3RaeSMbOg13Gdk527cHjb8XtsR53CauMgbcZHPlgtYeKjVOU4ibghfDjlo47HRtkkLNZhOFNdzkxZxhXWzXU4'),
(34, 'XNBg4oFHC48TYwz68YWZ6cHEP8GZNK3YflRBrT7XrcyMrobXcZ74ISaipEWbxBhpTYvOHptyJ1pyCoO3sjfDX7nSEiPcJvAlIS0McfmEWFDDLIIdQrwhEzGJ8LS3rWsWZ4GSV0PewTZtDRScWcY0BIjWaV7QjGNw5i0T8sabruOu5UP5yHpirOJbbO1E1u2kEtVZyn5m', 'M7PBV1WANLvZlnb5ybHobcmt5sjWHFT32KYy2YhZNvO', 'J8Zpsb27DKT5stPFdaxVszwz7rDJwTzRJuognArrRoECTV1WdRtkQsnZJHJy622PkTSntPjZoksHNt7B3PsBuYrvgyUeYHpaW7DClHCuhQnfn2z4OOSLncIBjSeyCkFVsWrR7u52wEKQLSeomGSbvU'),
(35, 'W8otfiWIaY1yIH2lOaXHXI3MtCy1wKV5voox3fjFhRlb702Tz3vHa3XpR3dR2wSHx5FQe6aQpo05ZDVxq80weyU5vim1sIb2Vol18T16fIXaX6uXdGb3sF044Xf4evgN6qkwOlR7qCk11Y', 'MdKJQ4mZvYof0Uld2Jxmaetv0g4Vg3XaB8miU7WRfCFwxJ', 'iFAnwRiXjS0oZMD5tegPIuUoKtRSbcOHFZ5wee8Dh3eYDGXwZqxUW2jyQaDWuxePhwLI8XjpHeisre8XVvbu1Ija3xQOtytPkWFV7Teij4GcKZ4JL3aFRPyOVizchVRl1iyiG8BOtpQax3ay0IdwEWLGwD0jHtua8kpmkMAXE5bNXthqzvGSSEHo1J3ZT1HbQzGtJPNlipJU3oGktIRxkNN78KEh1P52MXy8kSnqtkKTZWMR4WhPQD'),
(36, 'ckXXku5UnHkHPefD7HEw8vHs6ROkkP1GXwOdzUiungHzVYAcISRmg16wBdYA3MQQ5BWm1ADfiA3Fy0BVv2XMYULJ6cr3n1tS4PmjRNQnSZe6mVMGxMvTuD3mqtiDf4Ev5IyZHCNiDmz', 'jSYuAo8CxYLmnjX2b1pxPxXiwoUMKficGaSXPC7hRJ1MkJoUnyAASBxByFF4sA5Py6ZG6tl', '2GvNF7ArkAuHigvERoGKuVWiP7EcKHAd4eGmpYSKO43AWae5CTRYc1mCJMaXrPoM5UAFkIVQzjiCdTskSKcORVViTLscErByl2vRla30yxXohEzLFM6t3hDvOQJ7KCaYm8AMdjNx7mJwKPTZRwcsXMaR7jV7CHm5JKkSXAA2AnZgqZY8NE7855ZycsR'),
(37, '7rcvIuMFTHbkeZOwCpCzcRGPuC0IBF', 'F0UWwWfqJL5Y86YLi7xkBZnF5Jmo48X6hdrMzBf8YUPQiTkJHVaZLZKIr4Kb6tapto2g1pvxBKFZOlkVzJNRUt3vNZnRuJuXJ7GrY45qs28s1PjlumMQ3WDTo3qYUtbfaxkzhFvckQcDlqAzO4edLHUZB22G', '2nNquwJzMyyDWgyNBd0GTSetTblS7j'),
(38, 'mbuNpnWYaeHcL18ZoJO00GeMfLwJkaiBKjtzwGTJnCXGrxN1O4ViqfayGav4Yjx46Vn', 'EInM2Fe4qjL4fgOzEdp8uFmx50Oc0ZVDC8ZdFflW51OR03yeq5RzmqhGohzqVbIiXdnF5yn2s', '7j8ZdZ2w6YJtqeFI53NYUQSGDHd'),
(39, 'kvwJToCekMVlLJhX488PPjZEpowy7Wyd6zFimuiScU13hOA4zWA8gnreQGyTlCEKISgD3lSB3qLfcRmRIJ1aKX6P7cno0yvtdY5k6wIEojQ1pEDxuQshG7z75WqPpWt6dGMNcG36KhEByaxQYXMsPZCOutvPtPweMt6MZNmp4CVs500LmotDZqAhXfWgB03rOakSSdRRFO0EMRLaRWorkZBENBSM2hPKM', 'CjgFsNxdTvfSDXT5aGapiyVFKepQiZgulDLicDqaeMMQUExjzWaU5AKbrFBFB4nLZlrVTMh0jpVNUz3EFp4zb3gDbBxMi8eF0Jq204hInBYh7xg7ak0ijYOB35APLX7gW4pMzNCviPZ0nOmS2ohFinYzjGLrUqyhs47dYypnOYOQYtAPLZdCpeWnP3hySOz0ZbJFCGk', 'z3nvk4eTO4DUzRzam17djhKAZKmwoiHLmc6KMdrchglrfgGGVweT75vQZotlxRnPxGzaUerYAeCDdvPBar5ZWERGhDnOCkuZr50y3YYXzWTJzmCnR7RcPLxqX47uDD8L6PxmLVqjizHNkERpywVc'),
(40, 'AhAJIdlZt251dXV5woAHkmZOiPGNKxQWqJ4mZlHDZsDpKYEKbFHOXPkkRWb7M25q1i1jPc3OgNqUhzzbwz0v32WzsoKkWAN0ooZINgNRKxodks4Iaq0PH4bdcs2', '02K4XmsRtHbeC060TTm6eJVJXrvsGXuYFINzJGjjFsGSDyxAM4GPMbsyDEVhjAvsFGtv7LEeFs3g5jqqOTtAMa4pYggr0qSR7H7AIEA25NTJ3kPyoOVvljkgnsb5F1JnwcKLE232pa6WfUScxCUTR48PteyqxHlbmXyKCwerHt5HorRJspJCJEtmelzqsErxtxOGT87lJdggbmYY7wkpfxq6SxdQ3MWFaBf5KwpOi', 'VKdC2Fhw70mqFxMzqQBw0y'),
(41, 'jVtTbcKFrKbn2Jb0arhSrfSOfu3FVO6G', 'GV5QXIZkafgr2W0XT6oonM', '4tWLYX6ZqMtsF7MSXP4UdvtSQ0Zn8aeArOx0uRhDy7ecT5xhxn2SC01XabFXm6pbimOvyHTCKbtISeHQDldl0q7pj4MF'),
(42, 'PrSQAByOdZ8A7J8FqUHptF5rv47x8XWAfD5pdRndCUkXxKBb8WgdSLmAcKScZqScEHVfRHahe0', 'AJedSU7d3qGujkNXP5bAKl7cEBfVIRpSC21nkUAbhWz3QvavFr4MMydPYLPpEYkwcWASvzXcwkcgwKuFRiM0ePraN38KwQDlHRZt4A1EMweqPkErc0OuF5pSHocvXm7NnVueyEhMahnJd7Yv0SLouKtpsvlPNIOfOVGCingchVpfIO7A3boW4BzNlJox5VuvRUAPkjeFgYLu3Ke8CB0AHOnbCc1unqXmNKlZ7c2oeEgly6xywouitHLng', 'j3t4iBSKvPFl6qm1YcYZ5LOlzDBhKpyhLgmdjgoEOQNacd7wthsmm6DMpJLVHLSGviWcKFeD2DinimimaIGsZiV7W3Zs380LriBBQhxEOIhBlouGLlyscN5Yh3NJHYXvllF1NIl07P6S0AqTntdna5k5Bxe8aJeGvfXZVkPvKyuQLBLMT6l'),
(43, 'YPbvANTiIGkNsqETFRosSTAjCIqJuIj6faiOjrWU2z2fnfKpsmhoGhETMxbj47IXIvJ3GKptkxtzve7ISDOHtXX4KEjMW0dLsuDE0R86Lp1CorxEG684kTHKoe12NcMklPV1oyQBs7scREWIQRMD25mmC1gw2iGBUhvT5h7FAXK8N4OxUYHsLPzqzP', '6fxQY4M1j7Zg0BgqKvSEjwJESN2CBzTIOyJTIwvaVul3gF3nZ5gPHb3EPmm', 'PcCZ2QmV3VtnznKL53eiQowMCOjgn3JkQ4lpt6gNIHEyKpCIPlGafgJNGqsKw5'),
(44, 'U1RZ6mqvHfUvtT0kluUOnXsYDcUvirbJHNQUsvHPwFLNR0sr6MfzRVHg7JRKrLgOUPp', 'GTZaymwaNPe6SO6g5gyooYAWm3CR4M6HtUH2K7H62iUMnnlmyuYe7WirmuQrBGuK3xJrjKbt0I4II0LKySLg3tKgSR14fYNWT2FYX0lSaSX8b1JZ5tfI7NTw2N4Kgkla7boOKPq8DFLtkLS4E5dxXrrGEPHtedG0ctRtk3ONvHKJKoNvlNIWW8mK1NvK137xmvGmaXTeNc1VdsGw4E2hXZr5qkW', 'yWkiN0vEG6XMB5RxbcvPDXTGrc5QwlDOtgAOwheSSfXFmntj6TpEILbtdJQYE1LdxtNLzvZVTovstkb'),
(45, 'J1s3GUjmKPnCdF06ms0RNfzmzd3mPBlhWpS2KTOuFJuyn3kA8pPmY4jQHCpS8N8zacRpvrbuFAxPIPE2X7C4oXBzXpzjXBXBM3MfwVI13XkDYduAUwspli1wzRupD3pLPFFv7QOmhIA2E8yIaeI', 'EOrrJ', 'DzH12sUC0Fz1Ggedbl1VTIFfRs1CLQVuRrlp5f63c08uVzf0frOtSmqyDiFA1FuaK6hCm4ae6PKkOfcIuAJ86wxPOqF8hCKLV0AQJmOYRpuKz7TsUFZjsdNeCNHtlxhmHMKRkBFpGJOVypbPndYch1CaXzkyoQ5ZClz17g6ufrxoSNhQyTohf2Yu581WDSSt50RgK1i3C2EmcA6cQ'),
(46, 'yGndWzJiJGlwDKWmO', 'D01I6S1YQO4VLHo4zJiKcZVQmg5NyijIib8zzvkQLcpoHnmqHxtPsGrI3muTtWF3ZFv7vigkXidFTYvYnt8PEQd8WdgHereoh14SPUicBTgRBFCHS1SCvmCNnXwdi4iqFlJXcuorNH8HKALnSZLFwHozBXZN2k68roBztrz6ExVaXTGf6Gj8IuYMWnhsvSMd3HmOtnIZiHYV5LxkcHay', 'z42Cn6CeJRbZdCsS1TjNmSgL5MQLBTUcKdp682wBU12c7jh5wKTvVaoqwAugunvAEtm22SgymxXZxjffoYOgOC8poxbdDe7SRwDovzAK4YHyPl6AjyKP8Fp7XowsEZakRbM7fKs60Q3Ct3HajWclMP5LPbv3KMiQ3czbJp7OzvmQpCr8KQw7Q2ToINEzTBQB73nrSYMLG8VNdSyw5Hm3OO2b5Y6A5otoJ2AbzjUuThh6AgsguJcrOytyfMoraQ'),
(47, 'iB5UWSRJBJWGrLUaUyVCokO2zaR4kvvuvMUqr1V1vQfUTrWfCUoNItGrDNU4wJJmWyq6J5bEBiY857e5X1GKbBSd7TlchcgN', 'AEmOftNAQS0p5QlhjfMW2kMNKUriU4jja3DASfoDzoIsQNH6KbLgfebecgUwRZe4my3vYXTk8qog4RNP1Gr7d2u8EX4TmZ0lGHZd0f3b4YzZ3C1JjzSOBndEQCqcAyNLeyViuJhs1fWx2ib3oEvDWHXJ2zfUl7nYQSVNs1kWNtYNmekLRrbToRLmKKAhBKR3EvHZSwHzyzajqu2Gy03pzt6XtS02mJziOjR8c67WsUG2', 'q4uYEzvwcfcbwcwQvAz4ybm4yD43D4oHRERrluUZXihxjeQfhxSWmZUxQ6jv'),
(48, 'TD3ceiVD4VUxf628Ooy77r1HqOpUdT0LOhIYTlOUPq4G4EhasxQgvJHiBEmOEeqs8wd6ok748G76Ua5iBnSVJRyB20HfXVHWfdUZShnIgej7h7HE77wRScuFourN7iwenha88b86Yt3rssRs1NthyaYbAgoj2NmMjNC4JCFIfbRikSGIx8dyYVMIQ8e8saUtfVrMPRwOBvoHEWLaBHMyJ7nO', '0brW0lgkdKu1TOe4eYVWmUwQkWbVRhDF5xeue4gaxQasNE0vsZi3Foc5ETgcqgVypIsUv1faG6OUcJLwgY3bL1VKqR6va54qqff610ZjMe1z7qd6vw6lKbhV625oAZKlVwUTi1SeCWVlR1SbW6GquY80IhGQBCK7EaesrdwLU5yJJOsDeU8JMQAdsuGcc4jsKnf5ucRgbzStzu4aQTRTcIqCU8OQDMIg15dIsuVtMbhvelHDPujbRT', 'smRuPu8APtODKAUonO7q6RKiCpurgIjEG1awtuUfCrIZqp68wR47PjGXTOCu1lwqtaDfD6QiOlGv4y6abGykc4g5M14l48jj5LTSl5mCVwd3Vun'),
(49, 'OncsN5kB811t7jKNmdbgPj8URywz3xbmlfO72CWvjrQmWjvIkW5slibYZuWpbnzL6NGw1NiQoD66LOTGqUNDLSDK3czPjxN3IiINWEQFdElM8sGHDKLNY0Y5cNqjTGMmJdp2L7zEfaMNnSSY2WzyH0A0HhnU0xIqJnQ1aDEfrrEg6VEzpnz0FDd2Ow2guCbNRgcWFFzwZoP7IiTDmQWA', 'ubv1gbBV0tjDm2mmdyMEuuI8QczkFQ2DawbAKxjQ2Opc1rAinXETvR87w', 'OylevWHK306GhmFoURZM5NzuTzrG5eGpMK1eZGm0K3sM37ckMYcjE58AbT8iFHYDeLedMGaPmscMqlJVMAdnjknInCHN1gk5kxJcUsDVQdea1WVJSTykRyR8Fqckw7ewtb4jXQEseJABQxhkIS2qb4iZef5UwwvrgvwNO3jdzWezaNupbqBFkBovcOytmnjT5bR0tPSrsRuJpS0idvolAovdoz'),
(50, '6zwgtDd8dWXeKm0gYezmzbeEuV', 'YvM4eCbLaZohEC8sq2O1O0eEfyF8YsmUlZH6DO4sWVPO8Ww64ow25k7QuteMjKixv6Zoz5Zq3LmB2o8OdJeW24dTvs600MSqxn2ljqlGNxExHCb3pSHgJvK0COt4GZJ1Xj2WlnIU5FNurkCjtJNtjXwPIHQPgDgHoRjK8', 'u0W85K5FMxsTs1lXjSxsnqvLaU5ZnbAduN66PQWBzoKvlViYiVjtGqqhI6AUY0tE'),
(51, 'WAv1o4CqaXnOwBK012OgtxWWNRrDLrH7J2xfv0INgWWp6iUcTjpEkLPtW3xSF6tec0jnjqoLSNa', 'iYKwpMAwbC4GTouaTBv6p5CTJlAX224', 'paE0kO44XgCPeQ4BfnVCKeC4r06tyS3n27UEaVQEmiWgI7y26duuTUQQEwlMF2e3gRa8wnGceDhu01'),
(52, 'P6nIa5dftGcJbxAqsk8ps2FQY4iIVhgn1F04ZkvBjqOgwxIhbhECbCj0zqdG5zu8DUsYsKJaZYDrhhTeYYANEITjv2J8jyRZYzFpmkvOUMJkIesznOVF256lGCP3PqzC7Ngp76eEekueYrl1JeutZSXBEOrNC0TqvqF', '5IXG7VmTMtQf1ZbQFyW7QKIpNN2tN7li8Vtsv5nNjddDhPtABBwdYmHxXUzbz8hxvx6xA4wgD8ia7Dm7wy7a8QfBJ4', 'oGncv3H0FvSQ4McHFqykWFidMEdgwMbdjECtpwfG8JYqy2SxGilzmDwtn1B4TEFtUfZFyGhKQ4XzqMREO6CBMTCmcT4KK43Lvao6iQ7BcZoo3MwQW7uXochRQ45gpGGLrE2'),
(53, 'KQQdvprEtyXUdQy4k0gwFtBzba0DPwuwBmDAvYPEC3IqRWDHZkvfjdd74rN3ZDqi4GboUEmYxHFyJ6XsUEfHM2cRc7j7y26FweRWhw3frML3wKJhiBgTaedgfHkh3fRwGqYPgRevh6NSnzZnOzLgx2l4i8vek0fmNArrWY', '5lAngUdb1nO50GqNcHBmHy46SuQT0yuxpITjN3PgSGH7NXkDAYiHv1lDdUGabFUHnbbDxXIrh4bMeT5a2g7MxtZxbJygY1W8kdooKywKikqQ', 'wYPKYY5LCNhiJeNABBEAnHZBHKjkcQIrK2SKw5WF34XroQ3nK35bn81Era1TfyM3hjHLmOspojxUiCxppv0NHazRUB0aIe2oOsC0QZbj23DSxp3I4iccFvdPpMHTW2p3MYScC5G5nZmr2sgLuWpPBMoEVl5zDM8BImYHpGwuPEAzTp2lr7GxD1rCqtcdfGS5QQmYxU0SfAgIzMzkbA3FF2ludM'),
(54, 'm6KaBWn5Xyf7zCUIDrFBs6AILxcSwEox4e3Hm2RzEpRI7YW0i5YA84I3ejBiqLxybsCrpksQ4vsplTbFlJeVrKb5s71xUFAcaFbu5ncBDTfZwRpUoPlbk6zfqekaqD6PbabTyloAhnPHZeEkzcwh7D6qPwV4V2hcCrrNnzqSK3vHtYVVfkRd13spuUkjdbob0raPiwVly0K4I8Yu', 'dU1fkfsrsJlTNuICRau4kDZHoM2FlZndnDMJTDhtSeE5KYMEsqG8f8H8FtY0uYqPKXOnUlpwQmGGkTnREhn2dGWZhVuIXSbfEUv4GQz5c8uBAwUoswcK2VtB3EvyQJoeUiRzmPMu8eEEn4DQLwW4dNsxYScCrfqFljwwSAm7y1XHjMjr6ITUzIuDe2P2kU2lDzwwlJQfx3nmUfaQkRd3JrLsW72FAKVr5pbHBb0JQD', 'SgvaFSha6wBFXLFIsdX3Aaj1MLUxRpSmdjnjYv137kIrh0XdGyQUcZKf'),
(55, '4la1fTP8fjOOY7XZLnBV0g2o8cinAp6xUghzQqJBEXcqTKeR1XnLZirFm6gSgCOD5oaYI4onsEwXlM02Tn6OPEYpHIDESnnxBaucnpHEjMoQmKlyDbjtnERACsafgnLOr033XDRHbobbMflFOiKplcU1OB1CiKF11qrETnyD8WADu1JD2cb8vQJNPs1CB2flKXJIWPQ4lJZ1hZd', 'Ep62Jpxgs2EOxwczlAONEcMekS5ANEWjc2XQn5gMTzupjVMBSxtfQ7rRGVQ43j3j5lCcFnIvvZxzHRms4ykNhNpG7DSHy7qb0QSSOoMWWf1Ea4FhLx05MlF6WcwmW4w2wGIbz2r', 'oDAXMOqlB1oyu3WKawxnSiiPPJEquQUHSJRrxc2tfBu78hBs3IvOLybF7I2eiD82V8H3X3OXkPxUE6QGhDrOQ4XZ2AwjPWIBn2WOBbp7P7uMTVckYVUX2cuqlYHHJ3LM2Ad8DRKM5ykjrOegBQqfCDpqQclmZumvRoYN3Is2TvmzapxP8X0K'),
(56, 'SUCXmw06g3KdbyR1EbiSOGL0IEnKCDHpLXXynIAFO2pVeZ7dHeq4Z0moVyHxc6zP7j3nljQtmm4V', 'EiajZQccmYtqabraDRl6xSqWgzOd6dREbvYM8XriWbLmamCXDXANpJETtEQWbi5XZ3RAsNRuJOakMGdQ8QfzNQPWuhwJ3C8Y6A1zS0cZUCY7n3Vv7ERXzAEAjkHSaffIOr8vnSSL6816m5CP3OarRbWApvV4dQ7', 'gOSHFgYiFcbK0Ro1ziSGtmpn7TZWQbn6NyuXlcIz0dp1ydD3MdFGZBTzS04rF6vojxlLatRePuby1ZCahDSGeiP8P3CLeqUfGKIgw2vlcNfizH07T2b2bc0c8dJRdvxskzLUWBRRnx'),
(57, 'V8I4WSscit78HHAaEoX4BT4gW8jnkACIeCNNIMmnLx24SwuD0a5kXMy7bep5LmUENe7uuTs6FjR2to4P6yOiE77cx1Vfaqs0dQvoJtN5mMOczKTTywg3gJYx0KwPkaR7cyveBfcBo7nr6yQ4KUI3p7xcyArGtlQuREkGJHWTEnLq3jAczUwid1LvZTDc2EfY2WcJRvOYHCKTm28cYcoxiFZ2ik0BnbdY5z', 'YuxVNSJwrtd0E6KxyUFy3uKnWAb7muKZllCq6HOJRCpFjbJqJNns5pnj6VQcI4HcwHwJ40Lz0CjqcFVEglIsqj1wzDslj8HGvHIihLnMUDZXxS3eIw14GtOSLu2w5wYJNT6swQKZtdm7Bkz5g2z37XCWGYW54XmQSjqOVJG3bXC2QKGnGG7nTuKQ3TmDDtqVXMPPGMoH', 'N570eqI83wcvmW1Ww74E0jHe8LkdL42yjF1ZEBTiqNnpF8IAc6B0pA16hSmINKCIzkEVl2zJs318kdK1oNYhwCfMwImxare2R4BH2TwsT01UnNeilHEuD7mXYqRJbm1zDgpiKfIXNRi4GIHnokh0dCaU'),
(58, 'OQzFp1l5Y80kuMm2Kt0k2fegwKeruiCH7MvXTiO6Z8FdYZ0fO3RukKJU31pSz0M4i7UePiuYYefphiSahRUYtFdkF7Hzp60w8VeWn2aCrdb2TL45obdWE8ZyUQsKZ3ZvX7SE3BkgkX3jNkBIG0hROoHMT1fWAaoiZ2Rs1BhZJdSddTuMR24Lc6LVapxgSpEkvDmkqs', 'WWgxH7qzTxp72ZXBUXzoNud5Ld5H81XgMvZ', 'C2vNeieHhTli5oAsiZHYy8zti7ZpL2BoFtpHC3D0GlNohMQoeDB33P72yF0ZhyX5YrMX2MKBPJ7AqqTPAfMSE8X60phi2JrfJZ3HcjXc8o3YiQFs3v525xkS8FYGQyW0PWZM8Fq0Y7aoCO3SixgZl40JAaJeqhBXS0JbWAlplQBqIEOYYXN7vsWPmSzotMj1vytfsNkDiDl4j0tSmHLoCGVpLMxamappm'),
(59, 'orUhfakPA6puyAgT4IqthBbUpOii6OYfixS2pdKsymKdTsWrbkzh7EMkGeGlnrnjajv3CD1gA4BVbiSI7s1fXIiAaOV3QG5vQMAST1MQWzFp8amIO3PruqMMEnACpvrO6B3WQ4gcbZJdNyUt5Chtg', 'plZeTQ3fCkCHZwnglQAPBYIGCE08TGybBoJjj7ghsc1Lbe5CNeZTpjrJeUeQKcjCsbRi7s0YW', 'dq4bhraQ5nfxQqjniCd1uRp8G4wTLuBZSzkrkylXXTMa7mYSZRewDwgVjfp47yAH8hffFmZwdhp3aC0oWZoVPQRUB0Qd6PfoyixpJySoZcFzL7YjCIjlnjICg6gDdKo4GtwlWFA5zVuBUMLXdD7CdAGy50ldTA3aQ5YgGa5ij0HmKz1JiRHSMqSBCfGICmsWwn2GCjYhWwMNIkvA5nSv1SVhe4K2dlHKrNrW5rKMoyvvIJKx8mMKUqs'),
(60, 'RpopoRakynKO8oIgtivqWWRdIzgQCxk3cx81ouI2DrQaTGSLQnlvpIc10JYUhhgojpSf8QZHpTPIKkeW0U5HV4enuMgrx3LobPKqFGVutsbyPaPQWcnMHAbhQ3Cjt8eFhMkKkrViXcMcCwUFZ7ybxOhj6Lz', 'fHql2WJmk058Uq1rGeC2XXVRRNFHK52mjLtAVoA1gvRbG3iez4B25bO4tQPiJ5vUbzg715qE31XnnPohT4GhsLMsgQfA22mHmdyKUphdlHdR4zjMJB6E08bcl3ZUsKOB6FVwAx8XAulRvsG', 'tB34VPfpN3WKWuo'),
(61, 'lQy8ckdQsTSFNqvlYKj2fdC7IIJzTUzEnNkOIidaGdBDxbsiSNQO10VNn554ifyP7FkDbsDOMASm1GCdF6z85ClcIgGUqol0bdP4RuENKtMWQ6GcSWWueQJMxUTR0tP4Lcfu7LqMRecU2aiIdi2CgSHjxwuYlYmIBQNKmh1yI2oMu6x2BcvKrclal1gV2CoJilSaVtqZItg82LhDUqtIY55VskLNd20n1vvCP0KOjwX5qGHosE0Cw6k7aWTOKH', '16TWCJPAqXg3raZh5jGoNTfcfSAYlMZeE8iNgTWAofa7ueGQL8827hNTHy6MZqm2Gks8pN37Ftzkhg2TkhnHmuonibVF8IBAuMutm4Zz25skqcKOPJcDfkCt6EboYCNQInMLCU6O1HxTl2uPH', 'BEcUF0jYqDd4yR2c3g4MB6glkTRv0zBrgTG62QX45ExfwJdMhmbEMyfrP6hsUvvKGP3f6XXkUoUBVMGJmHSY10ZvNDJZQpMeAsLxTahvua1NcTAQnw5T6Tb2PzzvS63prxF0Tz0d8pVzmuTkXwPWEOzER5wb5Nz'),
(62, 'ADyLadM5OBilQ26dUNGX67bpiReqwJeVkjcbqyowf2rCH4ZBlpsbx4rsp7tWdkouJqFJZFhezhfDooLWoleDL6WefAa0GsNX3seqmBnVlNDCPg7sHawxU8zc8YXcjCWmIZItk2blPAFeIVDZ8dBZnstqprJ7JlTnZawo4THCAFyscswAZW5IkyZrmOdXnVDViIg3oPmDBpy8eFS2tY36vO8XRY2FPoScMYNT', 'nzEHxhuEd8EFArIiBaStQCOsecTPxcY0PCoKYTsfZ23DRAnjzfj62hb6e3WUCgqzrMGnys0G6dEZYJrB6LS1Si4nTTwbjNEkrpjkUrD5v4uaScE827LSzI7XSQBvCl00drv0nfe5cgYGlEyvSV262ujymftdBBPRbRSKldIztQeWF1VJ7ZAZdCEpLEBpIlRB0wMn63UTO5Vkxg3eu7UXl2gIh4G7FK3Vs4uToFvJGcYWPpfLYkP0dspORTe6nCA', 'jeDALyb0wbLLfyqvqiM3uNZzXgw2HdCVc31xFz0Jo3PQGn3CLPDXflUGgzby4Uiw7GRz4B8Lv48vMviyobQlMO6d2tDbidXlwilsGQ6aMOU1vigJe16Eb1mcO66i2Oj4LJmDwm3yUiTNxJkgOyiol7kh3Pgob0GnAR'),
(63, 'ljn3gjw3OWwBFpG', 'hi3M', 'vHyMvdWIYdJ2ZWqsHNW7e3ZtS27CRsvXhpNupAImHsquN6ahghYE4tYqwHYGtGyYKwQxH6vcDE0JwZvYgig5Pu8i0Dc2GAojHQDWbtL5sGzc2wRBVWmMwYTm04nEoFHr6LN3cD6eIrG1ybcC0xOuMFViiQBnnMZPazoDgdVXgOv8zVVVfy3dgBuXyD2JESnbLNbufjmUtXiUnFO8Etcy5o'),
(64, 'uRFdQQCAL47yzopYqfMBhdKxkr0YjlH8d', 'kWFEIkH0SEXxostaGYqJoBcfoXXgnjxj4PmBIcwECEWVxq6XHUA1RAFyZttgiwuVDXNVZDcRAJ3qV7yoec13HgvIFfgvOKxeul8VI4qRv', 'dunIfCRHL5ejTv5SNjczinHCwxJ7t3I42CqHlEWnwhzpCi3n3s7fMSz5t5bEW8HKekkLAv6FDdPxJd3Qt3MkoLDZjhptCCRkhRNYF4JJTfvaIMYgnBfV2y3xB86nWsNVF'),
(65, 'oxd58tUVOwcuvyY1lYkQwtM5o8S5JuBoI4zYMRGTQo41l3ODaGXCYIA7nvhPfX4dvEziBM1qGVN1jvssZ37ROTkr28wRHwDuKAVTakirlpbFvNIh2v4g83isykQ1TMyIDmOVBibENbJONxzyvAMtj6cT3DHCf2q2yEXnj2JirOGNeHKICDslEwhpFzXrOUP81XZ', 'JleqhX0ETkmtF5ZFcHum7GEmcM', 'xKLa73lRpw6Lx2vHFnWIrlJsD71zvOOt5fl5QvqrJbimu8Cg1xO02xyVfyoAhxd7R2NgfaCM0ZsMzXyx3SijBuekGsAbj34TuiiRmwp2237KlkAXTvbOV447ITcRmJSmDpWbm'),
(66, '0xstxEfXjV6Uu0oZcfUHmTYgMrndU45y0jsVwctIVga8RTYoimzLBCgd4svlUcr6lNbrCcHsOQFTau1cf3ZtR', 'rQNawnyoogUandhdKkHsmJjIYf2oHYzmz1gNEcjr30im2wyEDF41iuz8yjTTthdlpGPUb1AannNCDS0bXaVc7ac0TFHQq04OUq5pqAyL8yAQQUueh6T', 'Z'),
(67, 'BByihnPxgchliysepxvXSAfJxges5KBQSBmpfM7r1D6yDglPJBI5hE7', '6P4fL4i4orWVBhTZTouwHqcIrh3ZrzXnbbIIpIdHseWZWiROLz74av2yequ7NbKL7VcCjwpPrYqvZ7btoWHKZZrz1KaeI4t3qHSJCxFbW', 'rGOzJajUaTHiPakhm8vgoBZHQdt44CPaMg3KqfPxfYe7XYmBUIKDjJnfXxlN0les5beK72YQmiYlWy2CTeon5fiEczlTNb5zhqb1blEusNIDuIX0DEW3HQ'),
(68, 'vCWPq0vBDe', 'PBq6CWBlk8CmIqAQFEyXdDTgb1RRFEMIEiVKKkxzI3tydWvf4W1rFZLhDa1M3mITiQJ1OhJB0Rp3sGgLGhBUc4Ij7QZWEvn8CvXyRJSMRhVexn0TTjLVds1aXXmsJQ5i2PpQGXHGxxvS8JsKf2IMizQqwCXMnewGiZyzscjPuxZP', 'BTfMIlr4NC5YOfiNN2qcUNAipDouvENQkQEPHegnelkJV0OHZedAGXTRPV4nyPui74ONX5OkwfTKPkDo7c4aMxFfMDXZDCya4hjghgOjAPsmAJHNqqRUVyrj21USJhkaRw6DDggqvhybe05BIY0cjSuRTrlpEMapjpHqmc2yJ5t1PoIAPZDTwPPKiIjfS4eFa3yAiekrKapMQQYanMetMCJKeYCmnRiPl2T0kMUmzlR6ckX7Tx7'),
(69, 'Yw8fk8l7UrYvuq0mEmpFsTbSIXy1Hw6V0gQ4GME2hXg2fRVydWepLBl1CYsgqupiJQbEJKe0vloQS4T6uKUjo', 'CUxBFBVwvfMG', 'mZo3fu6eXEdMfXujcb2OeqE40DSwasyax2WuylAOujIbcCUcDaMYSy0byvwglO4GKqCMghGzoXUgqVwhvwgFon8lSiKLu2Y78HpmaVoL84wfwWJNLpstskbBtkEMjtfmAzvltjFifwgXRnJxBDLutPd'),
(70, 'TYQAKqTG0ytiMYcX2DL4SzlnZdDpCHoFmKtFID2Mu2ZPy5qZWTcW24NtUQICwQRJCroju2rnAmHAym4y0KlJ82HXaF5KdhiM8qXn1CFdUiqa1cwJTAiFC5vkS5uCQrEG5jbSAgEUufKTpGCbgXF5zMQMLia6YjOF4NXuskcqnJU1zVjVxrr02zUrnMym6M8aL38LX4hJUloLYKuIOS0c7pb0nRDv8g6UPrT7HsawTU4HU0ItiB3', 'hoVHTanjUQd0aqw8EisVlHsW3gcZGzvMStFhbNMFd2tdSNHUNXTg1Vw20x3VlrK3pZ1ZZidsxGEUTNMwZfz6tGcwzapbSfCAowUKaYAZ5g1H1IhTxO84C24q4kGUAhKttLKthd4jCHbxg07G623IXBco8KToK27tHZDaRp51hUFoY0m1pxIPXUwNPwve3im8N5IKcifBU00Ai2jtJwRdT3aFmlU4Uai3DdBNjSaTWhMy2SS', 'Tix6DA1x6iMbWPPEbENqF2qQIB73p5VPXVBBLqeLzSK23iPeDDioC8NztpfgF8IeBfLybkvMnboMFMhOrDkY7KE67mioAh2BgA4TybmCKPJE1tqGPE5VEFJl3hVOGvatBobdzqAMY0I5dvFPxt0rWuqEhB4b6cyFRyiGTStWVnQlZAjdDQNLtsBHeCVlebH8QHfB7Q3id1FTr0lr8PXJmCllecg878hsra2'),
(71, 'uE6SyTuziUTzaYDpURT0ZgK4s4Yq3MbHoR3KU8gYnj6BrkRXWKhekHdIFfQBV8wpz8lQlPoHV6u6N5WTuDjSOblpLovSH4hBMzE12wblGVF2VYLBmpeYpFa5hj7uC7OTNYPlWOdCNdJlYoSEh83MzfI7YmfPWEYWcbHi1qbnU1DAL1WHmPtNrbXgjGm7xXXzTII1ZFjlUBaCv0JqHaTBe7KPKvg1sfeigx2gvkVP7gn', 'Ss1mCZwkHk0VEaSYehakY2aeJjRaRGHeCeOkbek4rpjTG41XuhqPgyKgWmQ2pNKvEOWvuAVY66OfMVDuZDUhkAG6eylYTVPrn5kCOJ051U7mwdNJDBVMQNqmYscDUM', 'lOx3thbPlejjvFBCxUj3cW7UqLynXFUY7i8faJR6VxtNlFAtWRWtot71jaHMzCLxOQudvzACCvcPxbZFuJMI66IR0emJPgRngt44nYeGKEetmHZXqS5K8KsGPjdTZMsbZNKIxD6tgDPbEBxeT0h8L4iTbWYb2'),
(72, 'ExYGKjG7fhiO5sfTUbAhl3oib7v4zy63sISCgmhVWckLPXc4Sr3NFwUCZNXJy3NhUKZIOxnzujCdY5QKuSKNNwDxXH3TNKhQ4BgIwTZHxBXMfi17M85JQFTsK5cZr5MIesyP6Wz8tYApXzwf0mirrLHGK0LAVDouMW4FJVPcrMZnDyuEUWWCkpwePIN0SnOrISq5AfcZZwBR4OgpQ7C3', '4BA42AyIQQMF7g0rR0pviOtsTmaWfOHttKYiFyUsT4x1ppqEEKU5t2RYaI1JZ5O5ZC6lbUuD4p0ko6dfr2KhPBVTRntAnGd8aEwbEjERFysodEQXjBOBfUKj2GqBmiR3SAXepB70pAP76p4Udh05bxLEQ2mjzxWmRndHRCHmUWKSciy7qvxJjH7dKOWp6w', 'dsYkUc5xlmlKpHiOO3ZJ34sls5qL6YEXqj47IQgnstJs4UIpBgzOsgPlO1RzbUFfPxeyElKejlraUMm2svWI32Lde2uZQMaHHtF'),
(73, 'VkPugRLs00m8gB1daQG8N228vDhdyg45CSpszA3araM3RtJe3dUxGnCRJbBtPGEaQk4IgsKUUKGhEVWTZbFSXTUyg4zC8kd1AoYahvio5KE2CJeqoqQ23M0aem8qi', 'THV2JKiMelgZEM7OX3j2', '6vJcTmvAFNiyabqcPo3hCDJOvHglUyLUk4MRx6IAB6Pi3mMYNymmVONj2RHLpcqmt1KAcUprCbGivCIbjlVywBGLye3I8Teodtj6LfSLt8J8wyulnPrLPcyLB68Pf'),
(74, 'q0jBrLwWL6bHrehLvJbkBGrWxKy4ou6c10O7f4xMFXSbd7Q05aojfoEG5CdSAZlMQOy3ERoxBV2qJ01bzYh3ehzXXSDJHUk1vUUYyfmu8zUYosBqBOeuPrUBqAq3B33ZyEza5NPPxke2gMRsUvYgCmYasLg6RGtI5fIVT4RRghotCreuQychtpymaDcPgwLowCwNZqEBRQXyPRDCzrqPP5', 'niPGUZOHukhjfkmkCsJw6Dal5BHOa2cJjOUDPLkZ0T6TmxEs3ZTjH2UuuzO0RhMHnxq5Y6IGIkhFnSlN738wlRmqOpWnUWVaWPgRocoaryKlFR6ceC5w2Iw5xbdmV0QkcNrxhNs3yowNsNnc', 'ZCdUc6Vh5BMkQ3Pl05VKWjTrIwgIaQ0OIYLlfdn2AEzUKgtZ0wcxllTdhHhZONvEh24lUoPO4mpACcgnjrLwSDQT6yzcFpN'),
(75, 'hfxFVOrmxinecr8h5WVSS7CGjYAQG4DqhRLTISU', 'rpB4HeKI7jGwHm6dAc2OmIDHxlr8Q1G0afV0A3gNNaFafRcmpoX0kzoeM3RlpjrTPsU6IoN0zTg7Zt', 'l8IR4fb3jTfcAUohnqw0NYugHOdsvNWrJwn63XNoBxCgundVE72zStrDD74vlok2p6D1WeSU'),
(76, 'JZ4qZSom3rs7npHjv24XmF8qxcAKZPpNk6cIIMJL74mydWWWB8sZW8RvYVpvoESYi0K86VNDgtGDB1TkCXGgaa', 'yLcxDt341UObOoC1uIslBuhMp7cyhUmrV7YSs8QOHdB5PcEu4SuncIk4HUSbMAxs2o7il2mW6p7sl54XS5BLRdADVM7JrE7NU1TCHvd88HttrzSwR1QZ5JHcGGYv6vK', 'GKriPO78xWCBp7bwPSfFwd41Lr85DPvh78KEVhVCBEnV6TT0LoPzRUSRJmCoaRiL21HXSKFrUw1SVYOOUlexDw22YR04HRItHbxLN1neBCCteVDoxZl7jDMkWz4EliDwzzsKXdBblHcauuyUj8shZMnh8khys8KgOx1MhXYa1rWuvvXFfzFM1Vm33uVcECIv34a3Fpr7GTAlhYMcM2VpeiSCfNuwcfk8Hn8nN'),
(77, '0Vi84vdA3QIJ0kutDNhNmyqpED31QYp5hy2BfuFX5GUYhwWT6TIXPGFR8VQcJpIRmV5I3ItazXZ8R2qVwK5JuaTds3BAu6nsEgTat25iCb3Ofys5yCI7ioVvZvngpsGObkq3mAX6TaTIkU4TvTJhmbVpCUzLR3XZ', 'agnkjeo8JZeAMGS4ow', 'nMXZZHWcMVHbjFaIJZlodEJ7jxbqLnQjoL7EOyQfal0ZG1iAgeyOE7uoUwO6DQt7cQXHE7HhRYzHVYAodm6yWFUoZFfcvMvLcTmMuEbf8lOOyDmtYlTQl2jbmSMFAJwBoXjTOHRKwpDQ3XGDLckE'),
(78, 'wmodyR1MY72xdHjhKGoexwNE3Gbqb5e3cBE20HDYjW6dw8B8OmCHXB20YqffRraMiezmYTi4v4kFAS5ed8GGyPbiRAbN1l24URb0hYtkJaIfO3E7PbL2FbPipUb5wlv', 'LkkQeB1GPsHuLzzVUvJmR0vGcgizPZCdNvvRYwQrVk7itgY35RonxudmzvV', 'mkQJ1v2YwhfcA7rZNiouIqmpHXo6C04oSGK32L3oDocjFy1ymQxUirXoF7CL13bjnOeEMHjay0ETuKJ2QFcXxmf6ibztg7bu'),
(79, 'L7nGpJR0tVPOsiULgTX0KGxDfIh5CnS32yts2Lay6p4riutzKa0hlVaEiVnYxlvaMyzhnZ', 'Gf52yb1pQAMVuxoWPcqY42hFozLjF54OpuuGDoeuTmrK2HrcFAHYA7ZlupMUuUjyBzdvtCT1pLWyyqLaei2smvF0Oicrl7GSSiv8j7YrgyL1', 'ZpvMGxhLotRsths1MX1hjkQIH'),
(80, '0VuHxkydRNYfkzSU82NSHmWtNurhWGyCdrcpa7qUjEEvXQvNBZhAGE15WhjuLMHaORWuEmdDA7BdwZhuerdmGUqY7RfzNXaviLwIH0sNQdvHcQnMnxAnAeQCKkZ0sUAhFDLOHWdk5CEv0yaNgkl4XmPOu0svaZswAhd', 'Kcj7m88bDChsABhW0qOUCyn77mTge0ppQSsKhBjWI7UbyebY7uziEAXEZexXJ4gl0kTor7fMWHdswhFXAqIFtGpoTO', 'V4ysfnvUKT0dQejKLz8q0O3HhAlq3uvrMKgLv3VcLQPaG4FXmO7QAa751ggfjnl1VLWOzIWNz07YOPicr5o4Mexzzj0gjrGrVf8RZ5sOm2YfLnWJKzPRYftIspkqODsLcixhxrB5NBWKcD2xBaGaDpso4RcqcAylxqaD2jyuowH8aEywiF28jFHbN8OdW'),
(81, 'en2rbWzvJ8CtMUU4dBJYqwS3Rx5Upidri7YitYIRzgeGhcc7B87s7c3IRChorXA33dwHTFDsOl7A57uQ5pG', '3eEOYzE52Gp4QUP1sJGn8mU1GW1eui0CsdHxbjdg806eoKFWNUMWiUWPNllbgw3Zz7rDNXMEn4Le6JeNleWtWbkqODD8ZsPOtEiDUFFd05KDjZ2eZuBcbTRYXqFhEk21m0I1sPHpNRXm2nGXWFvBkigF4ULWLdf3Ylwlc5MamHk0inoc3OScY', 'DtlNMXjukOJ8cjD5MhTokxHMWX0Mofv1US1wIhlQunIunTTRhUSwcuXqeAdnAievHgjC42T0rPN1uuQkQk'),
(82, '6DcqRGuyf', 'yXiSw0gJY7bB4YUYS1VA5Ko0tYiWsVkcSFgHdKyi0ldb2VlL2pjCezhcgNwNv1DcTNPusOUrOTBoAwR3gDH0ldT8F4PUBrgKwzV4W3k4pr8ZCCzccOBYUWPhelmHxhpECph7H2IZw1XsV1ivkdskZBZaqMWHbSWXVko5HmyyRvnBHjsbYKyTeCZbe30h', 'TpVRSvxvepiLcEj'),
(83, 'pM32fAxHU0yIlyTynbMDqDUMeYA', 'oVIv4WTFMYBt5NtVlBV0ufjQjnFznENVWE6mdzVmSEZXA8H5De1vICIEd2LpNBJWRNpMZ0IgUCNmCoMrW7Bj0apJTyO1H1JI3TyMPWPTUAT0RAuubp71QPJRMXMytR2XVbrz4RLeIVitmfI3UlyiVi1A1QqAV82DLAKZpbqenwNp6cNdnRaOKqmpavbxxh4IJA8l3PQt3KPxd2dS88SWpmp', 'hDic3HXMpeaZ7Uio0edw7dTDLbySjIqpDrs0mpCZe10UnHlA57lLCfoJTRFIWD7MLdcfWy4zKlwKnUfdNdciBxtyHmDQj3yQ6Qj2cmKP8N28vPguogFq7Y27eTKqRDYrG0cYuPhnosyZ7zC0Wzjc3sLWNn3JtrRsov30WUfI3bU5wkbvkWsd'),
(84, 'xlEX8OPgRjKDAeNVC1JWJEfOwD7pnaMeQ327Qxvvdk0c6HRjjrvmFR0BupbWZBA7TnEipdvqI5xRDPqHIpe2tEXftZJPCUqawjNfNYPqNBpiOcZPSsqnwGRQUfm2OAJZrYYVQ3FlmTXzEnodwKU60GfluWmG7uRIoX5MavBoFJ8iV7BRN1K8azB0bQ6oP4kuxsnXUs723prTNpUeAmImB0LvwgLIVMaFfOumkqJsSLP', 'YMsfnS4O5MykH8CqKnbo1gpamVpVpvIAHXBy0bGh5pFh83IDj8gg5uYCgNsX7eveMTObtpnZT8VaHj2RoMhhYJtEkZhkR', 'VRknCOJ8LZY0PrmEqALwrjgtO6vEECp5eFuK2X0RunfGHf54U2hbmwk3HvPkO0RODgiRYMg00vrOny6sExHGj8zn5lhB5v3wI14Onb80hHXyLbf0fXZbGxYnCVq5Dl8Lud3GbFMMm2ztg5TDOq53V3AkUvK7l4dotLazUP8Xx68Js1OgK0IQqkCqn5URjFuNO8D161py6zlEWWfUdeO7CLCi'),
(85, '6MvTugbym5Yq2A4tMrsIphQqfBbLg0XNhx2IoaUIQUjtKe5b2lrFHY5RtNxSEVDkp5SGCRthnA6CuVbWgvUI4Bibp6cxBM8Sm1WZlCM2FujBODeXiNQJ7eoBwkZ4cBKY', 'ASjiGVImXJrk0cHhI2aowszpGHA0wgIv0Gm3X6G6rITokhWCDmK3JDBeLpF0kOoMFR', 'TZniQhqlKjzfjEXHq4BAr08IY7zFkhkb7gxs7bwZxDJrNLrtzFdcIfB3L3DkLaDKO58EGfQg6CrM4lVI7CcdMKiEiTkdFfcHXUJqUz0vxILmIbKbkk2Adwsu6APn7RGFfL1hPqCBNbIRym6UXiTnNDa0kFWCuhySBgw7ZcEQIa7FQi5Uij623Kw2VOci2pRgABHm3ftgxxeb2EWAzZiKIkYY2XvoSewX0dTp5dUzHMzygJOAWU42NtjaJ'),
(86, 'ibrwgiyadaDKS6BoqwKzKqMGn0XSZWwb0zbY426YAML15PFf1c7iG6rs', 'EcpdtmjxxjakjcwO56A5KVIgiaoEhBaK2UXL4tx6DN3VycYeD6P1rApqj1HIheG7Zahh85DGbS3kMhNtWchMWyIHFolDr3VLeisIEFH8AFF2FOBVxKBXM8Cx6E0VxZScos3sAYYedbMuj7zcSOhbvZbSM', 'WmmylxByUO0PJT8CELubfrqcljjRELCRWflL6ggU46CAxDJaX2f1QfFUEN5rPYaQRjAPLH7sLnuw8l1njtkV0l8Eek48Nzl5W4IMBn5FxBH7C3eXCeDDQC7TwL1O0icZY2tMvsYR42TlxWU8l4fytgM3gqDKXEntifHpS3nsWfKPBUFhsaHuZxl4j0iyfEbA6gOIZT'),
(87, 'gPpOrNjTdqIgCmNbXmMEtbVpm8GI8q87eB3TJPma5AaVWuYOIVl3H5XEuWRuHDTt7cUroXlO8tE1DClHbjWVKta5HNyl62dlbd15CICYbBsGtRp7zRzHDRTyF1u2mtvxYoF8GJcZIEm6HfurvBXsPQLx3DOj0WzhSHxdPne1m4PdAyz6RQEoRDW', '0vCWhxRU1ozH8QRvzvQYau7yOh4R0cBdxGmyVec8nICHtr1DyhqA4bcfR8YjevPuSxEY15Y2zZJALrq58jZ0DwMPrybZ76rGEEgDyvA0Gx38ULfELvvkdu0KtVUjc4pKrncrfJx4mGyIZ1EjRN3UNV5AfrCxOScweXBqzlOYU0LtnNhk2iX4NfHSsGVALNGgUW3xUSim4VoIpQJvqwFvCUZRSoeNA5C3yShOlwwNWoErQrmhnOAWQ41vtZM', 'JB0WJFBMh7kc2zJ0zOKIqe7bXP5ViIxrgNLaNg05p3w5eTAxSxnClwTe4KBHdvRxy2LkmcqztlW7ADMqMl0caca3kUYxBVtu1nB2VsdqsFNfgW0Od1uI5uvoQktRlaZ34lY8BgKL6nYNPQ5CA8JImFZTofGdeA5zgw4WLfi08u6zsNdDFyZQ0AzmvSR8z74pUUKrkpccukGDSDSsHaqa71Q5lZ0Jn5NkfzpQFzH1vRdyzF2HKHZD2S'),
(88, 'Vc3pSR4OCQctaQjFGqgjmLnHTRFMUhgkltQNnZt3B8p2JXVdGQoPJjfnibPCUyWzWkFnykcELWZPxa6ImzC8QgpkgPTIa5dY062YiaWSqqGZxSihuTXvT6tQS27CNCK1NzINzQ1FhS7TCP1fPeKLsFPXs0eFMqEGdZ7o4wNSd3gPH6yHlahuoUe8wLk5nTdOPMP', 'U2cmXgUl6t3pnceDQXPKcQB7SS6TiQXap3sV7DEIvXKUDgXITmolYDfHQuwCGT5Np22zq0', 'XSjswbKtiaPx8wFFOXf3qGkAzcFZcavh8gzgoJBHLJ'),
(89, 'GMTOKJxDEohsoB23Mi4k1MKruXhNlNHQjLKoALNTXEpMrIccqJ0YJUvudyvfH4o8pxAB5', 'XmpOXe0NHFN3LP3BRIkAqGIFWNrgsZ6eAnfvuMqtfbJRnXseo1caCeGHQZQCKBcYD81p1EtLKuK52wXpnuF72mNXgIApTAzluigTcxIcjzCFcecFoGKTjyVZE5UbqxS5udKzYu8OmRPXuadSsnzPnInIrDtz1eRIFuq06P8utqUxOTrKfHIvEREpbhZD1vH0AiwH1NuLUhBsxBdsNjJvjXBFav3N1JTiXw7Jsy6kEI', '7iAQ0RWvvgYzsIIDh5iZdCecobBiX6p8fBweoI1nURw08tkCrhmJIfN0UDDjoTkihv8M7jK4lJClvSw6goufaIYUBKmqY4oqs6y'),
(90, '4BOxYkYIKYaASecDGyKSotgwyTNHe0A3osThjfiURWyBBP', 'VsynFyVz8yMQ', 'STInzc8DwaKadYrUzTBuTFuQYPpP0wqxIWSYXuwDPmSmUsbWWJ5Q4CLwSVnYNQYalmdHzowHw2zhpxgqlaQsbmJX3Q3YQ34IagWVQyNUVpPDNdBQ1uwkxzMhjpVzkDikk2ikpmCoHmkOmEgJ4Vys0sWz0fkGwf5ePUCurTDZXUAt0oOItKCBASjisI2ccDsa0nAJzDD1WqNaaHNYXQ1GZwUruKkptjDNJ4UtK6EkU5Y2Q1w0k'),
(91, '5JiV0ZX3c0t163OFaHPUgeronlN7rFJxaQysbpG7sklDMuJh1OBlOmQ8nTOIMG7nT1SzGWSntjVr21sPGg3yEwmOJUqAfTNwOOffKyVzTHHiHn6ShL5SQGrUAIUY7R1TJUqNqCFRacoiLGCQyAIYmWZjHDDtMZTj5cG4WUql8amBTm', 'zz47kNXdKH40WUo62wyEgQA8Btw2jQoSGCjwlTfRRISMaJlzu', 'vgxVRtJJM8w2ok7qXr1XZ70ENzs5GRZdjQJC6wlnUs5fmj6hqraxRcLCXr0NvpVkmwKpu8A1ryzJBQmRoIhE1FSrD520c2mf7AFu'),
(92, 'baexcNOMTlxBFyVDhKrD3mYzy1hPlDj0wkwbJUq2wKsaeUWHMMX8', '5dZ5Pxn1LL27Bpa61seb1y3wlqjQWc6lck0TyooF0eWHz5HwKspZdVgWeR3cGsBw6iGAiw8E0d134o70jr0aaCNKhczls0Nnm636TrHMWGNLRFeUsNOYRd50bIOjmpjVNwiudwQVfcfPQS7oRmnQ26lWJE3PbeEADYSccvq7GAds1bB4UXxRvSaFm453ZLZxHPW3dlFIsggSYTFpaKe67ExfAfWfBSWIfkmCpJaxtUwkXJPsOy7t6WrWgyUNTj3', '2JpCCoMGEsU4A4KElGvVGlajsLUnQYYoLV8PL2TRQb8OJxaYcaf5Pb7idVu1BxGriYrHN7Wl5Z3Svki4tjjdbVzy5buPY5LI2VhvetUgBveCYzJvfAeeMxUV3rHieXpOfEdNTPo4CZWyLfuS4LBX1TTWOBhEIbvpKccqnAuDR3n4g4YRLdGTIRSNdiY1BDVQxd1Ka40snhR82Di2IYbgtsXzr2m8hU5SWZLPxyj8'),
(93, 'JYksHsBJuPXVgxMdToL6kh6MFDrUjVeEOAsjF3x1vAHd5l5DXscDxgNDYtWPbx1yHyc3xOOsFUE4lyLg5lRDlnFv4j0QtbG2jSBUJmXigknLeFMCCTq5qk58mjgsD1y0rr3d3ZfInTOYORO3QwfsRQlBENxrtlRMaAjDb0lLcP3xwILdOWGF8bbIYTCmpHHPgF4oHtEzhJdngbXthPjg6L4k5A7VkYaKx2sKSKjvsNwwLqD2eEhTqeCIt', 'aBAN7C6kJqaokzhFVGL54M2EsFw5BsgoRj4sJsttWgIKhqEDX', 'ahXtka7TweeTFwViBDYhiJLcoV2FVeqFJY3IuWNUh8RoYf0nRZda65s1IVyMp0WDGVFdKQk1dmla82gv2Due4NCqAuZAQ1C4uK0B2IgjYwKed4xxJ2pNVSVIls1lRDPZXbqe4Q1irE8Oa8vNgGNmN008MWOZrnhcyQiEYeZE0WY85UbEIOdOGb3WGv6y3k8ghwMUBIJ7gHZ4WLjemC65TjfFvnl3Ly08yVcSWm58F3snFPLWk6zr1'),
(94, 'n7Ce3ppQKcs6m4Yn6WZ1ECbVlXxktb1ZbT5VaaBGhdVabARES6mxh1R1canRFd8MmMrsOHd5wU1HsHb1yXXtl1LytqtZ8CahucPZFN2ivUisceSs1Le1ExMWTCSMFsNmc6pqeuk3RT155YrpVmZIGfUCWtq8ZQB8njPOQWBJc0fJDVtMw5O311mSDG467nW3NT48FpMJ0s6ZFQQPwonNdrtlYW', 'rF1TnUIQ1Y2J1FgI0N4v6DQciX2t3RTOeAYa3L3IM8ZD4fMsxOFSN75JJB33zF5phj2ps8Z3Yta0v2qXwNNjkUc6nDwqowpwYGWOfd0nU2tPWN21faS7XueNaDUVXQOcanY7lOHeOAF4awXVBZrC0Bwf3joSxYVerDcQ5DjikEP6chrIpgyaUu6hOy4CVLOH', 'urm6hbybV1LUsxNi5Ti4XugrKbIVnVADaF0nFxDIw7dwklwuLwrY3nJvNcoNFTCPKwpAzpPUDHc4NBjeehNq7QzTfiKyQM4bf8opiRetsdrr6Mcc3GXbZntnLznIUiREZfo4hPj2ziatAYV84FF1ko'),
(95, 'iz8k7PVUV5l0rfvZ', 'XWRzIiNbjEH8wpDG7Pb08W3BeJU3MQaUlUZ6mrxIKkOULPkyV2GYtNoYBZNpz5m4MpJ3D086OaQYRsVW5oy62CQnDKBKuCOBxE6MWgtSZe0gGbtNH5YqbzLTELyVeb47Vwas7qFrXZ2lefkkljBhzSGzMNGNj37lcZ2aiaQzH8qUGnX6gYZqj4O4048IjuQDa8FCDV05o', 'sw3jr65WtnFKE1fN850na0OW2KtatqvYVoUX4m8hTlHIugagthpBl0MhtT1G3uaGJIIUzRwWHxWo5DPZw8FepOW2IQhN4z5asixNnxZwd40'),
(96, 'uiMNp6ynd21hHTjxvlSdewDIYp5lFgSiEb70ddD1dVKDKIB8aoXMEKQfhoR8YskGIYIizwJtedDJ4oAXqYEw', '0uwvTxfjYgfDdLLswtgNuxYTPaLgP', 'SiQcVMEYTcFHdGAfX1q0h3RGYO83p3w6ceGs7NliLyNGaznvo5oRFBcYPfgqbVw002e6HLgcdMtwM5BrHbZKShKM4I5R7clPFsxxDuPEA1iTwDI'),
(97, 'uFYD5aDKaYTfIZtooBOlfZAC8mYOLoMWwFzFyJigxyy141uyFswfRDSLNGIAr5W05ZcYopjFMsS7elDDxijKr76B7ZkXjfSifZelMipdEGC07lQTz4iVhp5AGZUtXMpra4ymOz1kmcrK61B8IzGXeZ6ZUK3cymx84qTOxHIzhqGTxHIw2Yhj7Pc6SF', 'j4f82PoEBCblM6vOtDi7ripTkkGYyzTdzugQhr7TOfCjQ2yItEl4p0cly0a07WpoVPaYafObTOmDCVBi8D8Z6FFBzsYVSdTd1EmAzCEpHQeUDNiPitKzH3eQ5nxXealMY8rU5vFyE8FsBTI6DNFwy7w0gzmsvzvdYO4Z1TOXOobVgXPyWuKZIrTwVcVOVwbkYHT', 'YOyq8vSP22GOnjY3wfBpOPHvAreX7e'),
(98, 'y0', 'O4yV4V0SaKyVvWwTBKNJYtpU4oamcPEAV0IfyGhwTG7ljVGLZEar3d0wFGfVpeENeWnrtEzS3kzP63SKvnTGJlhWKxtgZEPY8P5btYcgFgjUMjiu0Vyp314iS5R7izuUBm11EtKa64Kdr2eWBdTCVUYXCerbqA4Auvp1ME2t8UWXnhCsvmGWCVBRA4g80NEv5ponqebqM8ePQbzGwUVZTlPXnGjmCeVv', 'JEe4oMbPq4uvMgyC0EMNSCRTigEDCTwLgutNi4ehyc6pGHPuqOOVbv4i2ey4yCFyhbmycmfVQb1mmvo10lmGfbZRcQz3PvmCT3PzhaTpt4CYsDHWIhT1B8wLF7mUxFWu8FVxfy2fXLHTAz7DWjOuVna6GrJQ6YJ0w30oHdVVrzZyL2JHhPws01rhy4H7ORrkikg5tO8JhizZhmnz2H2'),
(99, 'KN1AcS8dBSktiZraMvFFnzMDlRPJIE1WtHk7Fqn1MPwcyOrQRBzxv83SU', 'OmJijvF7hk5BMWxSNKbzSORg7nK7jgiFPProeSflfm7OcyRYofA7VPxe6EM8CXC0CKDbBuYx5dhDpG8', 'jcSCfKOHqr0OEaK1aXHeC2x1AnqdOLrtQyAlhbJKfJGrTiDdHaKP1jWKVZlztPQgZB4EBhkXpN4Fa8B3tMIMPLJBE44VkpvzsbkUTi3IH0tx417Httd8t61o6OQx8aSqGoSrItoMiak8xYmZhJeUaMNXekomt8RO6Ni5NxOTptIji'),
(100, '35u3DglRm0NAonPJL1KHkm0xNR0MIGpCCD6WBjIaYD0qlWHtJvYcBeVZUVKHBTQENNyWLuFQwmw7hUJSdrB7ZHmmzIOCP4uynrFTZU65BPF2v', 'iUPU3ilPsm02Gj05W4cRFGUHTDBPmiB4UJK7yMrha7MuGfEc27wCeW8q2A68Q7TcHL6iQAVPyP4TPH4Vq6xhDNlkWadnaJutW4dl7cPZl3MY0DPLRjGCod4D', '0YYRYys1j1QSRZlVVzAlwT'),
(101, 'aq4VoWOTbv0iDAHJuY17oN2tfxtxiLUtt8Ozo1sDUFgtjtMcReFwgH0hMV0b2DkPlZT5TjtonNGkWqxVm6odRBVxSGEQAYaKiEd1YMHQEfaVPmGQYu', 'KxmtsrSHzFily6tGMckNj1cVHTluOYqKbaov5nUj2CaApcfcswLILn8AumALkj1hOfuAiEYtopzXaqdlMYXigQeGl4alYVFTdD16UXM4rzsdfLtqkDQpTrHrDw1Wwg570mE2znqHCfxpfTIUPudWA5f2EyTEv2uKSTxi7pLaTskO4QrnbIrp3mglk3VT8dakaJnFkn2lE5Yd4VXL3EvAaR', 'nGFEnuL1XVKtKmfA6rPQOA6Rr7h8QmZ1vfMpBVdGXzooNVjprHSW3aECY7sgIeEDvHEEo5WJvpQ3Cg3tYM40kL83KNE0oLUrOMN7IkRVfx8yDMttkiB8TpcVC'),
(102, 'ptAURXpIHa7vWIQmr3Gtbtla4eupT', 'c4sIFVTRbCiUoPAaKIB7TJysOZcf', 'kIfD7QbgdnfEIGREicGaEjb5ByLrFYHD3JphYDaSVGuD7fbgwkGITbKo02gXXlTTfvKWmn4h2cOadrImayIqU74WAJmKy3XJhec2yhi3sgoxU1kCgA'),
(103, 'kqZRYukg6G8QD1nfMIDJDHHDQkZBMZV4DqzlgBoBYSITWCgfebBwJHLwX2ik3eVHXosXBQzRRo80tQT3KX85G0wYGN02rz0V7', 'LDGtPV4UuvffhPGmhZcd1RWHdHyOnawagdRilR5au0zlLfaGPa0egUYyCLSD5bff1sjkETGEIyDHlRemNmY7HEsBS87aaKvJJXhFXqs5mVupWVAoZo7qQk2DiWkG4aByGO4PRxHfrFUnNfG18myQcsqQ', 'qEQpQvTAFrBIrl6gjn2fPAkyMw07P5'),
(104, 'VTpF73mAhIHcU4d3yhw6IcjIRnsjQtp5LZXgSJMFgjyPG3S', 'oiWK1ZrREIj4TTyB3YReEPqWrg0fBsKMzvRimH1QjdfQS0d8JYjHtyMQoxBhWuZZ5QL8YLuc7ZgXMb7C0mNAtQXPZ4rtZh4FJLY5GfKXP7Bo3T3TUMFylTHQyC5xWbYJKP7mRsiX6sHspBYAjc8kH4ypgayrqTVoQl7KLzke2y1BOslP8TMuzw4WpVnOECwgXop3xeJNw1DkCDMrwZqxQNJDHBeIUAUn6l67x', 'cq4aYatbHHyUwObebIPNm7IOStH6UF4TZ5wtxbx2bsjgsfKuYGT3fsTQDV7fMYQO3FFipppVImrfPPrpiq5OmN8g2pkpPqx5vJekzrJ5VjvZrJdqZdxXf0zpC1QXfbg'),
(105, 'sgzeQ7BbKKQyfRyfQmq4iAbPHKDewJ2t58Whci7c6B5WQKCqVQo51JJo7YT371dBKhvldrkxsJ65M3Tc3PBoRyRStdegMSdBy3M8mFU7rA3KcTA0bCekhyOwmVD0sYrNfQOOFuyohVDBDJO3x', 'GSJlbAQctPk5tzJMtLN681RGvguOeIm4ENGHtZPeIifuLWJC0Hot4EWFL786VYVAyrfRvrxuPaNtSe1mgqrDdb2jK3gSXluVt3KxGns0pbJJEJmURClpBlIoZ6Ae8eOx1mXp8XDH', 'cdHoFqTJI1Tzys6P3ODGA1AVtfdwnstGFEOJ11d2heB7MAWQIbIpOhIr0htrLnIELnJhrKswczSGNUR0SuM3dmZXphGtnBCUuFjoIVU0LTL3UM7BVYcIRDk4N3gDg8QXpDjCQ11yJFz1Fx3FKaZ0yG3mdpv'),
(106, 'jUlQgOPXTdTztr0vyMci6mULbC1qea5qCqjjJnMVgAs8tcaN4fEvyzesRVrnIEsdarhzV1OXVxcTnvbxEvR2AZWQpq0inXGLokktLWrFuj7yff8SdoKD4zLV2hxDZrhbTcEnJnRSLKA2ilCe0WU0RQKK21rkiDaSx36YMZM47Yv6aj1DxdmlDfeBeLdkA86R2Fwyfh3wMe7f0wZ8Zv2eFDaB6dYCF6RKDg7o1YcWwsLRpZoWnMAIMcQD4azC', 'A5GgnhuVBD54cRWE2s4NFgJbV6k6eIpGf0xI0xC4hwzHWHZHac8L', 'IZRfG4XLFZ0QyvHxXbpHGPr2vNuPcNetmzfPb1XJJdyuBw1AfTxJT0SFuyTzzz2LCTKDJOt1xiixUhSmbujJzmUpuVi5G5AHDH52tSTZV6pOuAAOuALNLGZniiSdoMLqtK4FCLOkMrNnGhJ0fZb8po11EupoNC7XjCP42CT81JjVLy8uJH30MIhA'),
(107, 'Kktipl8WYBIcCg1M8w5u', 'VoP7534K3yQLyOCe0B71Qt42nTj6ij6BAV7IwlkSPvS4wW0i8zdkh1snz0jIeUXAy6yZHrJvHqh2eMZZfDFRqeILrOYIHHzzpTpjv2KdvtAoIup1z2MFmWgWzHlGm8Ze5lIhIlXURoQrn1oi', 'hQxiLxlOCQTu7UQKkHaPPr2Oxo52rtXp2oTKkZu68vYqmEB8bt5VXF50hJ6VBHH'),
(108, '6XECla2z4yy0vFaYUkNRDWTxeSslI6nOHo6BKaXfZpRMiIuaG8T1XaUDxePyqlonjhujdoq3yX0Sk30yV3wsYcoilF7jibH26umAgjrx', 'ShjJ0xP121U5cUMSLimofTs7NVptSWsOwA', 'WNrs4V1w6biOTuGOUaJJAPYhJq1NP2LN6OdF7ShKpRnCDgyar2q8yDhs0adl4HcsNaO0ebGA6TeShiMaCbBNX'),
(109, 'uauDnnVWtx7eA8ahuFTiM8yzd657of4rYmLJOP6BnDP5mvWn7XL0ZWQevvoxFv1ccwCP8rJ6K1y4LY5ou', 'ceNkw7mHaWFD7CNiykrGXHkxdn5dXBFAV0lRaRxDiDyDO7AKhDzqEckZ1ywvq0s3klIKHW7QvYUpeGJNSjWbS2VhvrGpNNKEMsrbMcuLTtfdXHYnzLkCIBLYpJp5xjO5ssEPUgcSQAw8o21xgkX1uf6PeHmhL2Y61XPytLjFkLQ4Ak7TeuwyFCd8wye0oWHuaglmctj0TmSSO0', 'HiajTwLtZnkhLVXS4iZLCLwHGZ5x1RCyFJj44G4ujC61e2Lf2Ogwri6Kw73eLMfEoJwT0WZHW5iWoFcNEyUO05BWjbjCbyEjVN4'),
(110, 'UBsuDqoySlKoqqhNYui1hRkkjZ0DgSfdNHBODxJPgi4g3ENQwt83f7U3wzMirhruvYZiGIVc8cfSQcIauVyj437DRz5FXVcmTjLZEICWel3p0kU4aXHGYUNtFlKU0q2mfEelaRlAVhcubJHXv5ASFnHYCN0TXQjQhrOImXv', 'NUwoaZV0Y0hOmzW1lEuF1b38wPZy', 'ul84WWlxbWOiID1xvvK2BjEY5yZJyDRpWZ0ynhe5xrcQYzLn08fcEjM840Er'),
(111, 'BipwH7UJupwr1Bn0Qjtmfd', 'rteI7oiHGExDzmhDXC2YV7JFuZTh2jscdZZbWJXVnbzRrOg86oMbOj4YvYkjWHgSPQ8GErSxv2aeliyWJywRiEYrgFW6EcppMzgE7Fw6s4MtkcH7mGNGqpFqNSGIAEl1GLz0AHEq87hBA2WBO3wJYKSNCmEXBOZNXqW1VfSImii6eHTcO8VxLc3HgKcCjTokMS', 'WCigxSqiFH8Ag5aHhRuum0HFsERBKFyCURufBh2VE1mikoLHuv15PMtPyuqLC2qv7GLGp'),
(112, 'IPEg3uYGyyTXxlE1jz8s4RbvyNABzLfomVpDKfptLH6CwswpsM07mzP0rcsduCPzmFRfmCD0pOwzlV3Qzyp87iGiCYRMtjYCih0n5LAAejiexbU4V0LwQni8phpIuM8XGDoMUH1', 'tHHbam5nfN4o6xFks5M00jHtLDDRXMYaeurIDE4o1PIFqLi06loiMm76AeuIYyCdVfOEvh63PSMpQqGUATPmbx6giICRw6tUkoR13FgeKjRTxjIdcwHSFgmdXJze0PtVIlwjPFFxjVDVfgkXUN1zFmMJY51d2CDFFPv3TnVoCv1Q1kPyYaO4pxmr7D8jc6VKCfFBHs5lnqktmncuCViP0S', 'ox7LZZdMKd05Z4m'),
(113, 'sBDvSlhJXMZNff8czluOQ7hflfIlk0', 'qHxryhzi4qxU7UYcAThemmfWSdjHJZ7HwaNqMQP4PC6wZ53KBtrJK8qV1oNyrdIhjPLtU0UhvyTWxJcjJ7dNhVd4tME8lYJbOcrZQY3kf4VR0ZSlHDXpvF7iTtB5klndnmmncFM3hkVon1xhM8bgVKNlDSS6C4n8wf8lTXLPVdT26O4Z', 'UjIZcAeofFmO'),
(114, 'zoxXUDODxEbL8YIiHRVgdQ1hEU3JBrxrAd6UbmHlZlC3WhtOJxkAAokz3Se1etZaR1gUESQycU1NiJQK2zTFbBULCCBAb7Qly8skgr0I3s0PxMRpePw2tRF7soLH6L5GzUUMVEQYW7', 'hEr8fJQfnBtu', 'DERq5FVg4PLLCEounfq7woKwlkuLjvBw3p8WAEEXRn3emUcJE3E2IgcQtKQ6Jypyajz3ljnZbb3vYy42HFmpH4OyyQFH6N5W0TBkWA6W2yjCWnaDWK83ii6bgl28ErR1Co7YOlE3wah4sGNeW7IvJstThzqUfpRmesTUfHf6KQB4j5oPL8HKhMQbHSOQB'),
(115, 'pnyglktmEiDMPQVsZ5G4iaZdYK3EBcv1onKIUX0ObXvY5ARgCt3S06sCK6ikJEFKTh8qT6nOi6hG5uPMCfTTtzKEmvnD2E5V', 'yboKMAkCAYGca6FB0CHoUEI54OdCIp6yjDu3Rn6nlarSRepxCm4D0ZLPnxMnmX4XWBLe11sqEtR5jNCj7mAzS0rUzdUIxClLUvRftpqUh4Lak3BwZuKfthqw7ObHe1AcHwmVaQN3PgC3CWEnGp5TPnQpQIG7VfpEx0kkfqQ7pzHmYsBKUUPOR2OeUsXxbAlxfjRRxfwPQbFHBWBJWOA', 'iveJ'),
(116, 'zgzuvaFk78kSUaEFbtvQocOX1ID1I1pKPCgXR0AVrR1fE0bXsW3LKs4uEHQijYxkRatHQjNd1gPhAQ7IQncUg54xAMSkbZaExmTLxkbxpd83SD2UPLUaxatD4IPZ2XR0kA5g0SBa47MxjDKq7v4Igkmbn567Boy4l6Ryf2yeOZuZb57qLcLwJSmkkNOnj1CMd35JkSGTXv5z1RacN30Ti', '6kfSnRExgOA6B4WsQbOvLzZOKDeb4nmDQAubHKGjoC6XlgJ4KCk0e5e4edwjfDonFJhN0AgMiqOpzIP8xrDDFR3SEasaCG', 'O1xfzIDSOZEUrTlgEUNSiYaPozmM1lQB20Y6MOxlnUsBOoTnzqqOc0zxbNAylgQHwCTJw6j2F76p4kAcm3LotefPAdu0EGGM'),
(117, 'g0wi78rwTlsTDS7R0QcADsZWDo3AWSJMcvMywtUDTUzVDeLp4BY3EIb7dDM8uzhlFinQCyo7lZVWn4D8SBjDTGuD8krp0ltooWhbtGV4fZLjVBlb3FAe61AgqPNGGFkWg6kX5nE', 'TsqdzX3FdNBefPS8gCfkp2Dh0YZrG6doznbkhvg8ntUa3awIAMi4FoQQcgocH7ai0ImXTJSRBmLSNrZ07PkSf8ICUObQFiOasUT7Lb7ofpKd7GVcdTjYSOQ7FiFHQtHynw1mkUBB1BtmOQfBr5W5jRoPm0TpyI1oTQPZgCdhWfXxwBdbk4evc2kt88XT3gS3Qq', 'JzzBiyWtL7k8FOxuvJRtXq5Gtx2mQoGzfqC08bMP8fx1IOLTJ2nh4YEHBtg3yRaScQvahnwgoVEjQ0T5gdvsGeOJl7rLHkwLzTVihS1lM5dFrwX57PPVqPE0NiiHb'),
(118, 'W0QXhJf8YcmytUYIm0uJCS1ILHgBfPXxUwaTTmg4vlBMDPx1o135aJtMi8rYpcVqwtaGVQllynDyQRQQxwM', 'OKkCK4W5X8N6THd50QznFguNteuAdoWXs3tpBqg71PPVkcoZwJrwgGyzpyeGK0TS0i5fwwMJchftRQwuryavl6iqjAl3', 'LNu0LhGsivQrhjh4tt0jrhuSFcOtOvIkeQowJgDmCUG11SBhhOEYPLvaDOBsuuCi7RkJAtLiVHyLYPo0B8oul5LfudNjbXJtRfMKOXw5k0FYF1A1b6Z4ciflDx0wF8m4niNWlhqCJHQaVIRhWd4'),
(119, 'TnxfrJvigV7hxK4CycFNMWXGPiyFlA6frVqePFehOSzvVKIiBCxUByp4KQAUysMq6sSyZpZsujQce7Vc3i8S', 'az76ZsuLo', 'AGbw7b2USQ5drdER5n11wl3dXsL8vrXXQgtYUJiHzshEygxiB1mBeJp3czbtrGRlRzNM2sCHruawM4M'),
(120, 'QUwqpDbVLvsEH83CsiufRHnfS7tFW0n0XuMio1Zv5Q4oUlXJOEjk3cfaVGLwNTORz65zeT8vtGBeFK4jyKOpoHeDmplNGtqou8hsa3OZazRrMpbQCBimcYb1lWzGbJO1DHSLy0RFcK2qHvzNak8e78vmzJZydlfm5iZRFbRmJhQKY4qCzhrUXPL5lr2GuAtdP5hc520Pxm23Wj1xCnaBJy2cpNTBNsbvFbFXxuS4nXQkcSTfS', '8gqG3XXzF81EUXKhxORrcbe4SY1eA2W1oDfXEEw80OTHt303ArhoziWDcamWeTvEyloa182xq1X0HtLxA8MrQTCGw0oIV18Xs7Cquwk4ndE4pdWrmAGNfyh1xr828PRxZNRKCTpmHVaOW6FdqYQM1FrhngG151Tv1YNyoUTO5NdxHJUWf1yZdoWVLBSJeLsODuFdtWksSWHStELtVj1PFXGAgaybMCgh6seTuCUpIXWA8eR5cHjJc171dSyNrn', 'zGLmXmggW8Noz72ERQSrXqtD1lWvHYHBfRsneNXEoIFaSJs4HQ8gCei64S2ETdvjwwR2XXTgxhpJs3VAoFsitWwgEAuHDg5qxZ6yJxXDgYkDOAlZqjrjk26B7ujeg0PkvyQm1jiZoi2GrB6orm1RQHzqwbQnzYs12ksOK5lGmhVkMVVrOqbMNCKsjrHcLJzukU4U6vhRRYXH52WzE6VZtL4LWa7huijX'),
(121, '2BUDsoc10U1oDcgf7ZXsV6qvujd6Aws6kTtpLkmsDZAiSOF1ZxBQNwQ3JRiAylf0Pe5d3kMyStbvG23yCiwEzInwoWDaKEdNT7oMl1Cc4rUaJM2eYuNfWub', '8qsFJFeuGk8QowQCujrHXA6UjX278IVjh25MQDyIAQeGj3qlyaB0yyq4hqacc0iLlN0vW4kIHjoPs1L2pfvY83RsIs1kDkMn1THJmZeyfpvYwYMFrByh8ckBppTrUgWFoTMui8kLn3ypAAAGMjrYJE136pXgncQ3SmDKIkRSlZ4Ykuhdw4sS25dpL4HXfEcJgCeEX6', 'E1nC5afuIEwuSWdZNuDU2DPZActMi8wiO8qBt6zQtQCfREbYLG51s27pjDKAlAseVbaQ37qAgAzL7uz8lM3RO5epRfuDmi30AJ8xVfr2AqVOHJYfY7yWjxEcwPP7LdlFwE5RczEGLtjQwLfL6jEiMgtcNA'),
(122, 'YlSd4HuwyPYQlcFZBgVcOC0TtdR4X1O5NtloZZ4DFCLbaf6s4nGOlHLtsIPjdsohlCcbK7iG2OY1GsPOBQfdr8VISQDIv5vUt76M3LCQ04eXsaIKgr', 'zbPNLLZvm2zJ3etRs542LNoowasgRKNGDQ3Y0dHfCRF7Q1jmZ5rxVxNk1rzQGIorDBqQH8XfFNjmuwFnAUdMlf5PZzJz7NduQJYqzj0ezDDF2GrdR2wunUZChnAWiv', 'Q3LSSmTa8jFkHLV'),
(123, 'Z0HZFHDMjdVlXXVAZFytRendepAB3RiKy3ya3soatFwfDRQT61TgLKqVV0h3i', 'pMQEBLdm470VAMXNWlrOornmUoREnzT5pNiitcXci16yeHllLvfmZenPUKqhB3SspGSpSAGvoZlp3nXv41LXOgYtCv1KzPQx5gIYHP5xG0TNCHrWENeKccWgxggULzlttdG2ewEODCCagzE1IyZwvAV1UN4S2f662t2H6swBgmqm0aJ8pzUdmBqf56ceGQIUEsh5h6jz57JqjaBt7qknBvE6QZDu3pAlHJ4EgLCZYwwAyvkzTRqI', 'knhiHExYZqLoPhXKI7f5QXe7N83q2Ndbt8KbIhmvIysgHJweqfzRWcbPZa8YgrHX2gv1R6jmeIriDMiyjZtHP13AvWD'),
(124, 'zy6MQuZY5j8AXWFL3WHdtH7xKrtHw21mXYXU8vVEJQ2NclsKVb7zCq5TwgUOi2JHrwRsWC5d0mYtR55OEKrVhGbYrQp7ojrJREgXg3rm1XPc6FeENOAAqmo6GjwDGhMkpMNGvgWuYJ8SAtSQKhwiy7YKwemlxn2tehCMEa2T1r13vgZsJgWco2h3DFVX0KqW38kXJ7SuvxPhj', 'EghuHLbDI3xH0CrP6IvWlnBVlKZHDGb4L2DPjjDPrnzlRpVZWkMdmgaJycyMXg2RTa5ImWf63kebXKwvoxD37lFSIzBh4ww0G2u8rli2FCxm8jVwDpCmqyCbLdD6giueeD2yBx1WllvTFKdST5g', 'gGALiMFFtDImQZ0uwSPUxSSmW0EThHLMuOXjHxfG7HNXPzWTZJ44GG0IkSBvby0oX1YTVrt7HnTgdf1NJGsvHLh7h1SvzJq7waDBzDjsp5db5idBzusmdzhcHUl6mZm0EOYTI6aAIRFsbbvlCicPTfFwrYvrwzpRzGiZjfTrhsD5ifek4'),
(125, 'JdzEI5uVn6mayFUA8SGNjiVkwnFUB4k4CP0nQLZkelM35xXqgrnRM866CHQerEoYXMZOeFy7rpTMjDvyO4Sa4WKW3', '2d6xQjbwtMTIE1gqYtQXmRf60yY7gwYunjPuN26ynzfqn6RGqRDuHmtVpZ7G33BWkdVWKAvM', 'v7pShCvqH3dAPO4q36hznw7BVhgittqRGMBeVaXYtuHvdHBzPRofVYXfOYm0OosAyhWNFC0YN3vMeqJRt0xSnJkJB3ibMs2mB5pk0Br30MsScKBz4XTJUrbvPSA1omRXk7F8UIpI0gg51Igp7s50UazxLFkdjAh3fZlGLvxhzjKN5N5JzmAJXKJ');
INSERT INTO `auth` (`auth_id`, `pwd`, `secret_answer`, `secret_question`) VALUES
(126, 'NNJ7TyvOPqojAJdBm586xQCpkutqPvIjfNTEGM22AVN5hrJ3srPKb1TaTgOCb8lsroIGtvCUXTDeMeshckis3aC0Mu6hPQXjftBjPX0O0NYoYcQRQubsj7iCTxXBOHumcXcHIH0Y4Mr6EJOoZNzscR73M0urVX5n1dW', '0nQvh1WT15iVzA6nTTFZO8VNKBg87sRq1KrInFO358e37vIZFbcaDzhoCqv3Sc7fUro7ds3O3NA6l5bBstsOgVIsRFtNToA0gb87XNSe8YUlG4q3tuoX0JbQltUci0oM4kCxQjEuEs3zoVqtKPtwhPiEXKhtLSOXe2AxMY0ZPygkDNa8upCymmZpbusYzx76P4bF122oDYnEVunuJu3iFm2TKBFpHBPQwGwWJthG4NDtwPZITjwZWsNXzYcmc', 'Z4x8hcLrk4XTAhTqnuqeOtGDEvX5nKFf80tvKnHp6JRtvos8JchQ0Fc6v6D5jcG07vhN4oEe37QivCX5uRXqiQMCLnIn1GdARkn6lTxGn78bmdKufES3R2X5vKulE03cWoS7a4CxxtTAXbkIN4c1535HCa6JLpo25'),
(127, 'WSLkUJj2nS7hRdVdysb0IOrdCLJKwZacqge4SKbgrvyHtCp', 'nZSU6Q7YsSNSRxYl2XiSzGTi50ETAMuymqks0U443D55a1QbgHNPsatLWa4RcC53Cw8Isc6YSalJImPDGt4Yws', 'YtWSnnBo5SbaXuVLIeHR0CMZNcSrO58Lth6y4A7jrAlaWuqOT2GUz00Bn6TCzg'),
(128, '5gY8zJUoyB3UhJ3IWe5ZN6Yq1IHPUNOG3ex5GxOwEEg', 'UqYf5r5ApSgGuuffSACZlJglNvNom8B7wvpgzSH8Krk8MGCnjOe7nDXA5lfMuexADdntQq3XtqKwPRuGPpLjdTWEIAnzNwtQsmqOMKRNaakS5IEoOfI', 'ko2DYHVAe8Xicze1HQdabaPWHYAYutmm0PD0a2AYlKH4LJNRXr42QA4qHCCy7EILNrlqdPCLcJDDVN5dYHRiR8nFqQMKMFnrJrTwH7rLwi2G2vjsrAXywM1YMhrBjhZ7As05rz31v1zqkT22tzFi8D6SRZkmJWUxvzwNfVAkRIdsiVdi7UwPJLrZmt0uRCtvmYF2mYp6GQWcWx1qLaM5NYlPhpDtMk1SNwmcjPv'),
(129, 'cYbdaAB8qxqXWjDILA7r4EX5zzqONwXpuU2eiPa1yxRDtkLqKHVbJhXIhro5YBJCD0nL8GQZ2JgjOXeehQR5uwg6SiU6o3f1XSVKnZlrqigEp0CDYI6h4DCwrP3a2ddOTAYqNiZODOReYK4OVWHxNbf30JrhnIhV6cTdFPwbSo75HnhWUhA', 'mqLp56K2SLZcmrfYoxD4WaCst5gKcXpeoLGPMeH44UMNkGFHEyx5kd20YzsG5YcGcdJcB0ZsuSQGiCkwG6dT06nogWovdLJizYX7FWZHlHfiALiEJYUwSbvhNh2Coxsxphwh0pTnrxDzIIHTbN2hPD2UkIeS26v12m6xIQ0Rxi1i67wdWbugEetv8o3TZ6kBETjLTqGiQA4x3QHfTilvSpejKZSNp', 'T0Gn6duXNOudURJtZXrQMb8L3XSueNJMyjdTk3QVgsQbdqHLCGYsczdLMTj0VPr4D2GSZzoQCb4Tsim52joG'),
(130, 'UUkwsSAl7uZhoIridOsnHE3I2O7KOiFpXMVSD72ZZNoPwsIRHHZrFc1tf5CvtUxreJVNJyhwWbGZu2hifueG5hFxCY8T4xniJht0zto1QwOmICMDPrdflgmGpv7jBc5zQcA6IQ7Z5aBZu3m01WUKOZzaKLBvqcI1jWUbEto18nrQrdR2YVOoASEJDqg', 'c5hkOFhchk5hEbHHzTtpjkeUbu326JLNkGTz7GcsdZGFw7XdxYDggL127NDpOEEiB3h7T3SpDYIAfpehaMtyNOdzRBSFyilDY71PRbqO5tXbbe8IQ8Z0X1vMpWXjyPMPOtdGOXZXGjEtK1NbccE8pQ4OfU5X25cXJkUrXcdrcxKRsynYHsTdvPAOyj6UGmBEfPSMxy8NG3PfFfzjVHOWoxx7agPMnb2RrBSb7O2QzwrDX4MQS1M6Uvl3qbU', '4xqpGZflDq3jiyyMwr7xHZ5j46MYayYC23hkuwTESjjL83OZZImMru6ueeU6vuiHV2njqsewU0vgMHv8rUOkWJmU3dymzO6F5f65PGNmx5BfX8kq6hTItplM3HYt18IXW5oJSXzlxkmiMBt6gteeX7ePKk7o6xnNzkNmRHWFizdQl'),
(131, 'RBUUJF5OIAvIBNY24QzOFUiIOFFinSn1pkllGVPfo8fSSnFcI4tl37rxTCpmmpYwKMBs0mgoFy6gayTMAmeuSsb3UBjY2PeRLXdo38rvkOP0QphBvCRZRiVrvL2WFmUfZwnfiW', '1CkmUA4haoHUo5jUWdBkNLdIIfQsJUkGIjnp6rF0puYiziAQSHAw4vRXpSUa4MUAuncCRbHUWmR8RNF4q04qG804akDZnRGedsNSubxByfTZ7Sn86lBTPh31tSCsVSLwcsCkme6lYUkBhJQsJ8Fw2qgRZ0MP2ejo8xmBJI4HImzm4qVJxbqYnlEZRjQMDzcAntgE0', 'AZnNNGXded0cXpDvfK3r3JtGOpBk82Q6bzKHMQFSheskeYFHaUivmLQr7okkJrDjJxE1uESkrtu6jEg27mIz'),
(132, 'ltufRNMDhhj5BrhazM7ICjDyfV0zFw64HRsnJlfcyCoPVhOcbDivajwQkcG3ACkq2lca0EyGUlxtRgOH1W1G2IzYIPOQLmkxNzxJA8AFNAE1yP6wM2iyiEyVsBwGI711dmDDabxGPexR5gb7oKn0FhW7KqLlHM4cUHvpbiczZG8bQIm1TZ7DVe3t8ZUoBVjhslQ8SToEPoFiwgD2mrNSY0QcalI6He', '1vSbv0ZGjFCZgkQU2jCSOzAWxCUrYiuNfyyT8D7zo1Y3hNGPOgfJKjt0VS7YGyqRydbZiya7ZU68ZcNplzBsBe8qBMCDsIrhebfBY3d5wocwlGgGxbpMi22FH7Zl6OqKmpYtRv28aDOjYSIbAy5oWSleqBxSBxqQkNlSVc1', 'Hgyoqo1SN4rjuSI2FED1SeI2YOCfCkLDjTuznjHOTfTo212cKWcAjwPULchbga2w5lbFxyVm1inzp5R8AI0'),
(133, 'HFnXzwszISKu71nsEVTk8DtuZ6v351pbXbJ6Qfd1ICm12LssRSQjSI3TeDEOG23RQCIn8meJSQoNTXTiy2DnzTRf2gP65bbtFWWvH3OtF1040pHF6eRG', '6YFLFQTgEUGbyjt5NN8eeUUkQKFNUMq5gN3WzDehO38SRhHwo8sLb2RnWhaW52zBQQBRjD36WL6xRrz1Dcto8HuenAUI4gWSYWMC', 'M1SgMKIeKeh2vZfRmocXDa4s0'),
(134, 'ZgohB7UaKzLOliG3HnSwWySCLm5VxIizzg36UH0ReEUtD0K1Qn', 'WNSSJBRKjS0BUj5xOWY05FZw6Pnu2Iq2gNmF8URBJIytEkAtmOmTuBPDag8mNMoBlEW1fygJv7kWCCl7Un1AroJvNH6DI1OLlkhln32YCZI2q878Fq71hWp6lwKpNwM4Ix51wZ4qSLrLH1bjs4z6HMvZonKXnvm0yasb7PiPCVuHhatezgacHJwHy4ISqCTyG1hYGFGlnMwMsnEH0YzQpDs', 'yXBhh3pzKe823E6MZVgLNNVXc0pTbOgizrhDCazQbXB87MMUcIhfURu4t3FLoG1CoeFyoJGnUJZpSVnx4rFSOalq5ClsDxi3u'),
(135, '1cNECvK5xGwGy1bluOsWy6DujNTlvJ8C2IzpwSasZHBqKb0dxpOHq1TyfY2Uj4C7JaefDI0AKhuHzZFBpN05W8SvW6vf1ySZmoc4SKEMIkQVbYktEQauAJKaCN62Tk2lgKPhMMxppDVZFMYehsIBRRkdGSikNgd7nAq6qXIg78FodIhZIZ8Q6eRGuLBW0xlqh00PDQ1zy733EtDgRuEpLodzHRbF5', 'dZf6znt8Vpyt4faUqPhH02lZqQOtJEKJyTVZUTTJEqsJYYnD20ajtx84aXROeJp5cAIWAJ45CGay5ROXtpPe16q3JAC5oWAhPniLYOajxmbW4ic5EA4Sy7lrhXztdrHgPljAxT3bntVNFG0BfzL4nvZ0g', 'SK1pcuxGCR7PSt781aKPWHKWPxT367LBHTjD5Ly2IaxLSxZ7XzdGMEEppSquWsI2s74DrSfnU0lAthinyqH6tCkDf2YhYmpGzOMOF4cFVoFP4ysoo0yLYBywAKOnkKVT1PYuwmlrm8p1'),
(136, 'd', 'PKb2P0mtPs7SvLzxzggNfXItyDCUW4oxFf77louAY8woZFUnYzDaiBv2hJjE8pOoZG5HwJqgrrUY1G2zwFZcjEAdw7SIq7jtBPWVtf4CEOAu1f8tkcEDQkPA32xvZYgLliAAuLha8JLdSSAbktOXAdl5W7vWsJYEswcXqItS6CVrX5FJEuJ3eRmhaBekpkvk5II', '4xtTDae1KiaiMhmKzHaXGetkp3o4AP5lkySncxpND4cR36ajgLT3EQI1U7cVDAaxVoFiQNpwT7UlJskyM05cdB7ccLFwyAXyboNFggTU8FsBZU8aYSK4Q'),
(137, 'feQkMEYdoIlensuhqvSd', '7yin8B3SHNdPanUMG7SAuqskiWF3TOLTnxHYmD6o18hJ5DfLNePcFhswyDkV02iVWIUfBuln6PcFYj3L4NQTTtqV0ttJxxu0pxUz8DNpPjL0qd8aP4iqWZ5mEfq7ZWhMjVaRs1LBSZGsWuJPaWiZLNAbuRdQ1U5yhPEkiXIniJIM0myOLrUReu5VdxCfRFnrhMrp7ToAbMBWfxw4e371THgbbgq4gDGlifuRcUJK047wW', 'gIYGLEK3yIEJaTVuASm4nRzSLLdGF6nSgYvYOJLvmxRdJjZb4NmDlkmKyfxMUe2fmwmp30e6TbFke8FFp8yIK3Ai5WlgvWL25njNJdSN3ebEZXqCFgymakzxVknDqXFG0osgTNMvPgvlWokmA2BRXsQpRjuNv5kz8MiFQLAjLOncM81wqbzRuxlDpUiHQzzQekCNsVsW5hUfZDpXKk'),
(138, 'JTkJul3c8jHxxTvUrrVviidqR8XQSnxT3LU1oLN0Dri0uJiEo2nvCT2kXUQ8kOvMWdmUSPv7RqsnAVZvcpa0iSTqHvoekYQzu', 'fBSxjamQCmQVIKONO7avNw2DLXMmDYgctlOV2axKdkqY8LuY4ks6kneEWkqhhKHKwyttg2axpbRPJjMbEBL46nNo5JOMZ4BH7FyS7Q0BZwCRb7oszrIpPE37jweVFMYOX7VgcuzXQWOU6i1jT6XMTkwnBhCAH1sfuWSqxQI4t1lNWLEY32FTKK21nx0IJoLyO6jnRoTw5RdcqT0mcKM71Ng8gauXGQPsGB', 'a8od6Hnh260WwRKsWg3Bb4PasLjJiXVjmLPDFcHdrL3f83DBEZQbXWnmAo1UypivIaXMycvOk4EDUtJuN5tX5ac8SzaeN7TBzWh0vYQSMjrGWxOZJeLLV0aBGNCZGkwFNvXZHrBb0D3Nu6zDP2RykJTUqxwFUwzaElgAhPnKfw5iEtI6z6DKQs6DZH4h'),
(139, 'eb67zNEmteaKAByeJhswbGnvzilVNgD1eZMmu1RP4Tt3DBC6X3ed3jehvRY23vltFx5sw4Xs3IIdPwZ2rQTF6vYnuIqSpRcLcIA8qZQMs1R0wprildNRPeLiALlb7nvFOhR2KjGpzpR5DGxRyrYsWSIMbbFm2JWdPLEjvGSMh66clJGb2jvO3P5yz2yXPPfvIXLB2kEJl1uVquH0yOQJ3GNQKTWx1eBHIUJOVLmP', 'nMN2QYW4oqrrVsUfWjNKKMgILt1kKHEo80Ng5MzOFJmSr6i462Bs6UXbEBW', 'hTvYyFwWANfrpx0EBpwhpmDIMYYVlol2TunlrmQtr'),
(140, 'WxgwMoOXutiKTpi8cmjOXPMXKZds4MHq2f1o', 'VeNbS5mWOhJHC0MY6MXSOMJsOUowQ', 'cXjac1TP3xbQMUj77OmlvnBaRXgnZ2OiId8umLZevNEUpRdqkg7d4Y5v077XSii72atstoXdJWKu4JCBzskZLQBS1qeCq3T5MZg4nbx4SIdQ24rF2nHloXH6x1BxHe7hyx0yTMHrO'),
(141, 'sYbEekusrERipW0n1w51KFDF6DR5xxCHqepgO2ldrrahkuVh1iScXlGXaHRflThUsbPJmpyn0tI6', '0j3FDq7tMKeBSDh5fKTxFW3dovucKroYSpKph70YzIfB7uK8oLrjSoYRml3ebtZSfiCYc1FVlszZYybPBIU2CYKJ8jVrJtNbYAu6rAAUZ6KMfZtjVgrjv5', 'oz8wfRETXfZE0pTIhuby5gkH7PSADjxSqxbf4ZZ7oyYUCaY3cjzRO55f8Ah5kyuFQbGzhJbTjX'),
(142, 'LcktDiP1hN46ZegYKXps2blxA4V1Wk1ScnQtzXNvyY4Anf0UbFWwWZciDkDLjX8GU0g8yzjE6t6ynqCodZLOqkjwczeRWAFVaM8BGVSegUsZrjdwk5bkNHgcqGtGPoxByOL8xqqjPS81ZjnPPlIdLW1AsA6MxtEg0bsU7L', 'I7F7C3JR8NqeVorj', 'VqoPEYQb3NC7eAMPXS3VuOPsFbmueM7WrRhRC6PcRIDzPi1xOpBh5xX3Q31Gqw7QIsoodkd6JzPoaZuqvY1IyNeAQdvUsJKsp71sHCIBQysEwX8yRDRexhnTZqUjl1yPulHhlyNlW4G32bvcIqhiYgXDhfK7G'),
(143, 'EZ4zw8djpIkr6IiHPCU08fPCqZJ16gpjDtUZOtOCHEbBLqDFmJJ8KLTh7mFoqaf3Mfy8aaKWmL4Kxb5auSH3SivWQ3EczQ3qMpou2qqYQX7vVzy7xvQHoMcOil', '5eoM8XeOXqj2PFXQO2qXZhegt1vHiZWWTe8fffcUj7J3G8K7fytawW6GEGaHu54YV0iV4zBOATeFaxxanUZpg6ZG3UCLMlyzJV', '5gUQYcmrC1YickyJyJlkTrJHlynucdCSOs2WIXMUy6lcZgxp5FQJXfAW65LM8RY3sJCnp'),
(144, 'egmqQrxLI0haLmcv1Ax5L7mMcv1UitsKYqG6Pq8cHrajtuYtcLi8N4FLvCznfUV64GNdbCn3QYvMCJNPybybn1TKcbX21yWfsw8WQJrjaYoGSbsZzdoVLBHTC88Rxx87n6lMk0kT8MxbCHNuRXsxuWG7M3QYkiUj0cq3muhXHNmP6klBhKhW', 'hCoQ5ej2PO0rrvIkt6bLkvKkfTGEJQ80YaiiWb2Ly1yJqNulpdNzOVuxLDtav3gUgMfghAb2kA8JuVgBTFKcY18ivfoGn5B0dA0XLnKMyasak0eiqXCQUcRp4oPvTMZ17rAbCrHPJn8QTS8TnM20ROScESZ6ceRP0JoYCQ8TInlqKX7ayeuFVbkixoDxJqB36Nx', 'F8gRxPKA2ygkxkOTvxjkuO2Ujl5ZuIaRNZ3NtLmotWm7yvANGEjpFuVMBAE64BCDhlmz84jZf'),
(145, 'Ply4DZSn0TtghZuAbxVmm4vM8sPAXXbroz2vjtJvTRBBM44utD05YzsuBiFYeLAm37Lqgx2sIVT8ChyqjIwMAmsW4gdZ0c48ugH3nXKsgYej1NngpX8bvIcCkoPJDSWec6IqXjpcZgGED6JMk1aFGZgPKMxymDh2Sq2tTRXfr6VZpuB6OEVIWZ144Mlq4ZQ6latG2', 'P1uppOg7SLveM0N7VEIiANEYiHpssdcoaqKZZLhR8EvtwirOumyePkqJWGvXu5RxS2OuNbkLMTKq1ZIbcA5W2QdgPTTUR58VTvjt1q7wtg1sG8B6HbbHQSklG5EiKyKJ40k3KcJ0AdX8n1UUGLARvPpg2ZDu6iGMIv8vbPb6c8GG4xYtEsFrizxDEBJ6pO6NRWFD', 'yFgzggEXeLfL0RtnfegAtBpwM22blQxKJXNWHUPkOjxAE7F'),
(146, '6reYOEoqi1qQScPVRPwXpeaPkbTCg0cDI0sEbOh', 'ERBzLv3I1GbfUPlYvmWWrZdlcUyLLbNrKvHgYkzvGaS0VnrK13GzcaJ5wMkIMDp1PmH3EMk123FK8umOFUzDuUZPPpS', 'rcWcAPAOADH8qxFMhZchvrji5pZTcTquNw3Xt837Ip21ZI3zCJCJOWue8dUh'),
(147, 'UJEARGaf3XbUVK8ahqs1XUPOCip8CvGEOeG88VmwLrOzNQwJ0HP1oEvIhjClMeMuUGtDavyx8bMjQZ5eb0SgmzkYhhJCkKuOwcwhrcUBnwwzGM8hQJbRUMzjkWg4NwyVju5GeK14Z7n7ExGLcOts2HfR77fCiiHuoofZ6vwqq40xHlZatwBrdTUDiAq8LYwuuMhR8oAdljZyekhDoBVBSMUqFNRZegICv0T2K0eR0y4WsjRRV2dzHjhVS1q', 'nZ4vH7nuojIFrfBkAHqn2WgWzjU4fDTGq5yYEfmzAiexWaj7JQGm4MofNk6sNKxi6fkaBBeN0ehqGiXYCMU2rFoJ3J0g3mRChv6OQaZ6tHG5I8fWwK8YwFEqH0vRuCbJZJ1lG5tpVSYgwmt5YlFkkVQvStvgaR7Pg2ezT5U45xM1dJlJdznY2lluPARAw8ZHvaK0PdG1NvnAk0nq53m3IUv', '0FpRLnJMKoWYp6wFaiZqGScXTJiWPy6hyvUHWIzWH2raaGdqy8sIMQJnTKsW8XnGx0PCY5FUS7Stp5CCrlVWEnQ6RYPObUemwgqamMfDXbQVzGcM6vmBxvoeMeYXeAhd8EjoCsy2dIofR0OstQGUb'),
(148, 'MN3LTv1bnVWISLlPNt7bAOoCw2tH3vGapu1WhqnE1wwmr05nUW6f5bb2mr8kj2mspdMUBDNHuMJ5vhHHC342OI80b4lxHR8OErCZWI8qYh15tRLpH3ODojxYSCN2Vc0GsoIcLcxHUlxfR5bl3TEaAtR6B8C7ePJU7I5qWw7uSsgTGNuhPleFoNyQHqBIFeg574A1KBG3giaTQsR1vRHKfKTm6v3UIQQx1', 'rINzV32QrNQ2jZWMAmPgFPnFRCRlz10oZtQTniyYju8GxyUK4kdjoBXIlo7qyQSaq5mPoVxMU2hqJ3BeJkx7fsBMOvjLuPbPeu2szca67HukYMwxB1UMC8cxMfbYMP1377jd3Q', 'Ru3fJylnFy3OLxKs8yvid2mclCmh1R0MpMwqg0xK'),
(149, 'sZTXewpXGQrErXPQvZZVlJBKRvJZmZfGLpFQJMtZlwTBd8MSTK7MfaGrJhd3W8KnpbAOChVtpJOObd5GMInhZLwuP7kf0jYlMpflxIfqL3t3Vaat74XPeeT2ALm8DEmcrPSuugdN5pGBZnvBz6tL35XYSJ0b3aCy4jaCEwH5yVZuJt', 'RhgP1CTWi1qDb7JQFRlIWnBUV2fWmjyPj7VNPL7gqwXUBhwCZHpFOPLK4QKJhsrB3SuSKRBMEy7yjzMGHlBG4jta7aIa1cjEZduqEnJ55TFDh1ATkyHeSmb1F75xWVL8GSdxcETj2rKhrXvseDSRyAcVHirn3GpjpGfahzkO27tVC76s6b68u8456hwcrj6ZkwRmxhzPA0O0nD3mDCECXEflmn34TthvJkK', 'ysutKHq0H8ncgevvTYO4rqZFHF0DS2iNbGz0eBo3gT'),
(150, '6IvvIekTM62YV0LkTBfbrv3NKRwH5TGRZ1VOxRYXizjomasCEGTPCUXLW6RjDLdqJahOrgDkNcKYlTehOp1kaKJz4UKUmq5qc2An', 'wJfenhErDQczCbUJeMy6zHrTkMsZuUON4b320jNqiGbCH5Cy86ZQRJx0jeqQTHqNzr3TdTl', 'mpmTYc4znEaglRMhOZPRhIiD4H578pSHLRaIIlvDbbRfoawpPnCRdUC1V0qT1Xn4o'),
(151, 'uIFn5Onm7xnfg0YToUK3hEz0gfIkkbUFcPfo42g2aTAONnWZ2gZ0zOaO8zNeBgFxCkj0eFeXVDzWtPk5wXMWsSmIMwOXT', 'wO3Bv0RafFLKdPf6KepLoFYkb5OYJPBSrAwVGh2wOBiKqqW2kpFlllQOVAiekqpz40ym3ivtsikSIa4WbTPaSoTHF7HMn34LJ3ZvnvWnTu', 'mK4LTdWKU3VZukpDshSQ1fWvMeMonk5goEY3JXOTyGCGDb2IxyC6TslwOkg2LSWHN1ORQ4WitNUoh5OdAhRLpiERCdaSh3tfUetmMb5WfwzAjldSkps5ubrfdbpGs33sldEP1F7rCmc0hiW5KkZKQozmorI06HJogDU1geSfILLfqvDAfgno6nH6c8GEhDCV'),
(152, 'HEucXu5BkbnDvHppGCjj7GQoIDdtTdiqVMrEVV2c7fDEXaQ3j4yKO6ulGUgDzSjrTSmP6aWYl6UpYcQM1fPWDb8s0zsQRzPXna2Q33LiljfI4tc', 'bTAzT3CDfBohKfSjphyUoCYYAHgNDMS5L6ewzDM8mCFie5oXYqSd6JlAmSAnPNB57pJ5tVzpKVFxNGimz58ERLlKUnC4eVXNgu', 'kUV7R3mDWVhKWRqKpJumCxgHbFaRyKoF8cpx3WwWz5fkt8TdMnohdZfG6xefsGezV8USMk3EwDHQI3o22d'),
(153, 'u3lxOpcyvDR68oLZKg7jE4UW2uv8ynIxqvyRFJzJO3OmfzGLjYJaKFH4HeSPijZ2HYBmDAiMDOQvYzCAOHiP2tba6', '4Zgo03UNJVKoroDpJin5BIFsPcsnx2iiJCDm0QHzAsY0H2Xd8vjJv7gr5gsqTQX2vzRjTG6R3qoP28RzthU42bXVD16SfXFjRQ2Gv53xGSyx5qWtCgYHSmcQKVwppUVPFI5k1KXmbfnTbiRt8fYND1NYVn', '0h7bdPTDDkSQVh5TFiaF5KEV6MJXuewxfNwMTqT54GnOw7VkHvDsl8FUWw5cCfM27UdZ1BpBa35Yd0FuKGSON5'),
(154, '2QJBPFJ7xpzL3X2EypXjx5BzXo32QsBm7NkJtlvvQwEbvUjMFmVAZzhWUDkMGe1kMl8ra1Z4WpSGkHqeggvdfqgDuixYzuTFYj2O683becHHiDkjSJKO2pbzGN3PFupo5606pNTmvJ7aR1xrRD1hFb20BadboZxZezAahrXIwYtUs1RvWDLee4URD3ZMECH1KyFjnMYgeW3Vjay', 'pt7ClQFxDevPY7MxLXcQW3oC4vXS5hGxitiRWoaQVVg0xuAj4S5q8EAmFbszGGL00IIxiXSGOL1Yh7Ck8FmRljWhA6o0e74DMpQSJIt0BDyuKbzzDJSEzUNjDKNB3K6IWlVChjsK1UrC', 'odLEkgLXenvtSMQcRA4tsWnOadCIXhxkuTjuXCa7rElH1tPO2ZQwVusir5It4RgbovtydONym2CH5XCwUlaONgeigBbi13IwyeF3EC1MnixZO'),
(155, 'abrlA4Ca3QYVI1K8qK0B38dbFXMomqZwORt0Pj3r7Fgma4NU7octsCXdSqyOvqZJnvkucLg2YtjNlz1FEfElpSx3vYqIQNuwZxxxPnIE5K5Z0PCVit', 'w3VB5F060L4D0lB41jznQMhaQGFKXfqv04P1Scc', 'BhgcbWRCu0Wyj3yxVm6uGKIrUtdqrY8rz4pFpsfPIpXLg7vvgLvJ4ondCSNmgkTU1UUtwpyuZvoaRr0HBysEzLTBTsPr57jJYXGToDvycym85hufy0fD5x72PMYJCeWY2altwYUlylmSnMlWkxGLfQpEt8G0srBWgjDpUnhUZn2pRhbviFfY3aPPeRwBQX4RxvxQNEWPfiUIAw7Q61qetz6'),
(156, 'GYYPDw7uILTBvOajEDqEqNnGJ5ASikjJaHewJ04vMTKTwsZmTT5xNTHPMJtVBiSM38QGnmbXZJ743', 'D1QD1b6eIgW02QaYb0jNE1l8JxvgZNYuIYRbvOpUWsawqDDNy1L53XN81Hn56sGOnf3WMF8gURgLNZ28Tq0UEdfwJ0uYqjW2j0e7Ci0ISLWxdQqGPm', 'oXBICAExUHObXTvzmYhq8hqspQOxyEjJJQqJiJSREl1dRIFhKnyRhJ5ncjxApIX4Iq7br'),
(157, '4OKOgtrsGnuKQsp2HG84aNnctNQwSsJGUaUJ7mtkvWkKMMFT0eetZbwHQcE5GEzxyQrzHwC8KuzOG6B1DjcMe6BTtYosOQvMCycYa7rSKfFm852yJSFCkOh7fQvuIovMlRxMOKWHvGibH7k2g4O37UQEplWeDmrKNEMzj8o3Hm8YbuRX7SDL1OuAocehO8fYuYAv233jJY0VEpaMiJgp8DDuR6f82v2', 'cJs3c1g', 'EuXdiMieQXKOSyrqRTEW23pKzSilBFdwrbyDhHk4p8gBzPwRWTSZSXjXjECvZjUzIFF6P7ZXty2a3uM5XY3646GeqrWvBpSRehD8U5LUEnFbT6E5Zd8pvx0pVLlwweWWFDSYcUA6oNvGmCEzCl2xxUIvEmvRP7KbRlIgeSMbQBBDkOythSqm5rIHcFDnqxHDK1BNzBi4pWDm8PabOwoxtfNVjT4'),
(158, 'tMlXRwa4LDdvGccOJRhHiTY4bpRuSF7cBUoU7RLiOcwdNLmyBfWIvtJqk0XKgcb3TCQ2bur51oFGebiQqrOMX1Gc7irnIQK4Kjww3Ve1E5jDsGHYgSwOXuVFbP2JmlzxkenkCUwv4OhKJYsLKM34MeNPjH4Vl5YWzQLhfnJNSDtfEEF0383cTw5CtK6Do3RtaoCKTYpODPva8D4dPFbRhRFBt', '7VcxlEWp7D2i131J2ksGBRZXxoS62sh2wS555xtNcsGYXu7yO8IM51FPvcpwqnmLcivegNsNFCitrvvJmbt81qMGVvnxH3y5xwDT6Idos7PhmMdjHzhUt7p5RS5GwrA5EXjCLOMy6AbP2GQnFliQMxDDwZvBUdq8mEl1ybezPS1G41XUVPglmeDlPAkHtGap77jQW8qBxfnfcU', '2XySh3OL0qgzh6FJvrBgDuBh1yMv8bOQIjEMexVNTC2yANb5vZfVfkKTpQtoMD48mfrw5PyeVqehMLqeJhpqOtqVPYJpJyTpgG3LMmhXAWxTdiS4V5hYOQTmRsXNIpyWIZZyfIUHoTSR7MlhMl0QZhm2Q4WPRSTsXBrZuUGK4d74UieW'),
(159, '6enpkQrQBd3GDRQtl7MiBCrNgHUlONK1JIOEdK8KADhzVKqUBceWXYse4awNsOeEW0S3YMw2HUiCwNUwtXT0A6BydppKbiishyKkJ0C3y7qQGQcg8W6LEA5VJTJF6zTmlpAqekiqYpmLRyAJImA6bQNxFkmvt6nc5AWwCrdCgY3hPksX5lorg1qg3VuZzZ0qGHw2qOWpfJwSRTCDQTMi1MhleYOHFbJgynPZLJTcr', 'xUuiClRtWN5DDJaiFanTWK6Q0hNXl77rmXKUbSHBhbrrW3oUakxHW6appLyYy20Y1dewPhLseFGczZvN7aPECjVDjwsslcgblXi2rKRby7pfyc4z7yGvzM8HTOGQH2fjcTWcxl', 'zgbXV1dPTwlRMHFyVJv7ngmFrFE2PFsxINnFJruGtwgbhgYIoswEFgi4V10HJwcMbKpM6kas53xw8py8SNLvfdIpZH5RChA4NgbjiEMNgAoTcvNoM8dBA5PwvCel22OoOzcZuB5NhejlSIr2uAVCKUn4z0IO8hLfwz57cZUpYfQj6o2jQqbd7jIMTG7urmb7kaPOL7ycXumJAvkWYsR1dC0n531u5gDmsllqITcD2JefSdeKXIoWK3U35c'),
(160, 'aYzWGgFJHPIW0r8j0ymXUle8IgVrj8CLkOrA8DJ6MtFCYOwuttT2T6ohAqBjeZ7fN1AHBzbMGHIyZ5MDGUZKxgMZ7FDcQuKgOiMpF2gHsIlRl6Tw0ndl2cDB4ksVkaNLF8RhfKhbvjfxAUtYhOGSfjUQPTFmydpLDt6ucC6Ww01mKBFWN0KvQAtu7jEv6LIxQ5WAqMv53MyXlpxd8uJsMGk7qybiGmMCm', '7RlxtTAo8CZthkRqLW0YXJY1bTAa6kjy', 'cTnivDp4s7vUgYkGQy2OOs8KSBiZfijCA70yxvZIeF6cHASopghjnSk15qIowEwM'),
(161, 'jkuVifLJ7qMcJOPOoKwDjeGhT7rasKR7r3CKrxH022depJoxVomhU7oJhiWjAARrpJfAhkCA4aFSJIXrcyS0HjAK22j6x5QmYkuAFXCfhSvqQPoyyNjP', 'ADrFnR7E3FAheAnu0AEHsAj1sZGmkUsrwtMm7ypEGg6PwcjvpRzJrAT4XBC1ou5kurTKptbakrK2qPrrH4ivSS11SxxsXdCxM5VLFEDBMZ2JQ8dH3HPEQ5FbetqsdYo5JvVknz5qcKcGTBKHXCGcl0aOhPzMhltHOh5VUGQVLyXOtCpxFYKrfG0MWuDkblftBX7bmOcO4NGbKpJNvWbhx', 'ftXXuXCVCRhx5CIu5iCSvaKLujgbGfyzBYjxZJlUYfoJjcKnAFi3rprXGD7m14eMjBeQbAIMVQdCGuNULLK5ZJQrlZB3D4qGv6enKsVYIsS0dKrG1zkHflg7RnvR5R8p1bhbshr2zQ8mhWZ3DBT2aSUlhfZqtQdLJ2IhiVqVaqmfIkEWG4qir'),
(162, 'omhXYDHleBVHBHJ1eSCFQlyX7WLBbDdFUsJQHCHguBdxNr0Cjfn6q7kufuGqoEZx58vIJonqgdeNvAm0T70EAVNsbDvQVEDLjLDxEFmrQQYU', 'gqGfBOPtPKTNfMnCdHouBQ1nYGW483fMJtMFpT', 'VQzsoppSRwTyXpkajgW2obPqrW3fJ3fHOLzwtFQpjrIajglubIzZJy5RbZFZ8O13AtKmS83Umauax7amWQg8QHTUxSdRMtajDb0W6E1Sdwj8v2oBFdQjvF1RmNvJj3mANVnBEvLHNq7JY6eVSnTMXAK'),
(163, 'w4KL8yEFXLc0Zw2cQz', 'EPGkMWVzDetXbPfJyWoBrY2wOPX5Ja23Dir0kHTpsMHM3nCOWXrQcSgtI73WptQpGxHczkNIJwq1UVEnPCn76w7Eyu0oOaQ6asO3yLbmqDJNI80yQwhSaoAYtn7XiQin4llgA4e6A3vZAdvmtZaid10MrQGaWVTbVw6FKs5ZOzHCZAy4L2hNpICQgelkIixGBnpehcESHYziQg6qKuiG73DOmfcuNjsCss8M1FlBxv4uTgD2OL1iOg60tahLwq', 'udNuopNvMO5gtaOID2BskHdAhxxQzvtM1zEGTUq1PrT6Rtd4uRiaB64Ae4lntvaPoo7lobMjdiYBMfrJehiI'),
(164, '6exVg4Scq4uXm3fM5bkhLFUC8wS5j7EWiOmRzfPUD6BW8Uu5za3IEV37s3psKUFXXqKxBnMy7VNK3BavIamjPeKa7RD74vlMyzc6r43Op6w4zmoFIBx47FLg6TwzbZagf3Xh8ncPJ3yjUZhNy7QxiiXrrDotLGTrpDAEdHL0TeQX7NjS3qCGgoFFGYI3JCrqCBBs5BSs0KjggREfIHKbyPfyRZPxdTibMfSkrwAmEjIcea', 'RYhVzoPxTHMlHl1TerrEqyCxTm77DgytVom1DEm0pCxAioKRn68u3aKnWpwtbNiAiKxuXBPHzGGyDrT4RqaI1iJRcIDtX71OwcPMYTVJmGfoeUmo2UpeuvCfb02qX6SVDufZwP6M1Rv47pbqVC8ip7dkNL3GasvHG2', 'LLHsejsmv5G8350oP2GEb7aJPFgBymIa8QyVgshDod6IKFCOYTBfdjDkyGBvmLX15gZlnvOdJ4reMMWFfYnzRa2OkRXoAriKzPdmYIbxheodd8HglVtM6hsR8gt5eQpwugJyOSxoVcTQhpoSDTuybsuMM30kKWdOIkemPRRGtWPM57bIzpmTYFDEdgmbrlOAipX'),
(165, 'Pph7AB8jKH4gCAAVpEiugMoprKbXFS6DAZWwFJQfPrtxF7BMyYvEMaOgsrKdoKQXJnlXhsB3wRu50B3KpXTdJEn5RdTU22Pi5bmthfukt3oDA3nLpfu5hNRzWJPXY0WBWqXVdOR7h0fQxmvv7qyhLsXtoOHbNHXflGZKECfzSEhVXBSzQzVDtkvFyEnv3XN1D0', 'AikCxKbtD24UYWQ4PeHUsbDhyaNSYPiyi', 'xJCD3xc7Mpw1HS'),
(166, 'oVHIA1Dnf3Cijup538Ky60HXTtaaGRcVD0zhMOBD7bUM3UlHyiHnBHIokb4ELveXI4oOZG8TP6VeFa01ZTPABcxfc3vS824LL25mnJghEHukK3OrMDOdyWkfetiUmLL3', 'WJTTBRIv2FxkJTJr42RzoPZ3GQc8SRRBsRisHARdlfaDIds1P8bFpg2BCanJvFDpQOboOzFf2l57OP3YFmAVBdg002aU1tQSmkeIcjt4e7rA62s760E58lZQGZmYu74BpsIoW7drm8yZ6MlwgarBpg2phOtJiqooT5ti0NqFqZBL4TTd8z', 'DvFP6yCjueaqXozYhaaN8pgf0hl5COWgag8aq1Tc'),
(167, 't2WAAjQVOpUFYoTEEoXNoCEH7GRZJWN4Y4xcf1uTX2mmrXe1igtsLZL5v7X168RTJYRRocYHyxsmieQQ0f3mp1ShXrZvbahHysGdnycuQct8zITIQih3yMnQy7AWwSjPd5PYVIqokJJZGIgOFctCwTuB2J5DjF3vFo4a7nOAJesPn0N3bLh2hCbdgr0HNaKatYzJWmNBl1tDdwJqAQ', '45BGqVC1DZVEaggvvYIkHlGbz8aEjxriktBwtMT8CnJuP8BPhlNpPTKOctu4pLPvamsjVaKDHECVAfpWpVExngfIDegui6boYFE4yfNJs7Y4Q4SmGXNmIRlHnMFgGzdyrazav5oYvkrtxs02iMbL7Z4ViLeLjpsNhzY6O4M2Sta8I', 'qfGRXkuo8aOxXfW326bsr1pl8yYckG'),
(168, '6IHp7ZV3xjYKIBULth8QL8gyCOVqEWjwqxIgnfH0PnwMSBJGhOnsJOyMGmsdtnf1FFwxKjt6L5xYpr7VuODdJoiQNl', 'OpWtfzikDHeVKacYYeQXJbxtCagBvLMMXrPDbOMne13ci45i4YYZ73bt8cYgHbPKXnQ2KqgRlLzwZI6pyoRZgAA3JxZj4m5nXshrPzuU1E1KFsTwABaBtngNRw0QoqdcjL6TckKUqdcrvPPGzXrfpn7wLa6654AmwDu0mZDnJBFmwqynnYjbiK0GPcfBbTs5r0M4fD1qKeXNdvBrg7OqDOx', '54wDyG8JFLeKp5NsAW3ewim2Rzz4bhhFEp0Xd3M4x0pQGZlZGnvYulTAyuPdroMrSrvhxxUz5pjTffQm6pDbSYRchawibGJrOIl1GOJqU5pIkAV1xKjYd8ZCmK7oybMIkzAt001ARVdvcdvCb7wRtET5zhn540HmU2zwyqUivFQw4mWKEDCU2l2v6D2nFBqECGFOtm6yuZUKYJBgLdID1Q5wPwJA'),
(169, '87TkV4', 'erbWVKV1GDP0erTEXvOcL5HV0gsguxFRJE4S1Qap4Nheyb3nVsIfssbY6WPvwumuzXOQqahn07Zsls', 'YKIP7q66QpGYYAV8BFGsgoRlSe2cFMltPBKjmUJfQj3Zkp4kq7QPCEjptymXXKmi'),
(170, '0EtCzgADscbdCBxCu5mjEX', 'fATrCAwhfsgcZgLalZg8VxSz3cDgn0YeKdaJ5qQE0P8bEnDJ6M0QRQzO1UTYkGQqbOTOmsB2SnkjOdZYzbSrGTXI28p', 'YpJKlzH2zsoMCThyykdDjk5ULFPMMPXGuM0dLo7zXXfLxgAZUOWK5Rm66BhfxJt1IUVfiLH2XEJu8RSt0fjwD5DBDHrOGfmhClHupVhelDeJoFpXTKCY1Pz65Jp2MIJHsRt0JroUxxUx4GJnlZmZ'),
(171, 'QfGtyTvOSb6DFVoBj4DZQlqi4fYAk53tEdOpN0lj0OCnGrdCph2nIzMjncEaAW2yHdKgG0prf0KfHx8tTMlywxiOIjYfsbpXo', 'Yvi5TXaRdxrTrbyRhOr6h5xLNWBEMAMbNYEbt1JhDvRHASLtTUYDCqjrE8UV', 'v2BMDXjZFlUhW0nWBfOfGuDbuxsvmFXd8xXaPVIY8qjaobEulm74Ohw2jtPvCLivShPVfo5OIxqWWYeKIoWPVsZldYxaOS40ACFuxptoFzM706P8kjoY10UKbgymKmPrEwW0G6zKzIEPjL4vbJxQlw6v3jrADRC47iIh4n5Mzyp6tea27jnEEaWHF'),
(172, 'ruaEAtudONXiqgyYLKyWVhx6LyCAfpofEgFjnZ8RgYVUnXC7SlAKAX8FNfOz', 'TDNhpVe20quxHIV0nftNuc2JnFkliypGYtf55Mfu6JkLwO04l754bYkYCgNCESG6oiqFUWYnd0fnGkm7Lzgy', 'ZT0i1jwxzaLTonyBL1EmWaxop5fuapw2ocBc0OMacCvBaeYRjIzrFvGzUFK8gvryf7B7ZZoBVvtE'),
(173, 'oVdt8lgBtOYZOktMryLqLSahN0TZO07tnxRSqyHUIkbtmGdy8OY6jlZzNt0pXAqPtpKMPJVSiswLXccZcIt7TlprB33qu7xn0MfowQOwtG132JFh4F1nPcTNNOrfIT4trOdz37J5LfVXM2xN6tzt7UYa8xyDCY03nrKJwkWVQWevR4NxgSHhbfIBvPfygsc2fFXqRJBoI7fXvDHvrSoFXaFLyLqxpYZJkdaQDMxVQUv50HIsgwZQcmWejzmuIzP', '5gLFtJhXR541yOjNucWgGcgit4NtohEwqVtLKOWhuyGW6PB5RJypWJ7YFh71EBfWMTLgJrnGJ4CUu2j5XKnHXRfqpwqyBkLElOodQikSKT235R25VGqN2tdUBtWgfNykVXArSt03A45vHotK8bmwbaCjBxgMUnRBsTxLsTPPBmzSgRzVgjeau', 'QPbCHlzVkG4HWPcxTMNgCzc8lb6kpAixxrXREe4F6i303QP0xipXEyY50bue7uVmfWdOKnEbofSuSOFGQelb4Y5W2QiDI5CyIZ7k2HNlAH6izKIHVQVFtiHEYB7VMN5Gvoc32oGTg4EpKwIowxaohbRZ7PpBL3WBbqFN67v4ururlasFQ78YpL42AWFP5VKU45aTXcizn3vfPfkt'),
(174, 'VMU2Pkx4M8IiUWpqLjEcb2kEwzFMJ4JqWkq7gFcS2sLVGAzdcjxppchZDW2zDmr4X6Nhq08QQBZbpvqNeUCqFqW1G0ioQveTBEqwoIazq4CdnhYXpEPo1t7PZytkqG2dNWO5NeFv0tSWzwRIxWAoLPJCgfqHLQopjIHrgY7X3bIfdG1bv1XwikbTs1MybtGuVWYME0O1MWIEMR8yjses0KP3xaesggGWkNmuOZS', '7nyuRwQihNUnLsGxiLSO81HhCbKyIAdvv1h0BupSLhmMRC1fLJs', 'BsPpIN1mnFspVeKn5VQlx42tBkga8Z7BxDITt2QtwNlRJIHjYQ0P0czrccD4ReLkS3yhez7Rk2rmgA63UFbRvqriKzXcWlBsarr8l1smwxMil27DUzhFrQAqmzoR1KoO8lD65xNtqnN7mFGFQOrQbaEMqjoWQwglTdkrhT'),
(175, 'q6peQ3AAyHNJX7Zzp4V5PREafPY2VLa1sPcciK814uZWgFZ0NOcOliVD8PzPxeaa7TPnBYSdtwk0tRZ0sziMdukNfj3MTyxZyzpKnKK1kdDNaHxs2RrQq4LAv23RJ7ULJOsD3vuXg0jAeLoCex20OCQxVapGe8DxkLTlUjyhRH4KBhCGyyiQ2UdwXfXMgFT3Bk', 'KS4YmTCSrzi2444qluVbdmHiNHFtNUSkJAUKBAZPM7bpZX8IEU0MwVO1Lx2gUstl2t6UDqAbDMkhbjcUKIK4aNn6q2T5PM8JXNMvA1NBjHzMaEeUJXtY6zpUWSCoA7SpDKWutdc45BoFTVr010cwg7gepQhCkWpoSZBo41ArdgSn1wxAIHDcEmTfP4FMn', 'V0GoSnHLbV2SBN0nXPNfL5FulwRl1cB2FlPpkxcnwwsfqHyYdQHSaKnWvK6ntkWUCd7j61DTjMA7JZkxWI1iaa2J7VQKOJx2gyjrmTJEkF7mUVjgjtwpDh1qXeFb1SUB8gChddcHCi'),
(176, 'CQS28c2OjdEKW1TJaCygR7JOKIE8vMaO2EroXcJZodBl63E7TafHUthORczIHw7ig44wu35GAFNiv3TfQfta4iYIHkkIFcqh5ltF4ONhDkIhbxRYDjXor4B', 'AFniak7QClvgA0xgcUT', 'GaEfE0mrJggOJRh5tX0TiNHwVhsd8OVSGV0t2ZpRwLHjYI3krp5Or74bGs3O6s81BrkiY1pePtChVk67KkKuge8'),
(177, 'HqXUV6dYvjDZSQIWz14bbNYWYQ62qOBOZyCspoeRUdtFyXITPJlQhwdKMxZtxgxEpHCn0GFzver0WmctteN3PQaz5svrN8TuOrl31sGoBEhL3sai5bffAzrQ8SnFL4kdevKgltgFZAD6jefFGo6OZDeVwLK44bJAwVuXcbyu18QO7oXCaGg7AeBK6t', 'c61KanmzHQ2vv0Ho2p0rHLlyzB3OyFF0F8ov2ckqweeB0doYSUVvDezhlhlevC2J5MyKBImOGMwFAzlPKTKq6p5jm38WS7LMS62Xr8Xp', 'FJAaYIDIrDjyUbQe1WIWLTRQQ0AMtfJvbF5L6LgX3JRYrZBxQ1ArWewW8IlWAH1jopWqCu'),
(178, 'czx8V5odz6inhvSdtwJ8gC4ssisnc3WSSgopANAgBwCgvJ47eU', 'ZFaZBtKWADf4Ndj2zFLohRkp4cRoPnavKsZ1XVbxvxRdEtDA3XyHvBPfCKG3YUh', 'eR07V7N3IUznmIsRkBJoEi1GFIylIpH11sjGmuC8TNlwNgW43CZvfOj33YRMKltAntiI5TdtrWBouyIOaHBsruqwm2RUzxSYV5'),
(179, 'pnlocDsdp6nkdIF2ciIRMORAC37sClLG6SEVLinGwlCy0T2cPnUd0jJfTxgjCunAmaVUN4wlycawXTH6UAYMj5UFeHEqyWeQ4m2N58AusSBVzevNNdXf8UUtazcsESVjNEglyZf6PBxXaGbUrWmjGEMOa02g2N1AmdyLqpOSq5F4o0h8LvnyOZsyLdQdOmPk6jIwyJ2ZFl82hsIUcLR3XM0T8TFC0GkSFyPgEve2iQ66Cd6Mztk', '5ZLIAsTxv1EgGN3O6GnYYoWw', 'EsrrLfpI8j0A6cN1nDsuQpliDq5bRKF5'),
(180, 'uF1ZIZKPE7RZB3bOm4eAZ7pCbnKBlwysPTy7xGjy7zjC2BtXThTN2owsK85Ku7A0D35eYNXO6sxO2EvcGmWcHAcmJK7tc8LgjTDlNlmAsVPNQn0KLqBpedRIGRawPs58Fvk2BxsjqdzPRNvkFeEeHwEsEyz', 'Hl2Cq5rK2jLsxQcozU1Tn2hYadeWAsJOMXQkAr6WkPvRGz2eAwSXyv532yG7rc8LAPFdN5eIe3aVyGFtfbqI0SljruT3TebJNWCjufgaee2khtZcTvGx6d8QK1b3uAT2KHzsq3Rz838SboVdqvmAJyGqZu3pFkbtZh4KybGJQUF8zhNgJmj0ED5vMKlxEfPfBLTAtQONLoJymXxcNsEDZIxSUHIHTntAebyFJj86trLoG2lF78WQy6b', 'ssx3hXjL7yqDVQHiRX81SLuPeXNNunUs7UqjBurnmvLvz3liV1TOvkDVluEbYCsP3pFTMiCHUb5HfwRYKa25FQpgzjbJyvKtNDr2Abf1B4InAIMSLUPzK6Ru7yMzK1QAmHJf1vFOtEDnSA2UawSEWUB2Yik3zvS2paZVtWKFQrR'),
(181, 'EJpudVNKkKNlRTcy4xRWbyiWs1AsbWDHRCt7NsG1f5DvCw3RSDdThSnTXV2SL8XXrieYMHcl0PNxAoqXPR3uZ80B4fFIPKBJFQm23MX0bMWZR23StOHwGGULnib3bgMnCBYwTW', '4UM6nzetJm2OBFduaWkr250fMyLAP2b3vSSlck3sXw2ICal7Y6my5vYQ7je1whF5SOr154UyRbvOeYNhGbozXtCdCuwYPUQxO06YCtY1FrUYmBLXtK3ux0MEgQlDfTeRHO8UJ', 'oV7J8hUwaqGPos3VOxnf5zJC3U3kXGN6cvgwJOX2ns4pyN8zQpjQvAYBFhKkJiOeJggNrdjrMjVs3HxaPE1dbW616ftcsIPxblX8N265eNVqF1wQV7lHfVttLDTNWtVxhGDRakRNHd4IjwxYEFSyRIHl7n8KGhbMCAHzS8xCPWKlPoMpGD2VoYxcNsuTByBeyAXDiPHKZjslxLnmtghpAYbCAz1lMtVv6vKAqPTn'),
(182, 'i3giZuJweBJDk6wKNMNIizGVBQRqWInbo5zWOlKYVK4bY2lLWizDAFrSwNFdDxoUo2c', 'rGToWyUQ10JbFkDJxk8ozCTiRuBdJNKgYrQpaosK7hyUIWsdSwjGdgODc4TyrnvoKHgEzqJPcgdpqg7Is3wsbineYPuqpKMY055SQ55LYLSbOCP8fhGkVmJ8gFz3GQjzAU2Czu0l6EHTYZaGcDqgItpPGWJ25KcnrQVC4XRVy3S5ClWSJ2i46tSh7u', 'swhxTN1Frmp3ujjWgeoXVVpW0IQ7NjWhsJfyg3xBLdUxINItyFW7wDVCgtsaOPoGnmcepCP5IMsqCrUocH6OqHQo0Qxly4OHRvMsFbFt0inj1pKdq43PcNqqaC6Eng2whmEiqyBTKwRUlxmAoNrFOEHtjW'),
(183, '14EwaSoEwWZD2CXZz3LKTrPD5ev2W1', '1BEWHTJBSArD4gxJOa5nb4itWkeNxYnicFsqzoHmdsCTB0xQjZwQrJ21VqLIq8NNFBH3pu5FwJRUAbbCfVsBtRrkRtsKi6Bg3M31ag82QP6b4VHZNy0EOXQkN6c6aCGJhzgAopEgf3BaJvyYRONlQ07PJVrx6slCM3mJPvoECzPQwZoTAokdk4BImfrbRsxg1bAXXs6u58Lac27zD1M6A4pl3Y5yrs5eUPllXZ7xuZU1ctcVq2WzYHmFYRh3', '0qcwbWNv8bta5fQ73Z5sbTwqVuyaUbJ2hqUOVcCdZO4OY2fQxs7GFLLVL3NlGSMtH'),
(184, 'an1LIPA7ss8UrdSml5qlrxVSCNQ', 'uo0twXVGRFeh2TRqdwxXPY3ZA3tsOd6rZZCxy6L', '2hzpZEFim3WfD41qMTIJTn8lRCV5UgqIwtOSaIXT0oaQRJRnl35bA3BZWvIAX4wDtTJGlXGKahuGbnnDnH2DSLkij7eFxxsOfKET5AZsQraBXSvBUuB35c1tqjSttCtbOFTQFtqksSOWh4gmwk64KMSoad2Y5DkUses7'),
(185, 'Zwdmj1CK40caenmVZuKLq1dagT0ycCKNG5rOD8Sshj1g7tcJuUoiaMyi7TIjBvb2bR1OIoQ5IRGnRKVGTGAdQWHQhifDQM3pq6YLs0vmQFCMJ05Fw0azNGa3El2r85zGigB14wakS8FDY5sklq0fSZnUee6bqdV', '1VnjQMfbZBuMSa74WDUsvxNUQmanBrSo0G0SG0PBUWnTmA', 'FyB401bIxyPLMWJjJgEFtX33BKvoOou7amsLmgpxORVanCpcKJbijgdUM7yx5Ln07t8EQVhOqucRLvzPZbdYkBhmSugvY5wJfhrP7pSkLEG8nA20tqh6SE2o8MEryhzHXGXbYsRo4raQqAbsFCTEjEl7e7OOR6YasYruwrEWrWE4qjsLpQm6Fx8VrkvEbeSDXIYM2pEaZaoq2jWC5sufF0CuUPXKTxWGWqhAqpZ2NC4OrwsCuNf7AuNyoJCH'),
(186, 'bLt5G7jGqM0c2A20LjxQSqClbDUVERyMY4KSB6SD3J4ItwJDxcibxku8l72OXqyfNnGIfrlozTD16orDP4eplExvJegCmSdtplyIdJ3NqNu8p6Qu6lyD', 'YKPHjz4cPxMpDltS4105OpZzPHdJGbmL7bfGERJWzV6ssVxVzUVn3dsisrrM8gBn7bcjXZwFjkZQDpgPe', 'G4mvPfwdXsttCHhFRQAZq072YCmibcMV5l'),
(187, 'zbzQpxhOQrWy7PxCC6eytO51PrqtYASKQjuBxVn4ewixyennXnpjLrciPj6AdqpfLixFIeGWZBSQPXv3krdzydgujLi5GqOzB7KUqq5hUfxQ6wdrU0oyNuOD604pO2Hd7oqtlUBlYXg3ODp6b3qT60ulyXx0RmDbpy8qmnGv7FVrJVLwlONO4WvOjjBk3BVH2RQpZbGrzB7DYdKwWxFnO2SJd3xgaH0kngpcwsKVu1h6t8iqO8Yor', '2CC1mtYsLGYn7AmWE0qpG6lZkntQTew', 'w'),
(188, '8irXuMSGLzJ2RNnx0HLiwTX4eNKmEnPvqkBN6K5npQsvaMKoFdEY8ZnGpYgJZy3diHKv7gQbORzfCevwEoQVBQlqZedxGBiHXczy7xumcx5Kr2uOPDLa76NGVpX3ckteReKgHnaSPi8ayBWpbU3E1aSH3NeebanxwsRHFhsE5ixensGenvyrBbOWcffQKeY', 'f5ZBba3LL13N0cCkln126cMGqGR3GRSstpiFg2bI5tHiXAAX4AnYbj2cWXwz78PqLbXXTS6vaFPICpHsdPxreMn2BgrSXepxW1lll6a5GKA17dbuhLNdCoz55uB', 'YeVvGP5qHw2nzPK3B3V3lyIfxC2OlYIrpvLo3dxdAvfpHC3UucCCLQK6cZSr70UT6c6Y3rKX18I72rhZiS7Zegq0xUgiKJqbSjgsRhCpdxT5CzLORGXG3GH4JrCZ2NkydcuJDUXQdl8ECKQosEzgiPWLZLIjUgJqpC0cWbQgbkdlqPbHF5O6FOSWGvycluUDcHIvd7eLurPUsEKWG6saU'),
(189, '3NIhg7YMoIwpqZzdbKG3VUHuRMQzFewPDsvprQye1mNhNklFLOgI0wUWBjUBsAEjAn7g4nFRi5Z6cJ0A3s0p7uvFMh4iCDvvu7oaENvah6fgLmBehuYcGiRrKn67sVb7w5YrUwpxHzr7NBiGSQqfHVMgPnm74Ak1H5AQkATvBwQwlq10zNyjta84D7mJjxqO5s0xaUI1yy6dP7xZjUvYiSaie7RHliAhdEPdNt', 'J6GAkMY2iMvbbmNf6qlOQN7jM', 'oq5f0OB23L7rhrR6XYXXNGNC66vQFb5Npd6PNeRciu44GYrwJrqj7SlA8b3WCn0YeawcfduMG0C3wrL8Kd2k50oHI3bwB'),
(190, 'S22VWzGmz16OulWDol7wJWZNxx0euqw033bM6WtH58YiQt2xA4sTyGLPrNfFzrU7seC7KeJSwK51geunicFEjrUBKWq8gAhvIk4ZcDuYVS1Y6LKsWPfGBta00IJLqC7dMpfP6wdhHjtp8Qud8uvXVn6LzQC4XOk0PFFMylhmchvkFhOi28ohK8OwtW3qOGPXqxVLLVVdDaGVgwaK7CuAPt4wl6XVmIiIrhBczuLmPG46wvM3VTTrCubSQc', 'YzW87c7nZZujIWcfQaDlBPCe1s1', 'ctwVVsby3hA2Cb47LJ2Hk06iAjGyupbmQ8bLA2iomVJphe6KJ75Y5djJDYVPXE3gGgM5cjdKFZmFN62HModwhfdhmGk8JzqGUq0YNu3s4UvnyMFQgjvPW6g0ACCmHQRSoL2PsoxVLzKrR1n'),
(191, 'YDpDpvIv4SmYc5Qbf8nn8rlIS6uVvGGweHkJcbyYxD2TjWsOsG0jfYncxwZn6kuPLiTnE0DB27ns17vyeLBSdiw2CCldmjXlfVPnjSDDXYS8Ee0fTQZ1GnjJ6aqoZO2nLVkE6WbazMX0kACINfdSZ0roe2PK0D8xpmQWyt3WwdPxQrI88KZE57eblzhwOc178oVgDs8zRAxI2jMXAZ', 'ispFWdTVLIeAWWFf04msWTHXdOUAE0ccbCZtazgEtbTEjkMIbZc0c4MaPfFwqHBPybtjgv8y0O6yf7ND5sUrcMaxUIBPPUUhfyn6od84TQozEP1zCBRFDnWAYtJwXSs7Zv6Fs0tB6jahRMTUdTSjo6pZYjQxWHDmBt5PUW1uBsGkeiQpPPclZ5YppEACNd3gIRWVskGDahHtjQUumLr3r8nGP3g3WglyhdOe5XWZXbKUFn6', 'drw8ONmGIJBUaTgHfjx3QW4v0bKM5xqXSwYhOx0en1jHfvmL1oXJotY1c7iQjasvlYZisIXswz8JyNJ4JPX'),
(192, 'xWlsFXVrtWfirX2MnFVe4NMaGYoejNgppAuLVdrFunreZQtv73neoui7yLwVfErkIFWWnKHRE1VilOvEUBHizJIg2v08jR8jkNUBSI1rPcXnLAVGY4ECHycc38kngh', 'h8PkCf0cod6U4uxxdd7j6wSs6zNdB8IdpyWcMIKfCnTVLS84pJ0zdKOp8PJKrRY0FMiweTrylAcY3TsEz2OUTKwBFIyy7ZJbacmx0PJ6gUANUt2XkPgInItsbciNb2rx4Yxev0bvEh3yLXTFbzsK4xPX2RPFai2g3u6Ou7KfrpDNSqCMKIMeGZbmsZMmdJ6O0HIroad6n6LNzn', 'raRXkHrsPYj7jb7xLhFYxrfgniKMq8OW5vsH2OuOenYFTDvUongb66Ui0iVdOVfzuLPQqQzwyAjdSMvQulYBsRrqyP4KN5o0ymbeR3J2EsGAz8Ac3VvD5Lx7z3u4vAfNQviA0iBRvEoWIqH4BmTB3vR8sBKq7qnzAkdmnXN3mwE8m1vf7YRmQIs1MhWCAvJM7DN3t6EgKJXohAEKPsGJP7ZnMElJm6gk6FwDUmebBA'),
(193, 'nOo1gHlheuB7as5D1Bwa71lGhpcWsJih5yOOwvTk6EVzLbQiecNVO8nWG7EpvM1zAX1AKDpAu0oVEv7XPNJQiUQ1VB8dUoVwBKoylQQ2lpP8JR', '1Tg3RiKLzVuJfp6riGjmhdGjHW3beAASoTXVRnDx53eNnFutJ2qVvfdvlGmzKjquUMVK6fnrXIYsIj0Oi2FvVU1a3pFJzHQbcY48AftYAhue8f3YpFog7LQ3UjlkXJtMhr7winSruKygJYWoNNDIQCSO7ICQTrPrdL3sza8BVLWtpou6ULEQCey32Ao6SQr5Tb61ubiG7k3nE46K8kgtFhRWCf', 'fKxtDCYUUQsNhVR0AzAUEgtHDNPvR4xWyqdSU8lgOxs6qdOvY'),
(194, 'CBTDzZkoUlrR8y5zvovnT2m5cgie3jOp7gb10DhTeC7nQeH7qPeFITPWrnI4rtDbSJ5qfHX1md0T71K4glVFUkUitu8lF6oS7UkcURevvqwni67KeiyHoJZcU85EU0engIZDOBctqUAUTh3QllGxLxZU7DDUSnV1Eq7BZD6hCrWa0TRXVAIUletsxYyWq1xXGP0hoopdA0gWiip5apqUE0g35au75xavFWOSQKgkJibkcg5', '8DP3U8NvTwdLCElIsdT285Y6XerWKHxNJutPv3mluQJueLhC44cnVSzXBJsUI6c5SiOXIhPUhXHbvhwrviyVWZqzzaR5xzIK7Fbek037Ml7FIMsw5C4tgT5lyRW5HJ7z1apkbCrAoksBYtVM6kvTrlTRcSlPxZdEcOKLzjFEV5JAcaQlDIiZWZtKJReBsClEjaf3gCxK1bFPjtsLw1hXA', 'r4p6Ezk02dmNrL17CIMZ5pDmGeorqNc83iu1tHVLtoRX3cDJHjTyhI3P8XMx6OpwrvzedkeMTleJJcIeKhun8NZSN42b35ip5M8p3xWvllIVSOkhS4hHnM4glg6x5dq8rXG6w3GopvzHossNyN7Bnzv6u2IBm6dc1El'),
(195, 'oMbLggFm7Lfm3P', 'HXVi2mLo03pLk4xhtD0TngkSYor52NMti6Fb55ie5xrh8JMgUDEwivmh81zDcSbQ3jwTG2eWrBfu4LUn6eroOcaTgLwattelZK85xqeTPZPfKAegBTCuuQAipEqrIqZDcybc3UgpbMvddMtHREFnBbbMtpmEEhECc51Wy', 'zcCqakmrmqcuUPWEXfViZdJDlRxD7agmANYW2zSN53ZbybUEOZI6BKv8b2MfqI'),
(196, 'M4h0FZ0gVOE3wVGgHaXwTZyXf6TvPoXYMKdQckw5IzptUqmW5OIb1qwnfxhvxvo4hqobUnDPClNmp0BZAlggEQ4601Wh0To0bbvkRlyduJZt3cuWRY0S', 'iCcttCczsvfiwpaLIYtfZUuAjLI64cesUfKVEzqF3ODMGAUr7AFBCgPZjhL3VYEnWOc7FPWT6ScQDKlIBKSAdkEJVvmXqyze7LXOcb4xEImk0n0UOMNjYEKYa6Jn8FWVOjHOzwPbbIIxVRrAtFcSjqfrT7mhVHdG7me6QpUSY2iwYSdAIbEcoRB5ZIrkqPx0kq6ZDC1CErklGveHR7HhB3lIH6M5BSy56IC82cDnHSMSEgXd', 'qDuuDEe2DJd64uDKpqJxJXZQll7JIe1mGgK2Q7kMtgOCPOqDAn5iwf0B741ZO7PyCO3iEYqVqBedUwvok2BR42OZGAxOQoYY03R0jJSNhmoJPIk6lDvZnDQqT80GpUo2qCxaVtc0VN3cRAPpz6LxMdVpCmUsGDaG80kkvapDLQ2BMobiGQwJqcXS6'),
(197, '2VCvAGgrfEJRVZznalaOePxVvmtBfDPfwCauH8XRre3nXP5OxDMLdO485iAdVhbCY5EH4pjmHWTzzboRRpp5XRKd2YTp2nsXTZivi2ynesvPUdAbf1k51qPCmnpdHCw8OpU3lvairMXEa4ogHll78stkJFj1u5ww1C4RBqoYJtndNkHHUIpGBvvT6d7D0kQitZRZdPgH4Sz8NBct4xJpjjjbQyX2n8JgcBhXzdv7', 'k77j1bTU3HqS1juvQUe8ivrbjoulkw2o8fhwJpJOiLhcIQrqbPvAUo3vw8CTSmaoHk1JjaoKQcvf6UBGfAs8302wUYfOjxZCnVMLRuqfN6jgu4oAkDKKCRXAMzcmFgZuzXigqZpN10cLzFri8aieTaqMA3YdYfYdASSsvesVXhEfjcLPMrOrgoVq7GU', '5wAiIish2tc1gf0I3cIkbYoO8Bq1X0GGl8L8URG2ZtGbALzCAPoSld0aAZfZzGD8ca037kBz4vCuZDql4Fj4zoZfLPZQAoSDod'),
(198, 'qnRxIkTuvaJAK3Z6SfZZM1sIjyhgtev5mnW4xW', 'Lw4Pa3NXny3VX5xTcy3BPtC', 'VzH5fa34WbSVlwldqZcUDojDYhJPpJbOE16yVb75ZcRV8RkdnwATs1GBaFZp6dfv5kyma8Cs0ll0J7tIbbZJaxkWuFMrWaq3cZ600Nl1FiWgxmjJ7kqTzRBtNamJRWXJyRPLkEzvXg08jtBJnfFFkqFxIDQcQuN0LZq'),
(199, 'MjRoROeozv6gyGekJniea7RgtU1awCb53cdVNOiUCyxKGiS7i3xoxFHbGz5t7M41ZPCoUsC7cfNt5p0FyIfLxSZV4bcAXg5bDSxt83hufeK88jnSyuOwdb8z81XRXjBZX0CDcLbRwyOJqr1POi5mG4kHEgaeOg8DlY1qQoAU0skoWteF03BnoXtI', 'i3j7EqrvRgUZs1ShnuM63KzvUmDC4bQnYDV6xRRwThJInC5drSwbaBRxMM3n7NXxSk0ZauLkedyCNRSoXGTCElnrW7pU6ANG4dnKbDwoxoRrrHG', 'bYXbEgZHKAWQEEMjsw5Ec46Tb7XLoJ6ttH3GVCPnVg8ePX3WQHHNT2Oh8Q5MKnldftLjiuxlOzpq3n8w4RQBfOdfFygo1jvGT0ProUMQLrmHA36dgrHA8qHdJz4yjxLpBAYiIQcMJTQujxPHpxYDhvp4acRMedNBbofJrgWEHY6etcYACAKUE3sy4fTgNtqkHHwjnRsgFM46JslIWWDup4LxOVK00LUFnL0TzC4qxqbqzFbACBzbCNphWC'),
(200, '6VYYnPoxkPBRSfcUeFotdD6QA2tanJJbTMc8YQtKK6zwMPuLG2SPvpElsqf3ld4waXX0EYeMegaimWhmiVDwWCh0CJ21bGSdzXB3yS0jXghLwSGgnSlncpOLfTBqrEBbeAs0ZVJpOCPfkFq6auxAvf6uUwZPKNcouPijdcekcKgzB0BEBIwbjsv27MIjFJ2sqEmFZ1Kif0caoxvBmLdQhU7P8AssoV4n4OTzwhNZEoalZ61pX7zzw8bcg2GCmSV', 'ZKzIdO21Pn8Sixl0cinRJOW7Obt4DQFWrfWR3fG2kOsmD0EvbTwhNTb3wLA04gEKa6qap1lCRIjmFHejL7c0RcLd2ATfnMe7rkKURmgdjjLJRLExq3pWi3vSSJyrtCeNWy0bNejE8HdKbHrQYdXwJhRE0KVC4v46ZXlQSdYWoCmvP75AjjtEPJACTbys3K7gefTjL', 'bXWTu2g0y87wIADNPaSWIU4GzSo3WbEgGAM0o6Rkj4w2kypUA5EFNcBV2gPZCaSzWNQ1EPvwiMIM3Y24aqIXSGvUYbOdG2nba3POyf5PrcbcDcebi4UOLMcqXWwjMKRdO8V7yGafvpwvj5jAS3l1rGRir8'),
(201, 'mGHwBJMBaDpqqoiJQaIHEaC6TIhnOJJUGeLAYq2Pd7jxZzkcUlkNsPeVjgaLXZb4UWJg2fagsWw7qDVSdsdZdqVjwgbe6orYr8zWCnbofmCLoJ4VY5f1j4NiFLaMyDVLBldak41NQnxvh2u68', 'isxpIh88lD4X0HMPMVXUAr55NIdR5NZbDqGB7L7vMV57FgZHFsMhsC2HM6FUuMca', 'sCvB2TlxZWRJ4S42DWR2pRzls84Rs4eKqWAbfRjDBWcHqtxC3Z4SI1GIVbbrGuqodZFGE10ehZWmQjnxgpA1Yk'),
(202, 'zlCE708D0765hYDZgx5UM0BjIhv11N3wLa1ORqkre4JjnTKFhgxutF3ShtcQQE8qjBi1wyieLsCK8ZibPieIcNfKslxk8ACD0ACQpZf20kzLOX10er4yed4Q85BVFSYuV0NuOcXRhfKtll6e2iALGf', 'ssWIDarTGL1ePy7RlDEPB8kQ7LlTx1r58aVOV4ZqGZ14nLnAbA3MvyNxVPOZARPdmjxpA5GcYzeV1Py0vD4HTJlLK0BkqmbNFF41K070KlTKf3dIQplYjIgK8v4N4CKOnbMIoqu1M3cTmiGQbnxrtqvbwkJVUXPJwRBhazDZUVFZzXwBIPLkDuFNfs3QVZHrnV', 'xWbvMU8vBOTPT2ZF'),
(203, 'wRfdiekLIgv58tfW5mkOD2RNGaxN4NLqSQWFzfYWE1Zd16nW7lDkLz1F3L6FLHrZo23zERdyqQSsH7pRoUCEVEm7El0k8woLAEzbc557RMRZSPR', 'mjcT032szuoF5T8dnxGeVpjueaIkWy0Dtja0rFyThUSimAwCfviRJwHcGSJJOHsvKqhqPwLM2iXANZojyte7r1AjuIIb4EMmlTNnJBW6JUBTpfHXvAqJ4mmfqmmkwWFfyTkOXp1l7PGV6dESKJV6WLYlM2zM7T0OGckqdPSiNs52vCKRpBv80lan0K7qWvfW6wGgOrpWsE7Vi3ifw75yEwFsaVCkKZ3ogpmBn1qrMFX6YW2w840IDpoeKs2DA', 'IaeeBknZPTbyennpAkr8ZKVxBphtuPYugvzOkflVkrglg'),
(204, 'hGlKYpv1UDCRbB7pWMTVkkEg4RWMG5RKyRIgeeLnmRiKUMK18DcCYmf3aLvGLBSoUejiA3eGaKMz4VjBkPf52CP2wClpvNaqZG3BTGGeIU3OFmkUeKqoD0VCUlmHlrb1YIctv0h3nOjQASyiO2tYkZxhMv2viZd0sX25sG', 'HDBVJYnZaZ4fWZf07amNosdjIGlcGg5GVkFz3668BrRJFdHfSBkkFX65tWe5NoiKHn1SvzAjGTifqapR2isjx1FjtDZcfNxaBaFQiBCZ2Lz6LIz4YOXZmmwwK0rK4PzSFNIWeRujo4mYkTTqfFq', 'MtwDGvUFlqE3GGYxHszmA0F8nIGnLqzBxmHky7As5eBeny3HWFkQ72p1tIb8NkRumCfNLrONZ5wjxPQwQbwlW45aOF50kjKkxv7MCAHUNknqeHh0PZHJCT4kbbak2BUtofmA7iwJSq42ew1HT4P6dH4ixIFXEV5aApa'),
(205, 'PCSdCxpC3ls1G5pd', 'oAqRzR7Bfjdk084xhzxhNcJgzTBgD8sNuOZosYBVsjCYMCOIN40hmv2S4TVsFCnymjI16svhMtmnQPr8vuwglLVFtjihYmwPWyoOXO6rbdSCBAs8znR6', 'Py7Cj82I36ydjFxy'),
(206, 'typOMk5iEbHkcnOZSgivPb2vV7f7JILqmjUTTlFStTeugNwDmykBeZUyBtFfz0BW2Y7G48PK3dProV8zXfUhmCkYqZp5wdVcDZ', 'pWj', 'oO0rkOyxUizsKC8Vdu2t6VZQq53kElB0CvvVVWXgDpyGSuXTMT3h8e41x'),
(207, '7TWLtDGkoHTaafSLgWCxiLllJoASRI3Y5nv2kT7ryfsP2ai4Uubv5PIlHZzMvd5QC103mg8yFEI7VfmqJjt', 'MqLeMJRTM6', 'fTN8MdEaTCrou84WEYHCpdByLAonBndmsplaZsDuu6dWs2yX7Vo3RaOtj60fENLR1XcgPFqUm'),
(208, 'LN0o2OQkTgKFLszbs8AaAhwnabkAHzG08TgH', 'H3MZ2UlOpa4wFCLfoOiqfZ0PWCu4D1HKDKl2QYSoV0r0eetzdFwpLBwRinQygBAKTzRrBhZnyo0C13e7iSgezjQ5PM0PhTajtWhQxhKtiQ0mClZOgwMoZ0abla7yW0vgX8YkZqgZs1owhDUBYSqqskorNu01OjWJPeo7i5NNFzjvHZrCAc0jsd6q1ytVsO4ph3r4qmZIelbMv5fNLnPG', 'fwozkZhXwAbyuaShXr5ertQRqsHVuv6e1UsiYYhKvRYrvQFpkY5ROEFyuvxxebe6LbKWvTvhB47XPBHndLflRgSp5RsI610OszrOtvXO7TUE1hQeLwcAoUeYST3g0rQbKCW2AkaJ6wzeOCZU8THSAwa4JSU12s1kFq57S53OzFXwdvYK'),
(209, 'qWKF418fcbUWYcAxqbYEI0qwLA', 'ReHNudFQZ5PhGEo8ixo6rYEvgVRLO34IvNzT8WoQekli57VAG3OEwtKTK6NxMyac7BOZZ5DTWKA1QaKbtPrPQ8EwxXUxsEryFwA6hPSPTRGZqATeIFiomz3dlEVuWEHT4OK6btQXYvfC4usNEElnr2r', 'T1b40Cm5IYk462jhWFA74CtKQvj8mjLlTjG8an8WEqZQXgum8oHag5VkhXX4R0AWAEPzUITGMaSWTuCXIp6pEgzX4qOFdLoJCCF1PZk2woRcMh44sYRI'),
(210, 'I5qGTP5TBJqZt5YbZttOre0mdrKLS12DwzUMJXqsZvY1Jp6RO3XfowpMhWwFjvSurvRi7amu5sQlUUB0Upd6IjLSQj4p3LwFvnGjN2sqA3pV61S6dYg5RJUgPEDanxca28ExKaFSGsf02DXGnqvIdk1ojMTjpoGeNi8UyhOPMEkZXXIlf8Zc3uWZMq8ViD7', 'Fw4kRTuIDepzRBoKwo', 'u1kvvQQXZZ5aIizFfbxVykwCfY6DuWE'),
(211, 'Nbtyx4bIM7Z8dh4ipzkOKVvhCN28dbljGHZY256kTklislt8pM5Z36MV844rp7zVwyJ3g3uwMHQuaBvUmY6wulwVPC4APFT0E4v3IqA5KGObfSJFm2tUJpcZ84xgUusWNUzO4pqvShHk0Zl2CPoZePulvvdTIkwsrgoxWuXCB8criOXRxaeOnQxhYJiBOQ7cbmYeikyCd4LCmH5falXhwl6U74kRwqvNsQg347uoWFUEG5ySYA', 'EoPLf8HEKVCBatJoYCpHZ2ftesTLZNK5j1bdUUqqAdXjO1So3PAODPhghNXXbXzCucFCVdIBuefrMOSjQo0l6h0RB', 'cv5suiBSqHIbmnuULCEboP3hfkrvHNh3hyWpZcDH46nijNbvybIZDgTHCZvt13edDVP683pYATiagCPJboMhOTXtzJYft4Iv6GFeUxmw7qF8qWgu7GKZWGFyRrfnRF8W7dSupgVuVwwLXJCFQ0fhXiTxDRcMCnY7Fku8PkyPO3Wks1INGqq7ecrv1Y5Udpi4htzNDhRdI0jsI6XOBJmvN'),
(212, 'EHiUooWbLLzraMr6IKX16ZUYTzjMbrFmdLeJheCspkDtaPJxgBqMi3mFV3LHT2tPd4rwKk4ft2gjTHcb3i0nOc6rYFuC83KaXFccuJdZrbRp4t1alfSyoRmeQxDrZciyOs1vpLvIS75Y3NiMIHnf3vDQgpXKjG6gHMbILOLttcWUIh7Ds7e5rV2KEBgzLRBFABcgNuuhKJpDI0kMiOak3hwMPbrC3JcmpjePO50FH', 'QDlc81G0sw36vW4TRjhcfLDvWOjvBm8y4FCS8sTsgMJXVKKarcNHuNDsn7cbxhPJOpGVfzK2gs7lHcy1O1caKrfZmRcHzQjbY4fsD2Vf1vG13KrOutdTKBVeNIqHaMXOgtblsASvSUCR1HYS6QcT0O', 'qKQpRC4GumeL11fmUFSRMYCh1XNEk04AI4lX2AHExtOWNJS1N'),
(213, 'ntcjw7FcQBuTTDYyy8QIZUqmCmlDK8zxYwiyygH1XlWIwgJOOyzijoc8yuAZUfehm38QaYsJFT8XlN0YxEWjwWtUgFhron7qcWRkyaBThDS6dpJM0HRTcYjuxMwDLJeDmUVadQFdtTm6Jb2gvmZBokOqZrMUUXp4Op1tEWk85DJPBewo8TfK3A6BhbM12IoTYRvUnhZz8u4HFyJZA3JjKp7v1YnZaWCG2VPAiZE2JLBimMme7XPwsPIXw', 'wh1jNItYOMxXnL21jVvwFZJlqrAbybQuROPo8qzhrxk72rHSbO0XBno4N5J5mMoaLN1D4JJHYGB8VmUSRvzYlhOpAC3O1rYf5sYHfqtHr5clbOhdeigfEcqJIssQdshoEMjDWuffIB2hnI6vBXdoIRvzDlePAGmE08wdi5FEIbqiwKtJHh14NfvwYCS8Zacb2', 'KYJfXHzz1t2SbQVOqHE4I2ICSYXJZKIDbyAbZkVBdouuqTWHbMSFjpV7j1fEA38SiNsHGNFUzgdlvbsS4gblZawIEKo6ktSwu8BuvqhJufdOdkLvAiNRqTHgDI75E67aSkKQIHHqeCUIDwq8Qi4A3C6jZCJQo40x8CpaLVJJaIipewaUPhFNiBLcQLFLFqkBD4zDjTXUyqxOdbUth34taUIC'),
(214, 'OJnD0n5ePz1zetCeU6fpMGGK3PebwLlHnihtBSrV7hK3NYsVQjBxCkmzmEa6YfflaGvlCIYUCsZ0nFuHM8xWdcWIwcL1vZcSCYu7c6Hq7yxMQVkH0k8ICw21J4G6tF7t6zuwX15wq4AcZ3ujnVlwCF14B2Z0kr7LcdfX1RLQGAmHzJbOzPeApXOvy1TrCZGgYJSNdfmho5E8hPTgcd', 'lRpp6JEf1Rg4C0NKp1HEReVohVSlYuSsT8VBUps5WEJpaJearJGzhz3FjlFsh', 'hW2YBZ7nURL5rfXgh7uyfQCv83Hc'),
(215, 'tNXe0YPAslL4WUg4ORAMljiIlz4LH4OcbhckTJl', 'bOMVaE0Au2ZSFBYynhpKmzXpetrBXoE7O3MEC7myjtO0ZzAWj7AIb53sYQ70gMTzwIfgovJorKMkSKbEmwaZPXtXXreoMoE5wB0b2KPo4efuUhRsb8dCCUR2hgoVZKrf2e8yE7pgM4h3wTsNZYnuI1UlwNqQxIDZ3KzUe2PgcXbB4nnMrb1ussKQOlko', '6pzWvMBUtdJEI6xjoG14buuXZHm3JRnGAh4NSeqH5TBKMsTQzdC4QqnoDftSSrfOWdCmiLo6LrIaNsL8NN'),
(216, 'LYBh2Zj6Lfj8UB3hPJiaPYFIbs63N1wU4Hf0mM3kMzcAlz36ZoNwOfaiWgmQtq2usthc0Rceefnv25bKzmMAJIFx61ztiuf6a2b0yr4N50vyA7aUJYPKTyg5rIcyFvv5PQWQBVaqGLo86wLSx', 'BpkdlbxlydPxniuyGtWXHFM3TXVwsbJPJFuihB7Z8Pu08CWkGXdBhTDtrIakjWg6B3B1KuDtnNKpWbvImmeGBwLQn5WbvFE4iP8vnVRrOwuJZAOTv2HMbvkV57ghUq245gqjd', 'ftAJkvElMBkeFZdmePqamamZqneWqiostqYBYz1P7hvS'),
(217, 'IAKsLBEuJxkc3YL1jvYLnhVzrNKLFpcxhwOEVWkZXhkTt2Y', '3dUExAIRm1s43D51Zi4o36E8SZO8StfDrrleEhntOpJntoqvGGE5XsxCBraQlbfoIYSJwC', 'n6Ri7aQaaUUPsD4GxjecnqRBXez6hMHqrQl'),
(218, 'YvF5xJXcGnMFudgOYGWkfrzY8zkJ3iJc22kNLlOPGTT8NaVQnlC0q3YaXQ2crTb68rjk8xgLe3xVYrTMKqlKbZtU0LAA2cZtKh4JYSgqijKDWtVNu6k6cIg0axEErNCF754WmBdlCLMOiCZFhncH', 'oWsr7QRRviXKFbNFv0fbw1rvqyVMJO5woksb5lAcXyL0qZu2AytNYCeh8s2AdxJPeWkOtXfyuPymL2TPD40TyT4tfwMfEE3TuCATMWfQ0sIxOya6QUkxfVIWPfJEqaEARj3DjN4cXueSb7g7CdXC8bsgguZtTefYueZ35kit5dHjiACmkmmCwB', 'OHIEBFr7SCvzCryqoV5VxCbNXnZrVUOrNVpURhAErtFOfxnkkyR5MWpcln3fNc8iHJuM1sQmZWWyLpktA2OM0zilyvVucBx5e3gEBQKRvpWgzmG6cSFQWA2I4gnGn1LtugeKiq8kckRqTAb8iqZ0KDW5nC1YYufUx'),
(219, 'DtFqfb4XYazCpGXuOEZNskMIU8KOKVQdVghGJlecHoxSA4cxQBHF1lc7CoP7wVni3uNdaTWAdrSlfpkbcFFGHKNldJdO01RZeVhqLQG3RXLHQfsz34VTao1PYuofC2dT1AQE2W5UtBBiRm5YvVk2hg4LOTUxlixdLwziU2xUSWQOPTZHFSzAlYoQvX74Cl57PBMU5rDX6SCPVKqNh7yUeYWkw', 'FIRAzhwM5cBam7e7EjrHQxbDBAOJIGMLavIGrNzhSxamqK72FzfU72MIKMnR4ZfGLieSqCcvNkR7Tz7mewrM1Tu2ebWfVAK1wi16hIGKSi', '3CwQlBdpFDUjteb8hareLgj3Lf2nq6CCjEN0eHzrn7DyDwiK1VMwlyqBvT3nd3zAy5S3V0car6B3bh4HkfEDcNngCeqynU1ulntnQi3V71mCkedvHKjqvsrFx84P70GKNZHjUJiiqhtcOLRSdvQmUWsWNVLA'),
(220, 'q6sUHBPvvCgQ5V5PFlG576gJnP3UaMUOtiXfGSP5Qauqw1R5ozp5pJwRlAspt7vkoA7G3uA3HsS3M7OWAkushlWpqpv3ZsCZc3VAmyaHQzRVwrmun85', 'bhxKBCnvJ0rl0FSJ5g4cIDnCWn2i5zEsE1GMPPuFGKpUNRaP8wDJcL0njGY2Fh1JilU5GsfjLCSpmaAM1XggKNzG3Cme5BZ8CUsi52vfomHaNIQqFPBawZteeenvlorVSc8aVTt4TcdLhYSOyWUbsBcWSr13pms0S', 'TSoQLkSPHd5tm6NaCTA8ghMX40842MEuvFbFSFARjaukPPsvqNdBLjsQhHzwlvFVmaTL5VVKKnqkaVlR0vQcHCQFd7Go88mOON2'),
(221, 'C8MlE14lK1wVu0jl3TIxVPYC1jVc43OSt4DPOXoDeuwmGKa4wSNXDYQIhGO5KE7QJCzdZR5GWHKkOrorSXBR8e7u1Ag4ldponpxalPFNPZhpqJHuiwlQVPLdBRpLfIAsBycVj1SJRWASxsBrM4vNAVjFOGnSyFxAWoxZgcp0ABEy8XyTeTcgPTdcenCFLz48XgY8RfGqX2lNSxUIN', '0IAXokR74XrimOwBvM20T3aFb25IZ7aVX8yMZ', 'OIdHojnrEXD4e2rQEqHf1CBeqCsudsFdczX7dK6NancduiXEF08TQwlFy3ICJWUYjcRrAuKVuTC62IwetqMxBrvhiWTs6TtCsLroNBXEpzTM3bkgIjUtzxS3Gu63wn6clE4hTMV2'),
(222, 'YlXftqshvo6m8fdaroX', 'm4GhThzQq3XYhjqSdHaL8RwH3Nc72Y73wHkeCrqTLNleiZsWAXE5Vso0DDocKVww28Craw1VaKltavgXzXTgbPqMQl1bq8CT3S0yRHkTfja427ngIfKckNaDjtYoVxnPozhxTjQ6mK1NgLja', 'FHnqB6nBGPTEbnp12Mv7MxDrC71SeXUISq4edPQWlik43SLAaYiIaMpuLIy3Oi3CGmVZnesgCMpY6aRq5j72NDlhzczbj4YRnJcUDsf7x5Lq2Pd8tsGApd60NDv0xtg4mJgHMHjoCjEFhGcDnnzsf2pwrh3YhCSYzvORXqd3nfLo4I8hBaEp10yUzGTeZAX5'),
(223, 'KVp0YqawZCDqJ1csVw7Xyy0Q1OIBQRexMC1mcMUqQZL33cSQFkejmSfXRRDLRg0Z5CCQR7janHEhxm6Wd6JIRhYoDWzwkyHFhQ4KZMn3cYv7nZYs8ohTZXz6uSyTLZ5ZyCvBXwStPenh3SPAFj8MUe5if72d8PxL2fue8szy687U75GD0huq5un81WuTAPK', 'iPrELdDM465YqzYkmxCd6umUOBP6mnplvti6irxVTmFsV4eIaaiQcvvaxZAQAl5bhkaou171kXMVQFcmeVfmXx', 'MM05yJfIxYd7vQ4XIEjCMx5B5eDyJASzelPCjTKF66dzVXSAVVyuih64okYKIp2DLTjVHf8irQe1cRTiySj7GkEWu3FeqUyAmBdyd'),
(224, '0tQ42zJ1jFENZ7XB1z1aD41DaiidTdrD0V3ElkjeZfm4boqAhGOnEhZgzNvsasHkrCcosll23Pq817fHj', 'jqUC64Btf2aTVVjKDa34Za1oCGMnYEkmuQAhSyt2d8jrn50TSBpScW1eVaVNjGhifjNnP8JqQXdgL12hsmrCDoxoGloiyxB3XpV0THb1RwI0zerjjnuNNEX6EEoO30s53CQfVtqDRfCf5gGtCkstwTMCNS7414lPB6ytA1UowcjrDPKcHDSV7ibU1jKmQOJnKIE21Fi6k7kULUCr2uwhkec1jO', 'KhpUpVTKsxCwz2j8zBMijmWTDjNMppsG3zbFNkMzxmWHdw5mRKDDcgERteNtWgnWA0gRAEHaZcLDjvxTPIzMV'),
(225, 'tNGWgEUJyzCvuoNOsAJaWA1ozrDHH4cVfXEiiRMgFC5PDvy0FgYAxnyrcNtCCH5P74TRlNOuyjeONIsGbsns2qJxYbVZ', 'PJXWzJGEkOww', 'mPqKukB3IgEOpLnhsLg'),
(226, '7m0c7SpVQhPb4s0YwwQhyVhzFYgNrdbCkSTNdqHmQOUk0fxgxgNWiHfHtRCcFM5smEK5dzfmOjaX6ZC0FkDoHTga82nqJDP5jt5hLCCiYpnGmoB6XUPcXS6TJAe0bBnKwPKZYcsrFUKZ1wmZFcRTzi0Es2s0z2XXwuDCgBtMthpGWh1yIaf', 'j5jrpF70PSnrMMcuYH5jPGv5JqMT0bCdQKxc8frOKwzpd5F05gykHDUqSHgidQaIGMqSVEHSHm4kuAxOrUG4OUEsG7vXvCUbHI', 'fbCGY5v2lKwxaxnDnijYJXNMBb1tufZl'),
(227, 'htmGbKhKvQS6fnCy8hDAkWPbRdeW6a8LAC5vcYcFGtjGu3ZQEQc4ez1pyhBOTzRyvBVBDp21vdQccw5yOgXUzslRBIN8Qn2XoFyrRjMMEtzUjSJBqSIsNeVvRSOGkEpBhgOtAZPPp8fttvyUdt6OZsAWp7F3YjrELtULoLXNCgIgqFrjkPMf', 'pk7rfKQPvsikpMXLFv36oKHdHcfyFAOMZV1S2Ux0t7hcq5VmdLVRwkWBvAZilf6DwxJTS4iJEGIrD2bLxRixh180QskDtkDucEDU6CGbvvXhAj5SkDpKaponcvWUe5HHlyYXPygan70W7kXYYWVwp3ybvgwTZ3ujCQNEt3Yg4f23zHrlCAA1S7ELRG', 'MkRNg2eHticUXuHyOZN3kueLr6kkcEmwDjPAveCMhnHXMNXVtMDzkVeeAAN3r0wHABSi430J0OoqUZGYCXPoTcg8K8KoD73odUG6DmBk7ziUMxE0LiCiDDOHVAtoN0h0AAzOFZTl0nt5LXwDHt06NHz0T0pRzciQFFVkPbie7YUgoqtZulrpH1y4SlkuXrvS22McTraE8mtN4VigpqdafVV3anMb'),
(228, 'cKjS8N36ZYsB1mR4FIxJ0Hz6cKEmHlwMcHmCsH82LzWTGkm2VIcluQB0GQ4XJfpU5Sded2EZYtixOOaPkiCgEeCzoMf07dlkBL6VjOam2DZBniKG3pgRdAssEf7Iu8vYv8yuovVg4iWS88mCglRKtM5BPin0FcGPBkdXyY385rtFaf8YPrmzcwB3GWcedp0Cu', 'qg4M83Ygr8V7AmeCtvNqELfmbUnxwm7mvK4XnKYVW6ZRX7ESGGMgE57AD8M3GJ2yky5', 'bUefwe2evGRORHdLjH312kd7SCom36jVi6Tlu5prZ0RmqDjtfTzEAWiJo'),
(229, 'KbYSVSStYaLAQ7A4S0Mb1WUQL1NZkc03mBUr1vBbekUtHc8aBxKPQPx84wlGbjNeVzU7bvYNfnBLMBn0LpURVNFu8tbMiMWgandCLRQMYGEr0wLf0EzobtvogIrpdOIQDzmANoskFRuCZVsbbsffuVk6jz7Hn8xUwfoduvgEAG3NE7EYzpOoQyu16OmJWVbc5eToTC7sPhZxrRPFv5B', 'lOvAmClGiHKL', 'OCSEUGFoKuSUx7MyqYLpWOveBsldQGnLnvIqnRIwXuf5DEtLDmLwUeNRNkWR6qtD7MOPKEqkYY0xUhhc2nhvdryHlmgVd4ndO18gbOSgcCTVj6lXLRhfmLKByy46s5q1hl0E3SnWw4jmdOeU3CxuHyKxznwNeqE07y3lcz2ZPFUkJWhq8SMyiyO7Eogj6WkoQcIxvz8gQkBU'),
(230, 'nJlnnBKmTsJcKQps86Qhc5AayilkB1lnPyjbL8rMw5VupXvuL1jBE4KProPs0H', 'NUeO8lBLfjJZaoTMuaQ3cgeZ6Tx5UGbwsfdAi7QBqLHccwpTKd7b4xUxkPEPqoclz6uYYZJ6aZGFCZWhRiCYQPvAyvX3FViNyTjjKZallPN714zuiAtMO5sdTM0FBMTXm6pIyhyRImB1WNM8zHtL2RclsN3LsyQvcBsM0HmJGjKgOzb33N2jCR4OQtWnB8', '288ZctAMS4ytoH5Q1V2GlmjH'),
(231, 'udUpqG1PYCouOJJQhJ27U0Z25unR0nr4SZSXENcKs0FMeBr2uBDvf', 'gqnyod4Uh67uDfp0lAvlTie4JdUwshaRehk1NDxWieCP6MWBKUQI2d2puopM3CiLYKNMvHPyjQabWa7zCN3R6aCXW6aGFnivsRkNDeqI523PnrLK2MvzCNJpAQvXDNSXVDr7msVeiLzoYIw3F5WKnVT0a0ykAqk4ljI2Ux44UZj5wqRT0E2HNmNPmtlzLddU0IkIGRgKUhjKPtiKTBRFqBsoxvTBS2X1VS1', 'YbvefyxohDsQVnobN11EFACPv0G0JA81JINJbAoLSBcooDBophrKKoBbYo6ulKbWVj2AUG14Hw'),
(232, '8p4IWBvKtF0MNwwqVAi2UcSKN1Gzw37wCGCWzImS7joKmxrYBLemtMbjOlR0hdSW4HAZitxm5r2BPcuTFtH5cKpcsmIQJ4iLTn3HArMPSgIiPmglQdlUyblOpIVIc4qpfksD3om', 'BLwgDxMD52ocba4vuJGzyE8km55wP0x4RiChVzYRDiRAKb3rBPyQJhutisKvOCOpLXV4eipsYtAP6k2KaDPoNTSX4yehav', '1XFIYf05nxoVJvtkkh6ohwBr5u0Ecur5F6Ue4yakpn2bvD3kUfnffZkhRA6PnRg54NBCAju1LLoJpC3BeQE3wlWhG5q7fCg75wFBOlaFB30yGgoAgcmJf5znez0gL2v2VxMGWAc0xgh4P0DyvPaG6XxzRAOq3y0zbK6mnEt7FAZPHMxIY1vv8Xv0ffb3Vr4AEsgDfisZvI3QVBd7Poc3P0BpBzXSUBJ2AwAmfDrdWjO31X'),
(233, 'okna1FNWSiFcXcNzyaUKvc', 'm', 'sAKW2yMPsNObDxU2cAwrY5B1mg4DuyIUf7PE6OgAJLqtO7C4rfMsmvdHbXkNIGiXEUPmfbwjqADytac4tsy1TLWJ61UuxvjmdwxV3y1ma8luvl1xANd0leR2NYpaLZABrBGyvDEDrGOkdPm2pt20nJswOKz'),
(234, 'ThoI56PC5vvlvRKx4aTPPIqFTRcITJ0MrsnIiuxnpwpIFR', 'WRruHrRFwcPXX0CcbbCc3aPxTYZljgVsbcpFKtXyZVOaHDWyIqobtwxgAHwkuzXOcFlwWR4NFXnhuHxwOrhcH360kcVYY3V2iwpP6nuUIfWDPHsMdfwPJnHjikzvJME77LlyIciujjm3Wo35ZBdNzmbJLbliOBYhJOfCMomFJrRDVbUb8GR', 'qpPAKOMy1kB6P5kbG2tWHVokRPj6hdmKYsmAJ0bEiSx5EMLwoyNwuBzxiLmavRWpMmJPxcVQI5hNHVKzF'),
(235, 'ey2RlaiDWdGt5fgw0PjfxisgN2r6jl0cJY4kNoD566qpy4hO71sLDSBxTi7exTG8RQsZ5PIiJwXWeXH2C4CdK67MNhxzK1hfGaPRoLOTOKMzVHPgAbXrwiqjTGYFuNyspgydkBps', 'wDFjelyWoMXvr80nRQTog0lIcJJF7Yo1Jt4hLmz7gX25GXXRTU2jmOcrQnV0bFoBuPfmqVuW8jyxC553gLm2oQnYSdQ7tjNBviacDO5VMpyIf4p33TgkF73mfoFmy3SWxp8YNiJOTsH6KMq3', 'NpAA8A3VhTwm0VRTHRjguY8NaZzqS5EWdE2oROLtPa77pECysq06E2153gBK3fjjDyu0Cfx8g22GAUzrJYQPbFLuhs5Ra4o4DUrCWjZHjqXzXCkq'),
(236, 'O8ul4GNrKH1Sqrpg0RmxBHYB37KqC6jxgE86fQVpqcnfaibwKqJUfWw7tzDQ4X3ygHazxR4QcGUKwACeziwmge62r4Z3RkFrBzwGnBzBrZKS61o2TfjS1tjLTvLtTg5NN8bR1ojaPtkadTeFAPKeUVoDiAax2R3UHoTPICkWnODWBiK6SniM3i3BK5', '0v7QXbap7IJuAiRqgJPi6tZJEeOpQooDPR3rJYcTwzTDInTFuIB4jtOiAlzDZckSdSTe6gBsjDQ6l6JZb44ErxKTdcdz6v4ed7fzZjAzPPmWNDYEsdpNwi3mYfHnzz3gVSAPL4FmrS5SokB2cO1ZcjB1whMgucPI8', 'zsuyVYtEdag4VtUrSJXg4vTiQmPXPjU6hdShXekh8taPuwiYw0WqFN6NNKw08A72vbEWi4PbVQqnCJjF2usszDHKtiCtkLAY'),
(237, 'gQkmTpPGSCIs847sqg4yAgmVMo3lBRqZ4Cq8AQ5ciAcpCXV60c6teW5zhW4l4mvGzjcpRi0gZUa02gzWSNSgJnPA6yV2iwWywdJr1drzbLm1tAUw7ECQXW8dXnfibG2Klm7X43PkgkDsrBgaxA5m1docFCwbGQdxadJfkLMbSvnoUFiUVeaMpOx4NDyT1gJ4lQ7kwQ', 'AuinTuSF3iathpGsQKvbG1LTAuWWGHtHEEZnnvqodNN0r05Fq4Q5WExAPHonqf4HfDnfc12LYimxPZeqWjj20nfBjN1FVyOfLBlXzyrvq2N0wZ62sXxQgncZdeAAEsNzRxHwA', 'u0tCRvYs0fjSiMcpQ1wIHdk0VcDVCt1bnMprkbq4hhQkiEch7EOjutW2N647MehdwZ3ZKwbf1SwvMZCksGZVlzwUOsBNopgg10yPJ6QBZdqKNsOCibHWg'),
(238, '8T2ccO6LHLAkS7ZWBMijrxAvwdUnAhnnd57ogIAi00S6YrBzt8InnRK80w6zM6BmbRgYBvbVQMtFqDWqDxNY8AXCdPLP565pdpcNtMDkWZ65mhFE0beMczzIUh4mIn0FaTkJD5JfxG5hdo5l6pU4HRqdKzv4WiuYLEhoZ05j4A', 'M8fmDry2JMaWZreGqAFL3oTXQzqZdWU4XUpDdoy8xjAhdsPdmwgzDFWUd48T1Tnp5JkFziT7nigyLdiiK7B6wzGAWLSDfurquIDy0CigViZDUYClkVej7p4hQI1UfSc8Bh6y', 'CgQHG8I47PWv8hbwqEwC1qH70tQQiLgSKUYDNwOgVI7qsY3fG6LQBmTF76vdSyKRqaGEh'),
(239, 'v6SGttpOwfZOWHyLTWUHGaz1ayeVxmj', 'JPWNZlB2njB1IiuXiKT33d7HBdeWk7NAkLG4HffFgsl4DG3U4NdfW8EZkaoGR8IY4ytXnaAHdcUfIApkbjbsWtNrM4xQdDGSbm0iavgPILLKRRoWeAslCVsjs6Pp7mrpQIPXqNGS807BBjMFEmuwuvMXObFZOphD2ndxLnEZV2lvdaMZfErX1XjSZMfUewnZA', 'tR0XQGKTPKDXbZ1Tz2h0wAqP3kZRzvbc5BXmQZw8PSj6z3wbSKfzNduQajgvWAyG6MTJUtUd7jS7aJktqRRSISbCbabB0XSoSy5X3WIPxcbviXlP6EIusKDAVokklzNu08LS1x2ouqPw44KqxBG42udWUCvPiwS567fr364ESBEaejaUbFMr4t5EGohMxZ4uFcPLSsTZuXAzIrcbZt2zZDfcyZMYPAHo8ELoKD8KKbZcpL54Eucx2E3bDU'),
(240, 'ba4NHEPcIiSjKmSqRf8GU6ZUPy7QEq4fIqfxm612uMuCDoBHdZGfLw4UcalHqBVoWGfauJOACtMn6HMvbb0vr2UdCod', 'rUEu1vNxDcZmctfAXK85', 'bN0aoWoVyhAsIKc25s047RumxvzHBeUdJtWCXWZsxSHAoZn52DZ77NsQ'),
(241, 'ue4WpYp0h4JikpOghleWhqCvJr1aZ4Ht5Ll8qIkujuB8GkcbX6MIbgWuyMNCabgau2sGJPegdVeUjVNWEG5cKbmICawmqvrJUIYABCjCxBEkJ', 'rjm4BLjwvZ2oMrtQ0NMfM0cAiBswpdYO8BxBYvI8', 'vVMDua6hMb7hxCXromkxAg8vsGMK3Yn0Xwm3zrqFascWMwj3p7RjscsZFUuD0IAY4z8f0mRkb8QHyEcV24TkujFIPCsrPYgbW'),
(242, 'Kdl2wffgNBG4IaeAhBNbDqI6dbnJd1AsXPOiwcYtSheJSN5RHvjwdpdzLPE1HGjjliwFFmhcW8ATD3IlJUJEp4cB5sMhtC8ROKv7M6ADEDPY2NE8j6X5r87yWlYTiS6OLlLPlcVpzlam7b6DvvPGg3pYWDzLZN7Yr4S0YBk2', 'XbjLH3P8SOCVtioSQ7TdWUTXG5fHvSTKlsDki0coOOv', 'GjZiAo06BH2oK76B2RcpNbT8T6GMsNRjKuCJTzhBSdjQxnvGyZYdVHxT1wEuI7ogtknPs4FZNEQ61lHCWcZuhKwLGT1qXwlSQDYRgjnyBRxwZirWxQISN56MFThArv0vlrJHBUvvd4d5QZGL5ht7LC4kM'),
(243, 'i6JNHaeFd4DBBm8umtYvOWhfd8LYdZJDgdePPRVFwIerTzR6OZFGNdi0I5akTf3oUQIdcIPn0z5pSWxrWxOFmca0vFwaq4I4pCZHHxdntOCMBnTGygtLz85rHQVuzv8zTvsckAxlCoFCstlAG0eJmeKmooO6Ix6ftnP7X1W3CvoTkAcnASECPpFqsoqQdNRgG', 'HHJWM', 'IoTmpnAdR4cIALKi2lvpkp4OfQz'),
(244, 'FcH8kBR', 'dsxVajM7g6KurqRFd2qr4Nb4tQ4Z4lReb0aSFtoWgBkTdaXz20LgoW1HQhxLrwWerHwKoMYJf718IdsWGpEgQY08iaPQ7311eydNyrz206Cc7tlfzo1BAlT7TzyRLb1nANjkuh7OHquIisjLiQ7mPr7uNUiFqQobE5ptw4wFhuVHlOV3X6uuAtDhnTNNhY3YNHuM1FwEetD6IFsFnN5OqGBJnDut', 'DezlPK026GLEmdXIWlGFTEono8yqtLPVk4h8E1eUWGU4R5PCTSSOF8NABJExClHWTOFQnM4QH1vXzuuxVieGgsgOeIjmRfMCNYKALaKmkdojCXut4Ez5EqFTdfczDXJJl5P6eLgO1AuJEMTY4'),
(245, 'VC0C6NGY37R761TPhmdC8iyo4gXtn3b6FtooKiNgIxeCIDYJAlvNtUP5HeVw7snd8pzwydyckjr2Tw6dWm4VgWqhCfEuSwOTCVJX4y1NTSy17V3OWrIM2XrxyNEYCZqz3gN4J8FC8pQokbeVa2aUtTQPN2dxomvCiaTTRzMx3Da136EUtu6KE6MmSc3mECNTyLNZtH5ZNKuoQb26Yzm', 'vAebQpYRFlwLxYihN4QxKy0BPfWMKPhDXyLyLoCtCpajzOq7CrBR2zVOhK1INWWLfxKfjpsIws5UcbbpAlSGu7e6WMcq00lewvZYf7wyZ8PED4cnSicQEIRzcjSKKklywYSNaxkZmBNSlAcAX', 'AQUTV0fb3XdPhGZhptt3VxFF3izhrqFp'),
(246, 'cphnAUhqVwyd6vhahlzyIdpAHSfbdRj06HpYx0GpyZSRWHmTQOsY3qLaO4hIypHrpXYrC3toQ0vJ4i0qCwepKtWWD6Pw1s0i0YDCnOJlhKtGOB0ITdb0pPuKxg0IiLEHyvKpIBmmTO1YBQ4e38Fhs1sBHgfiLOzc5d4EvBN0ZPvFRvXcnKhZHm1thkhq2oYBAjmJNBdWuXAKHDjQWtIEgVyvgS7ZpYkXldjGZkOP', 'ryS20OsOoMcxCQtvc1onWuMnrR3CXAiSjVU1x7Pnnmtlfsy8T3gBhDBkfyZv7KE4io3ZqqODKWyh', 'cCq8Qv36ZcEUwjBZeUGd7R5QboecoSoVGi1PzoIsUgT'),
(247, 'pxgrcX0qDdgNekT5ADXbUTJ70m4ggsqCcUStsyu42xKwtw4O', '1Knr3yZVlUqc8ZlnhHwX7Ad6bBUMvzSr2EQrVjcxfdtOmTiyGtc7btwUujR1vV3t5jdrpeaoBiDZko8tFfPRM2mZOaF3yTJ1rfAlECmlqCYqmDur2bmAz5xat5Q0AJIctjSJCmhn78gSSq7FMFHxvLS0ak238HExIpn1AYJEd22yXvObJ5xWql8lLkKbv2NSNWha7pH4b7huH4sNWqYcVcrWNzhN0Cm6wP', 'DRr8ZUrLOk6OnMQEdBrzHMiE8P3nrqVw8sWxj0hvPWCNPvAPMDhs0nL7MJ5xOmogJHdzc4e0EuNQKkXbBvz4lQUrUbIotFUy2yKngRsYKpSzoF6OcDdLXtgOQBIsp1HOQwq7JAMzrUJZpjy3QIWGQX0tus'),
(248, 'slroN0DFk3OQ0ngCb8J1mJCaH8dXXlKkhq0kiWICTY8Ln0dIlNj0pRRtFIcFmqF83HXx2o7pGAK0NXm05Nynv2xmjJWYUndwrJ8xHAPyJKNfHD3AatwKQGUrsQ6LsMGA6cOisdPWQMLAudJKdDKB1jCm5hH5o4l5z6gnhqHLPRer5mVjHTUOc1zY4tSaZQnmsZUK0Vi6XTJeDbhm', 'FFGFc24WkrZrckmr1ZbiwGXWjMjjWpzm68SKlZNJLOlL1hEXR4Al2IcrS5NOaPl0ljZD7F6XJ60ebHiIJ4cVkPTMCHi4jSJaY4gDv2DA3zK7R2weYzRpXeO8TeMcKb72vsyrplLyOqTy6j5j6EGrSZRI4jyTFq', 'wIeimZaX8xGdSNdFG7Tbx0wCEKMgFmDh2CgqvdcX4zoumluwqWl54pLIA4U7XPQUkFzsHcscWrA0wXvrTjYT74dQGybvm3IgzXOwkHOX8IWbI0QVZfOwHjxLkdJXBvdaIFqAgbNC0kb8VvXzKtFzE7Tf7Jw1Vu'),
(249, 'j0VT4Xv3XjpcjdxB1ZIKwMIDxpWdL3T6TSFACshdGlIIaB6rKFkEPRfuryNxGhiT5ESFCqxFq6jE7vHqsU5nka1357SXvSXTKIqVv0DJ1oPMhsopZ6tZh2oEi2ro0Qbftxa20R0k6OgK4lie1MfIQJcXxV1', 'WXa6lHzAzNW4U5nljlKfsYMIP0Th0OdTMkY8C1HxJ3YPnBLs0RufcHnzlKx7P3Hy8v8D6PmhC51X8AjaPZ', 'DyWhpwCjm6TxXh8ngvNFligtTlFPxHFxrgzXo8JWS80KThXZpFtmfpjxx2sG8LbGtKafizkJiznXT77dLWiXWoHSz3x6ZSBCzEh0J1EIqim4jLTscPdFgoaYwytcRIv5QPj1hWlhNaorIo2ln15qSrHmULzdxysStshW2OqXJVDTcscvlgzKlDfxQKMxJiwW1RFGOD');
INSERT INTO `auth` (`auth_id`, `pwd`, `secret_answer`, `secret_question`) VALUES
(250, 'Jf32w7pKcRJLS2m7e1Tx8gNkzOClP32SmYwC15GmYvx6EFVg6Eoc01X8jBQWfbvF8fgtZyDPhQkseFqTjcfcpMCMAx3JIa6BpTamXTv6aoB78ZrxNf6JWOeoZ1KeEgvwbwtcYTE5i7fjqT0RagoSMCuMnaE20zocM7ZztK0IuW2mFzyNAyygNTVOQ80rI4D8brAD3wVEvyxpRzkve8LPm6kU5uDHzzwkOTAYqO1qxmrSwvBkdHA', 'wJyFslDv2TcJJwjyZLquF7KlKaN2QbC8UTwnGmXr6lR0K2ZzqfQcicqi7ovPN13IjQg8tgriphrUz0Ziy6LqNuKbpWj7omgBeBgdkSIkrKAA1dUhXoV480JCPysV1BAjyfNRmmmJfLQoRL6bhj', 'Std2vYXF1fxvjyYp3XT11pdZl4XRufrEgKVcDd65feMItfBHfBXgLkLRmJuuNVTTAXgoQV5hq6FHMrTdCku2OwKY68uQ3O1dolfQqQZITgA2PGg0PyQlyZlQYHDSPILy3OmTwsiFu3t2gI4ykxJqbKnX0nrm6gMwFwYFTiGamG68DHXHaxND4gLXMQjatOjfJxfzMsGAi1DwEEaXaAB1OTKAU'),
(251, 'HXB4vstbh72cdfyJwExX2Z00STAJOdeadJ6aLVmhcdMTpaj4PlL31mWefbD4kvLqkwfPsd8sjSjRubNrdawHb0ChHQZjALqn1bp335LHC7suWDwzngTl4Yx07HcXeJRsQ8gbhMsmGr6icIhFuhlQjujvsfhb2O106GND2rOkZLcfJIrFMOYfELxYcsJrsmtG5ZpXZuKvV', 'Uyp2pFStehBV7hI0jGLsrYbdbvqCu6HBwxdJvH4kZP1edL0I6tuFqt0PYQih1UgcCTe0GENhzHYYLhnGprFcdDv6RWN8CNxVooSioE1DmTBS2mlGSvRLthTryzyVgKMnVJJttBoFTQorH6HiUJEwdHzueQsBjlGU1DCi0xduqxp3HNJHWKgkkcQ75DSTP2JA2kiRqPabsYLUasYezqfmsn5tgppDTq1uKqVfdBFEgZeFenzqWoIo4JEn', 'C1v8voFFyOgj7V0ddYhNwzQSDswACpIEGtuG0W0xXwgpKfHyA0ZKMKk25MQT4GFBExGZDCT0fTX6biFJ8wVYB'),
(252, 'OBR5PerpWnkTup8ubHSys3tawCqhmJuFmjFXTC1xhaFJ2mRQnDwGKnYIF7De6cuJ8IZjrQLb76OjCHVVY5UNb5s87VviyfnaOxeh5BHerWT3MV3fCguwesjJ7FiIMJXcEJVfH3TUIjxETa4XzOLvc5SQjMlPTVaUiyaEDMJAy4WaT4dRvkkN0pNQqPKBZa', 'twblt51nY0VGm2VhWagHr32aR44HrOoolZBlMFmYrGpf5io0ViPJIDnD1c04bjFHI4qsbO8FUMaMJ175AF4iYrq1mahFpTjjfzq7evkeLx2L3f6HqjdG5qfxm1MT8fg1HLdA5UoKqGlRuInbpPVqPiKrKYlOXZnLcwn78bTcs4farOfFdhWC62h0FKomFHlgDsN6BrEcFCvcXzqfcrzOvF', 'hiJVtr8rw5gex0IkNhEb8Ia6rZB320RknRfP7F7W1Xzw2kFvObMCU7N5xDQpjhbrhFJKebd5BIDpxr7fr6l611lRmf2buiaQbqekFRGPyCQsc2qTInBscx5H1ZjkNNm0uUCkAmPty6tjUjqw5D6JXKWxREK6CESqEDqPs5OCEOw5EQiXNi0UvDB0gFQ2g5e'),
(253, 'okQ7ieIHeaZiHmjXONhGMqvxlPZ6R2XSO6juSqCmMk1pF7fkohQ6b8BQtIqmJLXe1FnYhvNhiRrZNGAJkvhoO7uYi2H4tSXt20dGp6Auzxw7PCVRWKs0RJPOh4zIJUbtiDH10NcUrmSvhmyzLlhGSt2dEqTJFoe', 'MEnbxlDLsvZComOq8Kt56cqJ6T6g56755EYlrwzUCCvYTbiWX6Nq5qh5uCQcOshaypZS3NGnrkIdYHYLkGjymCgTIfXGm0VySGngg0sETOQ4xWltR2XgKJ5Irj3sn', 'zLPIc60YVEXjgiyA1NehfEDrF2HxMlxvnhK6yQwRGNHtgDBBWRj2iDbb6eAMGVwem7EYShEGxOcJBHUTuHhWPRHT0ygkYNsNPvqvO0ljGveMm1f1KsKrfKFTAXfyF7YO5wssiSdX0IsgOgX265pnlN1JCEbVvaGMbGOotZd1myTD0prlm7JGSkQZxhL0yVf'),
(254, 'Pan4XbMAdI', 'CqQ4AmTgOObBRUZTNhOZkyPHXuIyavdlRXhpeaMxliv5t5lufQAZEhwrvFpbpm3pT5pWGHYgSBxj4TMfShmGghN38QqAzsf1GRoThNu6XXkSJW7FIm44rumzbpVtLMjsVvI6vhvpTJyzxx4WSKQ2yFbrNwuAJ015LHumxTgdi2IoryP0nqS1zOWAu2nmBrRjzP7nj1Ldmslkz3WxIfOoQxWp', 'oef4OaEWjFm8Ue5Hw5W0bGYGbZ46lQA2Zlaa0Gq8yr3pRR2XQ2ZHvrjbAqboSTYIhz04ZxDMnYkiIUjqqYZryeDbeAH7g5fvNixNcsf5HK3tcC5j2wRYyJ2x5s0k8fJJoGiN'),
(255, '03dRLt3b8I31IW0fZR4HC7SUMFmTKa', 'MG8Pberx5wcMguA', 'KIy1SBwhlOE4Cw2qST8roYrCp3bW4AkJruP'),
(256, 'hu4xAfkpnaav26DPRQgE7McHnBvoueqKaNAGIC3YnFzuQgMakmZvduG5ZmaltFHuqS01ubM6bMyTcsZMRUFjQoQfPwnzQ0rNEQIcelz5UqZeelHAts6FoOR5iykArdNHvGng74gEPz5TjKpTpdHCOtxoa5RCt31QAruQxNf72NB4id5S3BKZBOdji0yVqBj4yVvDvJSYcE6S8a58OP7zNeeb27HMGbx82nXj', 'cQSRtnpSGxLQIlucFW8eljvsXIRuM0IKXQjxbGvtnW55tRm6HC', 'GXzytKAg4msEHrwtI8FvLJNZO4hbtPrnWaX'),
(257, 'uDnpD0gLGEcyvmVYxUgk0jz153eMGg7zQPruOkn1ymh2Ae4E4USJWHxYSvarpUXSUf1epsyppnkASpcy15oory4LqMPazIQFa2c02ESS5iJBv6MO1GaNENSGNloVdGKEEPfTcnjrxnQGnRSx8gh5OD5kS2btxiCb10b4fFkreppBMJltINaKlScjV2OG3yk8aq6ufk04SUdnvErCjj3cHlktUKGLDSxuW2jeaXoCQLGokYQDoqAuNPy614z6', 'DW1pr0K74fEHokfnEWaYaGg3Li4Jd4Pb5FFeGWaPwpFnkUza0PiyEGedQSJHnYjCkvtdU6meF5JWBPKAyCUNlvVeCMMvT2lejUtwiYUY0IVTUlyhEmJyJVVMf6DtSYnVbTVkTTIaw1MtbkXzszoUkunySipqqPMjqtKemnPz6VIYWVWUzVKunK4bsndpt5nfQYTJhqKz0uv85BRf0OTa', 'sLcP0bcvdbqBOp7qgrAlSURgeFjFNMxSvaLNRrjIDAPfb14chZJgqwMNMjoQhvPYfGxxfxbEgvQAAd6Om4se7SKcxs4247fI7Ae38iwyKIJBk2ZPjZZEoVOAlLfInCMgwbNZSrzRWE8I67vqObpFy1KTgVhNJfWK8EKQ5Pj4IeSEFLawlefiv3zucXBej8kCHkM5J0GVBFvrZZ0YS40BEJzFITjbeq7MulnGDMiDXaGLp0W61grwBMYWQWI8'),
(258, 'TE8TqGxbhirOrECgolYGh2EVHUqzUsNr5q4k38uAP54sgbnC6u6XsRgCxN5fdlXnyfquRBYNtHadpTFw6MJoztBeHH', 'MnUAi58fXk', 'YSLl05CPTJq1B866t1vasSSa7mXAsk0tnWxPhWS2B4k08HbTkWBjWHMeW2iDs5ZC2LQyKmFzxxdVOB3si6sKqNAIWGV6opURu1ckZknzJ7WqIa1UATQisS1Jxg1MPOVwTfon8d14Qb7iIZDosih1RhgrlDJMLwpkqrFUh7'),
(259, 'L6UwoMXULJ1ohTJLXRj00mPfj0DTPEpV4PBrclP6ecKxz6P4I2tguyRFeLirlK70jTiNmYNz5ZPB8Vh3Knb6i2srKJKWgan6oNCvjDz8x3xv7wZkpVqmVPcpTsTPBgrHmYP6dTeQhfBIMNBalCslzUMPKeUogblpSQZo0PftX', 'BD8T2dg1GYgBLtKTMIOgaeNb7Lp8kbqVtJSUpYUAPjntjx5pvqGAWRH7nBnENBhBjPCRECmhOeqF5y4wrTjbPpQCSKpmHMVQr1civsFyHUORntkYZL2DZg', 'fGtbM2qeww6wlonPgWX4dItJmlf3UCQQDtXxQGBElZ5xrZGoL06jwE033EfYWh7edX3ATQVAmJZFIMJNExHy0mdCI7XK0EPgto4t8MTt1cqirBLZgXJdd25dzUDbbbYsfyReYLTSPiaVeLUUXEtVfA1dOXmaXGUOU3Uwjiv8NvmTybvEAhozKm0MwjmA3K3FBvk6pkKtznL22hwxgcESpQZhMOLq1AElJJs'),
(260, 'HFoViTBTxYNIeE', 'BA7nJYafINiR7ZI81q1ksJ2oSmtOthZAbCYKE8UYdyXBGQeHl4BCx4LqmjTARwC3orXA5Oe7VoKV7yCIO0Ulmepn1suX2nDTsWF6P4tV7P1jt5Via3jTHJjoBA2QwkBj7SjK6a40fo0FKuUsqCTuE4tZMtITpUkQzB5MGX01BK6CdS7BkB2VaoAIWlRcaBWnl8almPyj3xauRcTxTezklpZF4oB3RLs3vJJt71ClW', 'dUqi5cYyNxmam0bOxPoVB3laWidlr3gYTR0SSKYgLJ'),
(261, 'BRMVKOxZbuHahUYe3q00Bo4GbhIwnTogwL530LD', 'ZlKnmkfRiFHCH6xD3rhMoCQEd3lvnZQrrrVCBhxDZ6SjBRJPIJRaGTbLuZ0O1gh0vY5xfp1Fq1Zmu4T1IkaRBLN730kBqYtCSjTYw55CTk0aOfZEevTSt', 'Ogo3wpSDmxFc8elZScgwUhx882r74JOuEDZWjUFzcOphk6L48XP2ijKAkhYOpgrmbxr8qJh8miV4TJGwdTzSLDieaggtsq6FdDVq7fFBHheX65rBbuA4fPoyLu20kpk1N1r4HThAKZlSxXIdJf8EgaRaOKuC5oCnoEcobCA4F70VYUbnkPWNalwWCExt6CKZy4O6'),
(262, 'uxqy32rG6WLc6kPfJKZ8b6YbotSAM8HZbzNp', 'ESfrlCyfhgl4LFvwhhYKR5F0l', 'XlEwYFUo0duzKxWhiczbUOc76jaNsKILUQ26zh6LPtHlWlbtpa45HKlZU1eSfgsnpoNJhaE6PJT3Ih7wSWy5EVruvqSVZztFRSG8TkJ1vmFYkcTRTeTVoJmtNnroC3QYp23lVqp4J'),
(263, '1L30FHADwIb2uuOodIvy3qPNfNxchrAaOkZoE1mZS6EmZyRFRaI6Tu2umm22zFcYZdtPWghLnUy3BnXG8xbZAJehnGKVYUUDrGfJm3aCFQOOJMNjEA7ZeDLAkMIV5q5RNtIeF880XUFaHJb0kJnk7Xblk4LgOBJn7qbkZYzMjQDt5FQpEPCNwMhvZSw8houqijipZRTv0nxfY3afFbh1iPlDskXIZDNjW1oErNG5', 'WuubyiQoR5rDHzZjeV7KnZY0qMyTRJ1KhX0vheY0QeqzZBsLGW0Hq7cMuF7hjhlrgHid57Tm7HYxvthUGSEtW6LIZ', 'd4wZdSEKpTpfZ8yynayouLfGIdsb5XCk1ETvnCXjCVzx7R5EOVnNJYjRRkosP3srsjntRtShmEzpsc2w8TLZBhmYdmHOStfZmtmO6pjywMTXZXY8X7RfuQ5GhPSwk6l04epxt0AKsrGUxRAFwxqb8H2bLGfld3e3oJsF6ugOegry65uh7tAuXZ7FkWgnj3jmO8rRO8YSllnx6sfy5eYeUIA3fOMAXSw4BgfDFXQvhpNnq5xEjY6Ago2axA'),
(264, 'mhkOqYooGBXLBVT6LtUeHWpy5DKJ6r6CKFNlfWBaMRUBWcqMqT5itqqwwlAYhvqLTaV1aQZHl3HMx7aws4BP8IYMOHjAD05UpmnpWcB6NdeD8hWWTxbSBXTUeqx2oF3AjgWsHdlgrgUKYniImePA2msuGcUqxR1MK1WdTe0L', 'VdcWandJG4aFvsEWFCllHXDS1THOqOP1nzR22bLcaDiEIRTsPuNGycZbixjUk03YEsZEYw3H0YEV4TwmZHzUazEHVnBud', 'Z4fzTlTg7dxentS7MnYBhYqgRQEJm7i3oIKcCw6ZDXIzvLCiJhu7ZVpI7M64zMRYwANrvVUfqQCy7jDThCPZHq0AIbRb8WBmxejcJkEdKIDXepTesAC1Sc1FjXIruUK74APl6HIoXLwcA4C'),
(265, 'trQfBYINH88YO128FCuu8Jsx', 'MfU1r4nElrNfJViXzqwQgtGjNruvUcqmrNSliYu2d80IFpR4ktW7niIYVWZb4PjbZZOYFaJCEWPoAJJrFexKd6ArEoJ7o8oQAd5cdPyOEWWyltWTTrNzWOsOnVH04lE1OVwMbIPPWVrpwIxwpSLH8qeA54SnPVeENmFhX40axsiNP4B', 'sTR2GWlKo0IH2zIW1kxq8GqA0uRzhAjNE2ajcoRm2XFRalUTQ6hCGXTyY2aR1O44ygIl6cUoBSglgCWKTxsmQxsBOHz4Xc6BEc5KcRKkjhVcWxDHvSA76Iz2wRf5VinUfcbbEqZfWl3TGozWIxYJ4HImHtkYzOpSlHYQgEJhhhxch5FRMbJtww3mtutbf6r80oSsSEtFcn6gutALz5TZ6qV2Urz43dBucNDaOKLAf'),
(266, 'ViDQyPlU2AQirVpdNhkKwBYsutr83ltDwZXY31bqIKf408XHDaCUaQk7kMyok02E6T3vX4WIKxetMx8QNdcgFZ5z7SHu2vn8wYeFdEAHx7Jj6FdgJOWeJ77AJJ03pNpDNSSIJJgf7l5xAGPKFseGYCpAPFGS1gnJylD2SkqcNsAoYu8jfGFEixIbbaonlYsgHBAedx0ILZED1SosicgcRsQvIgnYwOx', 'StT5Pm7GahbMfBEOphvNQnnky6RjwfmveL2oVUVBkdf3Tkazxir4GWk', 'LKUyJkCljtBZZaeRBlVqeYgaLb1xNlsRVeGQBRYnJsNmhgKR'),
(267, 'WwnIwnLSs2jncE2hH81UUT43VqWwir5mLVQpspbbvHYVQ', 'WLAJwmtb4Fc5HFFPcfR8IxmVvOExRk0qUE64DmLOlL7XYAtyE4sPhqecZMZTurbx0nu1EMefVaUt7gaSmRPEyQzSbqok5agaWwSLnEUk5uAeSMuEFTODXlUawezcyAtfHUhKbvFQiVbkSPYg5hhw7GMxdeD0jaqWfX8rWtMaIH28HEYCbA8GO7nfkfoRLFSyyoqqJRW', 'hkZ0pWDaQtkUmtlHR7SmzD3DFVHNl1Neuccy3c1NN01FYfScNNTbTGvMOWPVI6f4VHZbn2KvGCJr2qxFpm8Shp5LNTTsZX24MjK8JHwKch1BHRnJaO6Npb8AC6mxxCqlAgLGmdawDbZ6uwZWbd7knOc8tTUIBMJigM6FXM8ZP4MAmWfAinz'),
(268, 'JCxZJngaLdtgCRlZY3LASf5Nq5FPOn7An8G56FiOZTpdeJxheUuYQz6XlyBFKISYvyI5TC7ySX6nJsc6hVlCyMtTMMnCbcF1uVSclrNoubQ5dXxfHD4MquSfsPiLgEpUGX8tFz0uosEK4v70m2yY0eoteePwXF5VGUfgauRmGv4b7pHhozkBKgQgpvb6hMTIzIljMUzT', 'TAcczIjyYUe31Q2xyrIMiwsmyKM3nsBQPkNNjvkyqhZa0zhUotGUHQSxnv4woyB86HZrIGgOszCYGWIJB3Mt0zdqOSKyBh7JnQBTVDYEvudkmmq3M4Eipq46OkHbouB1tdImBstnKnQp471zlRDusTfllGPYEjN7RUp5P6cEkWraAuWoH1gzLUw', 'YEQbCPITP7Hwahxny66DTq7H0b30JTNn21RjKtYeH81mVyTT6yxfzrVzysrGiUDj7UlLU7kkTwzL0dMFFQP4nNdTeW2TfR5JsTHGaZQ5oElbMq2jCtbyXoYXClz5kMXH3xJxa8I1tD2DmFGm2YKz76iKJVtQM1FVzeHlKAh5f05Pv6KJ'),
(269, 'ZVDcYctG5SdWTGsIegQGAopMctuSEukDpyzXaAO1Lsc2ccPAgh7Ef0OAxS7hmn6CDvqXOgt6yVZrVNjvqMEh7tzU5XZRZKr3YFGIEKY3', 'do7MGpFinCXEQAilvNGiFTwAdP54m1u77uNjqJuMDiQPDLaWomk1zC8tAbnoBhcubq3UW3l3mwhbvr4mTP8tb8PGDqrYxBBrTrJXsQKE8c5pce8pDdIW8CQTbZDHRCwRszCB0WHoVkVxlfnAU81RVbuadaUWLE8rqG3jFZW7OcCS8aUA3EexqAwLJgC0PjwccV4ngFiUkbR1aAa8jwf1zMTGXdepOG05xf2o0', 'XXgPasSjYO2NCF6rC6YFFLsdDz1l'),
(270, 'sfDgu5mKMuqiwC3a6FV68bRUgeU05Ahb2PkbWaKDxRL7tZueXFdqDw6lYGzQg7rFcJX0i8GyxUQnxxioLK60snFaSFvGIpIzxNjk4LL1Zidpm2WchoxhQHWeCPIhsiQoxXFut7LEGyav0TnZmJf1PvAnQyChQSa5UBlKkPB4bzAIoqaTwLekzsDmgVupUyiLBBszKFQ7nJXFLrL3UeV5ZoW1txSBSNmGXt1i6Pn8Wur6qq3Ep', 'ypWThg6bEWMNweHWRurwM7nR5pvexCVQusECAIaS5Xl3VgPzLgU2dPnX7xttTOwZPpkBxIsJcLqAx0pP3zxckyZ1C8mCJLsBNeMDHPFvuB5diSVA1e22aQ6Bw7SSelheCVUOoFQcKVtMWzSlyerszsZUYIBVUQ5v3ssgOnDcK3kcQ8WuOXafTIreuvpl3QHdj2uTaiRpXLQxwLC82D8hVvqcKEK2NXPYYTeEmJTTPglawNMbh1ZCDo3RcjRtJqQ', '0EsUsLcd7NGeqHIkmJiPXqxTiSTuB2V6yagcSn4rBhdBmMYaLuhJjL8maKFthk1OANh1dOl0rHAsUqyetyLWILNcXoMZ7dSDzANhCHVEZFWAQ8lW6QOvve7vf34LJVDGVR77R30K7ucjrV0nW2jxZbVP5nGcwchKiWoZB7gE5vVpuTdEdtBQutMinnMLvlYcqhjI'),
(271, 'zVA5ajqdvTLQRIepy0upriL7fsFJDZFN6FqkAsxLVOX5TcV5rVJ04a82NJdepvIiAuAms5n3x6FoQUO0gBtd7S3w7siWzWegIHzNVMhNS3e5WNOATjb8Y8GyGTe5RJphVtyiLfHcTb', '4SRssnZ1yk', 'sFqdyy4lgF5f04Fhjd4ezs2oo8o8LWnUsylO3rC4MsggDqSsx57gwmi3bJR8auvAiS6YJIuGN7OQvayo733wM3evaz54RpyvfgULi3NwlQWxtl4dtxtp6YlO6fAo2C0pT0LOnqCrFxtHCbxWhfwiuDn5IeshHhcjKpvuhlGaTXhnYE612WnyTkXQ4Nywp2F3vFEi31ylXiQSx'),
(272, 'BQsJq41tHWn1xWSishVHuyuzOBSaJJlfleeEVdTpxVYMPKbQ0ReQOai0RRT7CpTvfIpuBfohMCuLpdBQ0F33ghZjuSu5tZwYXC7Vl5yJpojM6UgL0Vw5H4h2A3QCPn7tYYZYDeobotcNARrt15LdIREHeIJI6lYOmWWyl5DBIf6Fzt', 'kzwpsJ2KocobFTVXA0lMs5Kb8wJ7S6Tvf75ast1MvnClVom1MAGQkcpXAueOxwpH0tIWvCBfe48EqE5erZoUJWXDBgjoCHJwhsGnJtBJmYCpFHzWrMhaIlZcQK0bfJ2NTlrf7zGHlJI6WFZlXNTsNiq0MZJgkUC', 'NXmMMr1tu2dJn1ONa8zolgpU6Qa42fPLRxWqL6HlBvyE2RchxrynAoRzzCy3zRKCMsLs6B6l8zqDOk20nustsReGqFL5pHBhx01SDAcYVNdNWGa1PD3ex8TULBBwxVJHWhbzHva43Mb31JxSdY'),
(273, '6oSzbL4UWyEmABKZt2vQqFgKyUyBbDqpfIbSfMOYZw6dOt5nQM80X2ZCZvsaElCrwzTsIRpMLwsRo6eLJ8J1KywGPZ7dfC1llejAnFwtWxJ35zYt5OsF1hP1Olr28', 'L7Xpstl2najUJxIrgLqGf6BwMb3qKEoFay110UzvnACRwVAoR5YsZbOOiSyaMkeTmA2keDqBeh0moILS43N1NoZFSQ1mq8yryEBzSJEUsRD2arPFAVtzJsmSnsjLvbJhaUmGDVlbFyTC07NQ7Ha2HadbRDOnCWkytGf3hFA0uc', 'jSpph1DVBkQfELwlwHmlGOSIWVLw7u6E4EH'),
(274, 'YUHvppwi42rlOsJdiNpWEKsKcutHPiV0DOCuCtKrmSMFkt4WHm6CeS1xsRxjQ08Ho8', '6n46JdE8GBJ3IJkGiqfvthWV48G4WFaXGOV3fr1I8euH8UV1Mum3A3p8GiiR7M5zKD0QxbpwRh6EzHFptMgRorA1L7RX8RExbVRijpUclePJwHq8LPBZQgK3GtDwznzUJrofX4u6Ml4qJpv0QTEtJUk6hfyZZYWOEkQKeV1JCkOh1BDoFSDIKPqvIAqFiNdufpij1TL1ePZQpWugOC16ZFE41', 'dShmcLkaokOkQh0tcMo4TQiD4XOUi0NkuKwmw7VGRM2wHtH712QaMqrKGaTFv1hINkktLcOVbLapw8j1RhHfFdMltrv6Wij6tB4HvlgOiQgJ2oAD7CTpXaCAlwTeRdjkd80DkgsCsomhFt5ECTOpQeNIDcZ8Is1GgZqnpRPtaZA6Y0M'),
(275, '7KIRl3N7RrEIUIeOBakYtbc5N1iAD6y1k0oWmBlYWNIqkk4XfAGSTsoHeB2R7xZTtArRaLPFsyndTC7cnItvzuWQNIxYRxpxzNqtnSLFA34SX44V3LUPCzWivNcs4M3fHALXkxDDDoOgPwLM6rqyI4aO6evO8o0vmsqfWX0PmjhHx0DAmJUNFezvelvkj7ohEyOp1JMhgUWikFpRZ4iBTFm7gWVOdIoLn7fb32HhTMoxA', 'thyzNo6ZXFg7FssUY6bKXX', 'ezeZBBDzlQ7fSJ6djnR5imImesQlmwhcBmMHCR4n1YtOKBUMuuQxNoPtAv8SvV2QNQCiXFZGM3jpVhs2uTgPJlNahR'),
(276, 'Qt6VOGIZeYvuMKEDJsolKe2E7y8nSRjfIdbprBCTIEdJImjOYWPbyHnI6wX7faKscH4gDZND3LdZjcHXAxL6sJ2LthHNKLrV3SRbn4dYTs7wQbvkICKJIXwrrfcCF7NT1k7e1Jdm1cA4lBdYF6KkiRsQXt1kYaVyAfzH5n0vJTJmrbcpXg4UjmIAsF1zKywH', 'oW31x5j', 'OmrCxjgWaYlJtetWYYEE1BZV5cvxLrMtsn4nlDi2ULIY3bjM3m26dXwoX7BmCYSJXBLCmnT2lVlhcwbCBCzdpKF53leOSQ70zxZGhBb3D5FVXdWB1jrakZwL4v6ScFi6DoNJNvur3QCQR3xDEu8GPk5JYpUBeNtYa6nvSBvtKO60V4LuGqSbT4WFFLNXGcJaiwRyI'),
(277, 'pxMSUi2Xosfd576S8qmu5TdvGZzrFsqXV1j23KqL6qSQD3', 'Yl3sbumOBTpvxeMMu5xaLAEg1zNe7MPcrWrTFAxSnITIDQoxeAe7WpDJegevSnjv5MMy6CQoO7qNd', 'efGt5gmgNmVOssDDoypdh2Eyj6UXq32rmKl8P'),
(278, 'wOynY56CMThG4A7yjrMXlXepqFwQSxgSS6MAl0soATIKZblqIjTfDALJb7YYQmL5Dz12tGB5KL2cnlogQm88wCMkvHmR6NAoEPbaEE5SOM8t4vuTufEDVScEN6pcPO80IV7f2hMgqoR1A7bXXUWJ7fjnpAeS81G2cySBON2DWn0d8BMfSj0FbPMqg8loibtjxGFGnBAjBe', '5528f0mq6DEn3Rewxswjd6V1QoHGnRrMQIP7cCwSqwUQnMld8Jy8iZNmXhKM3m83RpIIvPgXoKfOTZ1KbcoOFsdNsqwoQrqNxnBojOl5GIVI3amzjsu7SNQwjnIAjnBOHsKNgwTwMdvxtO', 'JVRh1rsyxRdtRW2J8KF3kDfdk0y25u5tbSZpUfM1Rj7aoJIUM8fn2'),
(279, 'T2v2cuOMVmNVNK0', 'cTI8wlyQ3VZDATAzstzr7SUVahv3CabDxVeqmJ8B6ThuL0ebDbAnFNxsPid34tcvcHMAqWSFkgZnMWTEsRw6M8I8udRj2cIBtifwnE3E4gP5nAM6gsBKVd7Nlss0UsEausMR6T', 'IEf4As4GRslOOUxEehmgt8og6y8XiNy5VqO1KdbuNQXkmBprGIXbHGuACLCQe4Gg2opmrLkqqnPbyps6WxGz6fh6UHBHz2mxpqUQMzg0hIMDv2MW0faSSPpchGRZ5sQ1GgZGVVsZ5zJd8yxqrb3LB6DWgvgg2qODpqECefmmLavFGIJf1WrqpV2P5IPayzUYy63za5YjmDd4q3BN1SnJLMEJe4o4nM1PFl2KgAmxraOnDYbJcP'),
(280, '3rysmnkAzFy6eHLNkLwbkMz6VuT40gOGHiCd6ibKYSz6gZEGhSnqQfS3f3XVRfjq3xErdRelywO3', 'og5LkudKMAefT6dMH6mnA3OJ7ezqOSGMNlVJSNdLYMyHlUobHvI0ga1AjdZS0w2FRm4r4YALz4B2GGQK8VF0eAEHjnFGUou5T1SA5cjOEEyP4lVYiqI1hXamyWajywDX5WL64NWZmeMVxsHHgzDhOTo28hO8rODl', 'RHLUGJEBzuqiBWdgO1kp6BBTHiJ1cu1qVTz203RY36tEmgfKrMyPY8OxDgL5BM5lKViPJjgARSjRwqq6FFK4BNovebXAtUuniKzSKxNkLkdjQSw7LwtJXXdZBy3srSi2vwtTJ86tzz51dGBWpg8MOOwX46S5Wb'),
(281, 'uvwvaJn7S7i1hDStVcaaCFvU5xLXyKqbeTFiqtu2XmsMvBVFodjfbLAlqwpSBrQNbKbi0n6vSvywiAlIjpID7VwI17yNdEmTPQjreIoFWSWexAy2JpSXxyZiHfEmcHS0KA6YjDpGL2qMNs65FGD3GusTZXlNkfQRDKG4CrM7i8IMcURurFvfGDyNSGH18vaiNLaHdRbVIL7VSYu5YAaZWKU1w7CVbp4SI', '28HNh6y4fMjMuobU5QDG4r3CNpvmA8KwZeZkj5qb', 'O65IYG7aigwwmmpa7CJ7n6NhBmlA1N7n0dwbtu64YXF0G1dsSncSoSGOhaSKUgIFtItc1or0goGMi0rb1'),
(282, 'T', 'DKrxa4snzo8z5RNqf2lsVCnJXuMk3jqsWqyMhtjNhDdCInCCRglLPUTEfOLIhMTQz4v4uQmQrwyQmJd1dJa02K2YLm122cnOyD8qdjvweBOBmJoveYTI2rKOsqWuix0lZ6Ay3xdJaZPE0JnpNFQzFVmDp3HeJzMdmRzZRBf3rKytb5U5YXDliPHyB1ZGLXqGmQBiucqW5MtbtA2jsdgaaIED5238Ly00iVg7VwnnLWYsbNO', 'ue5gYgwjeompAGS0idlARnYd4tmbpLQ1De5lBJNxs7TlSVjTyes1wELSLmV5ScubkF5NInFYi8EJWVPT1bDluJHL5WH5nJ82LraBpjYBh6PKd1uvW803x7l5qjoEUKguXo'),
(283, 'M4JJIO1aLxguQ5xDzfGLqeggXbxVTzWByrYXbX5OjH8G3SAdLpPQqZ2eyVnxWRlgjFqIluUy2RgAC0Gc4m8yxY7GN5ZxuRF6', 'D4iSOhuhbwT1gibkpSJKcQdnboqRGsCv3EM7L28tncL1nhuKQDEd3QVxikcbIlwDfjxcBEua6pnhseMZfG4dYkPfR1uECyTSfQReHa2Q0cmxPsWExXNbrALZhINgicA3QUmGMmZBkCmjFyjIUTdNpumGU0X7YPpZkOPaWNyv0jNqGMdhmMc28XNV2v7Mw', 'O3u7FMkdbdYOMbqjSbTfMhEXpegIkC0WZCyJOzCOuUFnnqsMmvsIY6wWFm1MlScAtkcuUT8iKDqmfc2VesVoWc0nI7YGx48LT50qeHFzKMZjCH4embEBqiKnt0jxUdm1E1TGNWyCDAnTcifa8ilBBjwQYkAaZKnZ4XrN4Kzx6m3G3D1UZujMXiMGaIbQFONXvNsHOZ6qj2Pfj6iopDfrwv2Tzr2lDHCeV5mNxujeiJiS6KxJgP2twqTTkg'),
(284, '71MmnHTfvqLs1tIGgkzwGRn55QzDEnDiUxSyntT4MGNgoLlHmxeNp4i1sd85mq0ztKWhgTTZhF7FKGNrW55I8ovoCP8HYRSfPROU1wGVeOegSIorAL6uZplqoeSXssFer2rH6dKtujkEu7jveeBADOJKozTKwUBbm5NPVp6TC3gRFSvw5etdAE3zuWDZM4ehUbPkWQjN22Xq', 'oFRnSozkWNMNKjGDCxehV46HduXH0tEJfbPRWgnrG8uUGe6DICIcQd34rY01XK2oO7Is6mu7ZE43u3KgHU3OnFAxauPFVY5R20qTvOfXN23uuiHyGNLAUzSCsyhPnJ7s3I5zDvD3SYDKelj8674yntKNldpCxC35nGCURbmOjoYCYbT7yb1DbSXKdMbZPOvSy1k6m8XATp1BbSwjPTkVSECQu37EnjPkC6G', 'KxqOUI5LBPsl53keq74DL3NvzbWhhZETvRGZyMB8ss4KXfm1svTKx5ZxiLR8zpHefhloQsTmdKBcOiOHAS5LFGQJ1EMsV'),
(285, 'DSCcKbxh1xVJug6QeNWONW7zRj1yzZU2tBmhV2rcLTprH', 'UqYFH32ntKxhZnbZbWoddlPLnzKpCqe73Ctbqi7LjjvbzIiTfyxh8HhHJAn5vic4KZdj5Iucb5MCK8fY4ySQmxphZdgq5hbzOeLRZzmNZk3txUyEn1ji1iLD2LO4CFSgaN5pmQsRdWAkVzKlO17KTHPKwvALnMy4ac', 'vZJMlioB5rCZucGNEdEEuTNT2AHYMj6lalX68nDnqhKEfKMzHKBhydEgvEbkGpe4Ybrf5mVt21fBoSulOQB8JIsZIkEbhPyivy3TkytnEAZcPwgekAQM'),
(286, 'WWBhJCWJjHuDhQXB1Y2rQelR6us6dRykvcuBUTXh7WEoYOpeHH4mAfR6nSCF8OdVfYf55ohnEiaJfu4d8VXCSKQvmVhmEiC7TpS1lIWMUTDrOFTsXOOMjggfqZmd3mUcsrDhk2AW6WP4nDmFTvnLP3JhjSR7vOz', 'CDIsVFYlP5d7Ezb3fydq0ufnhFtSFRsjkVEg', 'FHJfqw'),
(287, 'pVf8QgVZJA0Neap5x3hbgyQQWwgoLXq8J81Ss13m3ml0XAiXCENVJDbfXk4z7bWetFTgwFp7S61tUnXBrUcOfuyI7fsoNpyQqcx8wCeNa6PsEofBrcvm1XkCz6wJsmeSwRXKCy6VfEwaZQtnmqSBjEUZz6pl6AB4bkz5v6dfFMEaUwgdOn50TDxLXe2EtdhLiNH6Qz5MFVCP8H', 'ZDfxWdhtWJkf3WVJle8', 'HyZh1DvU5xklOOr5iT37uQaKUyrC2KRgX8xt7l31wCVruyhwotZfcIWFE4KPGE0RPkCkjSuGVIfBBFrqWtYMh2g3e7PICnTFdJcPxV8zW2GRwEREKdUCbP6eXdOIcnPyvv3Dsv26xrxvuObtlFGML8vavHDCntpxIr25lrTxrcEp'),
(288, 'JRGkonCZXOpVnN26Brt56k4S3VBbrn20bkhQ4XacV7maQj37V8rbBJ1TsiQlEOe64o3fKnY1jltMN', 'dc6EhE3jqVRoNq3ERLbd5NBTdaSFMcJ0S57BZR7XvVSNx3LF', 'jAULo70UROmyQuDlAldZbcR6gFY1OlCUDo3BZYBDYrzMes6MrsFS2VzDx5BeB6ABCbw13gzAExmXzrvgrA60vFCpKiKrSi2HJQcZDR2v64yiS1'),
(289, 'BkkVi4X1pRtTVfpO5ksfbStAXrOr2YV0cxVDscWjas5BZqYPVblC2hvoIllvSX7v6NnV7iSaF0pStAD6NVd7YDjXzHQvUlFBsjpmORDv26bpOB4M', 'lrFFP', 'jSSYCRx7y6a2WplvfubOtFF1mLSNnBA3yBqn'),
(290, '7dddA7aJydkGbT5lbc67LngKG17dddpdpTOdCecCMTjgLo6uRxJ0ajZMwxka8qpjV8zgSXUptsVwwObylfOYOBD5NAkihGeVzFKUAmDuUqNLwYfpNMuQ1U14s77V50GiVGtbPhjKivBAbaLOJh1fn5kOlT', 'E4Cg43nGa0T052bXWJpE3aGnU0EbEO1Cq4qosqRBctkAUr2sKcIgtaYkivETrROQ3SDtgtH0EjXny3QybK3izhEiBnzJPJGCpRoqKZqpu277e6few8fQsScRTMlNpqwvv8YoAkDe8C5NAVstCz5VPtfwa8GTFxshXms7dP631iDs1aqXbH5tKixc1RArNCber7wjasSoAI8eX', '7'),
(291, 'o8Anp1ooXbhHhUOVDZcwWlnayr2a7ka64qKsZtlewoZgz5v', 'nK6YzLlmvrpuugxsdQUtLoGX8AoQhYod0Xtz', '6OlTlOaYo3YqNXqAyz786mGu26StFbfJtPlF72QQEry6FAsgAYmT0PpXMIUKwezm082rFCJ2VDIhgDtMqZVwzI13knDqmD6sGAIwj3PC2siGN4'),
(292, '3jF1sLpOujFuCksZ4IQC6s1WVSqWUPepl7onG0hHKqsFb5gO3aLyzidQW7eCVR4Aabjaf3SU4NIRMSLUK04eHdQQip7N6Eqhecx7JW6', 'XfexFbeyjUFaF78y7QpMizs3LmBS8Q', 'hrVSE6jt2VBLe5lz0ejJO4ZVDnZm2igxRTl6DRpu213fgxYZ4pgcjSzALUiqHpOAoAHWiEN3kmLcvJlAg8eSCwY1V6wKNhPkzH4aLV4LUFZAw7KaUwOFcUKlJCTBdSV514h4X3efbupP0agGkAVbNooeITlBHPo7Qk7arVSTMJKsTnZhX12vIb6GK3CmaY2BvSIo6t7paS2QANEt8No5vbdh0o5UA2CV0IPKz3cd3mZS0JrdZh5rF2Vz3DWk2h0'),
(293, 'BINETe2pM6qa6vUJPB1WhpIVwsP78gDm24aZmBP5eWwCAfxYN5GYSrsoG2hi1T5', 'PBDUEuc5NnVlTXjSI7icSelaIdrWU0tZypvUPQ7qBG6NmIU2SqhCKibgD2d24oGdnXKaaNiQ0QBSyfLsS8szN3ViswYIukZ5ggyOf6n7tfhokYMl6KdaQPNwJrTCrzXwpquYaej', '0MMuBdhqCCHhY3FF6Llu0zUmbvRIwMtF2RBbQdL88SsfIdkuqiHjIEjrwmt3jXrIrD7r8Wn3jRmvIbH8oDedf7OMMr3Y4LvuPyNQz70nrTsLw5Jv5qWe5dQPQtp8Uzez2eTqh38qOORre6wJglApNUfyiwtGiA7FL5ZWGmajXmmXoyk4o3BtqWZiexuAjh7etA6HmCuFnFfqbUqEqO'),
(294, 'OATocrgNYePC0apdBmx', 'O7FzSvuOaRlqOCx7EVB50en54ItaoPUenZGfidsgcRT0gJGseG4zCbo6I7oapN0QTCZSBRZfZo0U6UkiFNc6iHBdmYEaSy2vp0ClSclPO3mIjTtYVhA8Wt65XETVnxlYOOThsE8hRRUi7V5E5ArGqfCldmekFUN46fmO27YuDB3eqH6RYv6QCk7vMfpYGHjtR45WCOi1IoIXIvfR2XlMb70ef8krqXUCdIh', 'SQHsk6Cnqo2ZnV7PfRxpctfwvBPkdLvH1kAPzwzK4hg5kgHTvU1QGpqjJ0RgEMasLv3QOvieuwSaNA3PIcY'),
(295, 'yutgi7cD6rxFrbsrnhIWUZQ0psw4kH1C7iaw8sb1Azv7nDAGHkhObXa1WrfBZVaLiDvxMA2XflSkt01zJgdKtbQRVeRDVRaSNxtPQldTHEhVrccqagLNs8Mk', 'LF4wehACf8ZHQVGKejMw54PlAETY5ozKRvbLhxLaYdYZyadtwT5v4', 'VX7b6tSo8gmp'),
(296, '2R47SLtpqm4TmpPZsoVlDgVrrQLiKmzfdOoadSzD8ALkv78eh5VFEIll2BM26o8GtMDeEf8REBcLUZtLudhgkk10apO3BwpnAfGdvNW6ndAxQI523l7nIaVYK68iwfDNPrrsvqb37emeIaOLPolxapHGIFx4zKqEYjfbxANNUTZpxfZALispTmQm1K0rcsC7SkiuFHo0FNJbaey8HsaN', 'WvEoG3HZpfpBecTtDqVilbBQZrYmXzht8rp6q6xyMW8J7wH1tnw3ar5bd55HMcdltQRahE52kmUAt1PZ2JDsL7FzyNs21Tzj', 'LyV7rNFg0wUNsy0hIzvjOamVFlp0SaPaUftJnJVhmMgfM4BO6QwugdMTsEzzydcIXNEwfHJGRRoXlZGUf56POXKowe2h4LyoFQPYcfKYcScTOt6iqEoeozuQPWidJ7BkZgkBHhoFrqL7kzDYlkCMFGw0yc5gIt5S5tDTfwdJISBgSVugbzkv1eWGFE74dqn6RQ0gqdiwOTB2zJkw4thqFtzNpJAc7JUE3QQGaMeXF1JqCoE2MXTa'),
(297, 'LRoxyNuL3oItBqW5btBfyuf0tEoEdwlGmViZVml5zR0d6QlAJjMRGnSubRkn0eB83euVpBAFYjzN5B2Y6FzYdS1PMgpP07swn5oGSsiW4GpVmv5pNanaTYi4yMMl5W1eQdrQXbIO4kNlKAawlZtaEOenH3JoRhbx6RW6c7rZLdw1VpcZXjtea4NVwElrYWdlxcJ5gfxcT5Vch5f8wU2aVWaYReIkLh0mlv43EtPxfT', '3xwPYhcVLHKlYhOPQQu2f7refagIpNjge3JdawmBZz86cQEBmOSNc10JrGeE5uphOYQ20lWLrzjvowP3WKGjY2azQ', 'AuzCRWGl4TAQrivQdlA4gBoigCTcbyd4GKObroNytMWa0lpAst82sLvGD5a4B8q7ZyRQu4Nl7CODvbCBlQaDHiv0jnWJJLbQ8IE'),
(298, 'xF0e4aacudvkxLAGcLH0VXvokBSkx3Ro2Qcwm5PhYb5zCXkExOfWyGwyXE2GxTifbGi', 'p6sD7zznN2Vcg2ayaVPNgZa1zaRUM8lMtoQa1auiv7xPrftNxBz8VQjxhlk8VzzzhQ17YMNgwbFhkbNnenUAErBAMZNmd08ceVoUowZStwen1QAp4kGyh6lbY56URwn04p4H7swlUjm4dH3u2ashudqUcCi4RIq', 'DU8JdYPWitlAiZF18BHz2FeesHvyInOju3dg4wgvg0Ki4R6ZY6X0E4vwYSjnQNadWkRzgQAY8PztvwvG4vp1FbCZOwwivchZqK1bojuEfKz2DZK'),
(299, '4MJLsd0Fh2bQrKIwldQjDBw6QgY7mlpQvagdCjr', 'dKHbA8pByMxpFuE00DkICFscbpLWyjSfZRN2ARRYlJNHr6csQ5PZx6DnfGfw', 'FGW3ZlByZgdtMgVK6mtCJ4ArGDHmYBMjSt1mUd0PSYIZn74mmkNf4WwQYH6DPJhfoDAKbaF8fJ22RTN3Ex1BsBMbTPFCZp6t7225vmJZ3TfggbF28BBkPkZlMWV73UthAjp4uZbGx6oZVh7qAVlyJLz7yXyY6giiz83gGIqyvR3AcMZ0JahvFIrL8z'),
(300, '3NV7qoiBuGVLZdZQit3jwRHD7wXzjDfe1RX3f2UKThqD0hBg3pczq0MOWq4vVz4kzMNA8i6IetzFugqYKNi7jOtctgsv5AdNb3JoTa5miknGAyetTlfXfwInC2lcVvpIcFf53oMOCOUn1r4vEMCPhTxhgFPj4Jf7Vth0l21cViPRqDqY6J6KH7jDNK34x7okmdBpLtrlDG6mWO6gApeMCftv', 'VXrW0wlpy3mdrhyEnHGi2C5iTceCXgWcpphsgjEiXHJHqoYoyxEQ2VSIelC02o7UYXq3kD1Jkcbt0gTj7trsoH6run2aH5dzaZLWWahnXsjgl2iu0FTJQnheefDV5FOS12HeQl77jOO8BjSF8bCK2jWysmDC', 'yP84PwnfZtv43BiAccPdpZnN6iw4K4iw44LpLMZwOaZ0ZwzF8BkBEaQ3nYND33CxGWN1'),
(301, 'rFciAQfHUkKBG0FcH373RKK2nStSy85tUf8pjqabyFxzGurWMvdiUtAFAU437PJw885JXf1AM7CBXT47eN87BIKdtzjIzZe6r4UylrUaxBiQqhSKDXeXu4TGNZzlIgxLgRltZFc8EFpoAkwwVrku0gQhdYwNpSYL5UuFAnItO4EZ3dP0Di53iK7g8lyOBe75EQwa8MvExeQ0mkfZpLTESXF7lL8B', 'WG478mzJVrz0xo4LPvXfsHvHq63JvqHHEeNPW4uof1MFuRgDV8SSfTUlkmYuZiu3btcdTm0nkocISu2ecOI78h', 'oFPmMco1jhfBLltjpbifNtmN8cyn2oW8Ql8jDSOPoCUt3RzlXip2aD'),
(302, 'VHGtAXX4CiKhNP3ZDqbEPvtBldjO4SmPnQCUu6bLVXT42pAXlIfubDDI2uNH4PRytL5qTHqfDYUDnh6mHIi6tuyKtK82O30AeauI5et7ohM7kpgcG3Au0o2Np6aPDNYxbU1LprR2PmHSFYF48Z4iR33', 'Zv6i74vlqHDDQDPyRoUsAbxkhhwulTWyNop4TgzlFGb1HUs7LsqvvgnzBVUGf3xOJyVQguaNMF3IzQIdY5qMg23K4MN3X8XO5JytgvLfw6Fzm4vKbWPlPO03Sr6T7YQ3UrQzHpLUvrZlPQMJanqEM2gtCdGP', 'oTJZ4WSBe0A4YyawxIDuyZrI15didnNJmIgsJ7E38CqPydiR0AfHREMz30wauvQfZSaXnwbmcroeGvNxoERZsrIBVBezibyUTdcXKN1XMjiBgIYTsaGEQA8NJOTLOrqA0k5Z3NRUP40'),
(303, '7m3T3olciv4pd0QQ6D555hcF8FZxiW8PacgnigagC0sZjbFj1yoKZ6gJYoh1xk6Ckmj1Y', 'xjUXAAgCK5uivSpZIRZzO5UC6J2nkpHDi5d68X0S44Iy225xR2UWjnnh5qKVrtr6urhIfnkWbOfuYWV7Ypb8wsw6DsPC2weRpXZNpZqX6ex4OJhcbMROnz1pUPIfS81vbUmzJu6wjzdrMGCIuBAey3Vq1cLLPTKdaaDKL0WDJflHK4Ka3ksRZirSKEnSAKPesCb3sRa5mbdK', 'GjhvNl'),
(304, 'qdkuBLq0txnbzMcw7YdhzzHZpDAjhjJE', 'RYELVup1DqfZiCntPwMukAyqpJaFNJogbsLCun4nTu45ZDYWcY4fQqL6oEx0wzeSnyBe7LjOvjnSoEurD4F2Krb6rJATKdfEtQSbUuqCjw6LtRu2j2py4rEQ8ykQrS7PrN8mKDDwVLcIFID8dRTOHEuxIdi', 'ARXKygZTlAbZiFMIjpwvQuLMm0uo8Tz4pvkD5rSB3ba3q6tIKmBtrPNsn78NtcUI3RmpYelg5OSqVJdIwuKofoJFLH81dq1IzFhyXcTEKNrtnNB1GGJHdvjwc7wczA4ogvtjKUV4j8TAzp5uzu2Zljc48eLL5oGZBXvIRUX0IeKDAmttrpDR5fZGhoQysOPiTP0ChG4'),
(305, 'ltyZ2ga1loT7PqscIKs8XHAgigQMzGXLucB8QuS2XwfvVXn0uzLY2s', 'xNVsF8SH4ckH6eQjZEQZNdte', 'qKTgWH25e3WyKrttkvjZtRQxBDhYY2HHoKDk0SjMP4Ku8Mjd5lN7TW1NRTuSIY2Ofz8jun7tONHSnkIug3kC0nCHUPMzaKdmBHixXka7mskASepv1izBjjMIlth0lPt6ktloqnUu5jGwcakznrjfm5aQYXlWqD3D02E0INizg7u0Qotrd5fKAozUooaxcXyHOKjsKRTKKBooXVDQWp3WDR'),
(306, 'cOjgCIj5ykfulbsHJo7Y0lcqusfBp6TJGQ4rr0NLFHke5wFy1ShptuEsWkVutAAlRXRWRAYK0kMNxJTFaIusBki', 'FnGG4iyOy16vcdCewWe5gwfLXGF6pyZVAtVr6J', 'lrQqw7pR1fcoP3dsiyrPqaXi8wSgO8t2NdQ6BJe1lj'),
(307, 'US', 'qKu0ikt7HEIcggajIj0SpLz2YPcZgXDdV', 'nwAViHkzhM2pOSroSDj3x3kSwqJY34Y3aMYZjnyHBWQEoxejK2ZZ1osmks1AWFHSeVjW3kK226T07kOkkj1tp8yCwsiq4db1uGPNPTVLp2At0BhZ14kmO262uFIBX5lQ1REWedilpTqtzXxtRj44KhMcz7okrZG2xIxOhSTaW112UIAPP7tvQI0iWvJVPqlX6QMqb4MgTBsXmrbEtqcdLddAdCM11DFEA5ejBcpNX3KqP'),
(308, 'GMcIKRMZpTg4rsoeFlAsjYuoTDFYtixb6Jdib3aDtqskAIka2QCUdTwIqXELZLHAc34QqMcnbGDuS23RY5bA1GPM2HOW8SxjUggTEkdPAvymwzv4fVujSt4lRkpl3HL2ZczSe0VHlEe7ArFqzMuLrnWgoMRLW78W0BBkkBzkaG3z5RR', 'H0qvgqX6z8G1vH4EhrCviuh76tuVRyzOXWM3W1DCOV0Khiy54mC2ChfxEa6WRUjPApakvFryRJu4UVJQEuBdMEt6SMXiqSaxCb4L5IhfXTQqWlJ78gl4aOMEbvXW7hP0TEUKTTAIaWBstbKphMp2qrBTBmpCoUKZUP1qGtJROoaRz5yrICZk2w', 'LreuhrHYyfMlSnmvQ0PbF3w2jX1MEKgzVlHKCiwFTEdIB8bDNtakgnVM5cCLuGybn2swwOrQyVO2atmGyjGGUdImGxrupjDHfoXrQQQ7YjG'),
(309, 'R', 'G4JAjjDYCZAvaiVnUWqUeVsA574IawMVNquxYXxbrJQSRQTgudWAeikCE481SIAlxLBXbBjHiMz0dy8zzPz3o5QYt73eWScrsozldqCu0Q7WTShECRbaptia7qvW7L7lyWpnK3qskQPzv7I0K7no', 'jF4TOArQ0DDzuMSew0kIU27LSQqqcaG7lqNi5zQ4nJ6ML4PKC7P7yoTvmFL'),
(310, 'yTGzBwJEuBHQd1Uga88SSVy7atO8Llsm1duDEfdlKVY0Ay3C', 'AFr2TGpP7nslG1TSpyG072UsAd6xOqkNvnL4t5fCDBmmvA0maXUTztaP7SQFLezX2dK7fWw7cgeZgTSIpxX3a3QJjsNdvPq1BrWjQYAw6SxEmeEY6pj', 'ubDql5PiWTpeCtM77jrICUmoheVrYObCUzfLnWe8hqszQmih0KKMGycMQAAeLtXqAvBZW2WNzFd6Ec4p1F628wey0dUAUaYTgqpFVw3iQk3QOdkKPKbnDAzMKA1r1UiIiYiXcaWNGo'),
(311, 'nQbD5kvJC7J2TW4O3LBWcJrZyYg7zcJWLVvXCt4Ki7Xx5XSp2rBZtdOdzfKjWtM4TbZ3yBRWhwBaRDm141vG0ANV11FwTJZb76oFXyqeHtWX2zWOisQgXFE62EJBgc4KFlk6OlkKDPMbmxiKMwq3BM4kpWrt0QsTda7gjA24', 'ICsK', 'sWAQsT8REUfVUdwAZ4YbyfP2lsWQOg4HZOoWofhSdUkqYWMCeMGXPupMXdkjoEFcaWnpyGWeezki531o5Z6iRnA3xNUO6L3rfsTGbMWxXe0GcFop'),
(312, 'Z2z4tTk884biKsA5QNrQieN47xFNOyInSofyQv7QM2gjeEuZI3EHj6G7OZHyRHkhZDJgdHJjSAgShu4cTTqKR3HubMBnuhDjdEFKTM62J057J8KV2I1pkIUmotFP8Gu2F476NhwYDgEZJncW', 'fs', 'DRSVKOlrGsT4QISEth5gy7m0nuweL1af0hy6rsbMWUMRYeYBYuY32q502zpPAt8TKn4ExReTG4WqRzSGNrlh8wH1iJQQVA2YkvVKBJ4dm74kDR2XtlFMTcVA5cNlimyluPa13BfHCBynB2x4K8FqSt7ky1PsrHB6rmkwsRAfG5rVIe6wPda8X5nNdk'),
(313, 'WJVcGQdp8ctkZ3bfgrGXr3qMCmmCAVexZCx7J3sY', 'fF7JfAdVuJVtcnrjjHvFjyoyJt7vPD2eC73ofR52pkua2c7iuS1I5B0VW8Fi1KS7pIMJbnOkzXXA5XU01CPEqeeULlxQHOKRSYeIoaIwzGMAxRmBFWgiYtUkBbc1f', 'ePUVjYKePUYLWOdcypFSp1RDnvGNyii2pyR503lZFY53H4aiC2g7oPZ48Q0W22mmQGijPK7'),
(314, '7egvHdsUEM33RZtS5QSgp8UV8BkLVmFVrRKWPqDh3GxTrmuCoGBnklh3LN5rxudMHPkJO7f3DNkIadb8KX6cJVCFl1sDIExi0xO2V3it4GHOZczguHsJB', 'KBu4jIzZHD2pLqWA0lNkPZuDhq7KlhyOwocCPSrCXVvJGaZ7cyaHs8dnvdjWKe8atv7tDxD57Yyq0C3w4MID12mDCsfMTjqPDpKhu3ThSipWWnsBj7kXuVHNEVlpbbDaNow', 'VkOh0Q5JfBBET0TYUHWtljg7J8vvf1phFelyCHtLS8rgtZys2kHyyvrgQ4LHL3oiCYHRcPQ4Fifn25J1ueMyEjesfglKJKZwbKaLQks5rPAxdSLUge557PJncpAuVKYYMvCJCnXZa6TYG5c2WiRrtm1VL'),
(315, 'fSalXeH4wMq8NJ7ejRxeUIyNRn', 'lSA3ZZtkNP0IT5dFOcmyMg', 'F665FvROhfhbt3CveOCef3tviuO2CICfQZilJKUJGFmerG6RJC7TDLRUXe4m7OjR4cgKwEfYxE7Cch2T4GO80aLRLffFsTuQJJctT7SzaqeorijYVvGtia5UoqWISoJ8CJsiazlq5uww55KCLqaoCmJS7p1byTEaOozmddQwxqPDnO5OPDCmzfogu2yCtB0rBMec4yDm3QGRErFg'),
(316, 'h35vG3Ej51KHExVKUniCpeViUEWNJUhlNXDJEo6pnzmFucDN2jCvgzvx4QKV6cpBllphiU5k3CYvIm2iAdfQ3F2CJlCxTBYRYjttCjhuR042Bw63dSuMQLKPvtYesKeuzpLvleh5Dm41oHk', 'kPqDXCVC2qyooBT1RgcWhr48lDuS55Ecceh4OTShKS8IS3JxKY4N4tBb31cy0cyF0FwrgphNLJrXuVPELNzukxeyzM51ZR1ZdBcWMTnsjzW6lzoDpJse8SzwNEmdD2S4XZtJaVj3uCG4yzQIPWtIWa36d5J7Xda3MnMYJMKRTJRoPDDvIdkGLNHIHXqGPwRLKTsXA5yji2tFro6SIB7OD0tc4G2WZ7I2SUnQX4nYpT2swLKse1', 'PDouMrShiuKTgJXFHVudcs3ZidllnmVFs57vcG4li'),
(317, '2Rwid4B8cSMjXXRRCp6eLr6QhqyXyIYMaC35Fwdcwc348b17y05fA3GLzBdM42w6jH2dDAEOqJcyZnDwa8NftEaiyyJMYUwK1Dm2TyjeJU2sT4FuwkEhS1US6ZEap7R7Lul7lBR2qkoy6nY7PTpTWu140jzFWttNIHLl42y4v8IiuPmU1RYrI4IE', 'K4PkwrUy8lX7jfGLhUraPg43sAqG67c7L1KZzcAoZwiBKilIfcuHBQ', 'JSNbkFXnDYDjjBUGEXhaA0gVBJp6nqpJkMwaLhSio2U1RGCF13XPgiyL88qXvjsvZtnkw1mXwf0Gzc6DspJemXbWuqMy2q4bpTOF8WsgkEKs6KI2fUSpP15'),
(318, 'HhY7O6m4PTYrsZraWooE13F5MoWR4bZrZVK4spvzoQSx6zx3Pvr7CbrR3sIIQw2i0kt02wui6VFfmAWRgNjSF7abl4ANMnDzu5ufekStppCmQB7FTVRVXBwC2KLZG1bErOsBh6Yo3oPOFeSN5yklAxl7S7WHpLGiBIS7WQeRvW7jEpgsJpaW7cxWbdF7v7pU8MOWVQiWL3lut3NIv7R748u6p8P2uUGGL8uWJ7jSaclPvMYTioYeXHdb18', 'J4yppHisG2nGZ4ZyptxAkPBnlrs21Y6BIafKv83GplQoBgiahGARM6JsMHFrLrHSD5kPccFjIsto8zPQgcHK02iBgLEdRUtdqyRo27pFMwGCGQlsQpnqJD8yWOnI04yBXhM2WU2zYO2Vn2IuoBYsm1XX70I0BkVt0MfUsk0GT0LO86GhI1RhVMEmHYxDWGzqk8lN76DwasIim6ry1FJllzZI5HR3ii0q6FALmNvIbu6u1sfRhpxS', 'UVIPNtEvXK1KTWzZDNvmQ8MZwZGXgvPpkn'),
(319, 'MDYF4GfBbqeN8Hxmqh4jFVjjQTFL514pEyYRX5MvZnxABVXPc4m6c2YzllMCVil8SmpDqKyITGdoAjASitQp2HzgkZQYJzwp3oVbwpOJxUjuE53pbOkLWPUNkLZ4ccfRW8pGvn5I2OwjaslZKPPpQ8pjs24upIUKLwktBD6jLwXOhMqV', 'TkSEvdsCJ5ldVgECIIBleEbm7Fe1lBF', 'eH1coVYBkP3lRog'),
(320, 'uDLqNvNngD37RtRWivbiVpFwSTQ6YFWkIOclfF1pvTUoXLQF6ls8CUxtQoIvzZnq6KVXEbjrZ2bHuxWRrZqbDlLPsBtWNqh5HZ0pBJyERhuD46Qgijs4N2vioA5MTPycbH6WUNBHQ0QHfkpSsNLW3VsflWhNlp234Mo02tx6kBzjQPkNUGj8mDTvEpgWKeTBE2iZfB2RmtCYOHcEHcrC3ew8pkhQLuGFWMgJBRsWwvqho8BGQBwh6C0RJlNd1Be', 'IqEYqGf5elc8pY842hKtpHTaoQA2ssiNLeWso3Erslk7aBijbjxriDNcvCczdMcGd3Q3A6LV3SbpfwluTLJjWSik6gee77wmW4xyZOgiRzWo32Ivu0l7VJepkILl', 'zc5hLKx8OS72lxlkLXnvfhSBqDi'),
(321, 'lSwHgQPAjKWK2Ng4luG7bL8FHzMpXvkY0t1kGfuXMdmvIlLu247txumDQ1UThrK7EAsttSXztDTbSBhLWyKgDRbhe7ZPM6mzaBwHIvfy3ytghYU1stqA0lrJzkZt8FvX0T', 'hXiGiSvXcK8jbpRKNh4eQToqZgaWhgP8E4W', 'CVNmjksuMfenuIPQdtTdlp3PINiZT0ZdGbTeEvWDDySciinL735fIQGOiqkjt6v1HFt0EWYn0khTy3n3woZif0Apj7WinsYA5pMzBtY4QayULbYQ1lZsohli7LtAfyzC0MXee15Gq4mNlFYpzfT4uULotoXDXVLku4'),
(322, '1LULweOKWIbumnraw5HfNu2z5BqHmFqr0W0pcH5UsZV1qEjUvRVIVbES2Dq45F7IgBK484KAUHZkatJreAwBPedJOeFiySrmWmwudEvXFGA', 'SuENvoPIG2jZZxc1YjBVp2NasNgrmYxnRGtINqVJYAFy5caPcAuTf3d8pgTAEOYYcikSoyeYIYaszQGSs2a5GyxVfLyHtGktzpgqfxCZtBEFBQwdrHIfVoEgEy0Lgsz80GnbpFIWWnqd7L8EmZyreL5c41QzGw5u5MUek78u37iXpd2ngaqVtPa', 'AbjoZIqo7iC2ulCAG74xxkF41jBQCmDHnLGeAH6F0gUYcSKa3Fvuf1KMfFbDd622hZXqe0Np1oAi51DRL5gcgmaBUa1FF7AN8eRsOeswByrOquEIgSpIT0FQO6VnPgRQQ8SNnGhU3Azz2vg'),
(323, 'WsOhBJbpUnqEHYzilCCxRKXMNmpUuGwoz4LgK1pxyaGrMSwDxjbkmHe8KDF6brqHB2Xcn3xgcag7pvYoasKxUOw5oTseJFQrB1PAMN271APZ2AMaQ40x03sYpDYBpTSjpE4iFoxAG3NEOoiHJZLjiZSWhMK6iL6JSqmhp3BqdNW300IqEPtfCS5xbgoNoW5i6SQbnH6wmxjTJFbMfsRW6', 'nH4dUn6BiJ2ofuiOtxHJmgpn7zbrxvRlV2Xv6kU6o7rf0iXi8OBnc0IqZ4cR1T4CTjaSXZerJ3rkglEEopyj0GnmdOQTaTUJR63iGGNkAMWRtDugTRjztSmO5T42ufgpkefzHAW0LTXZ4gdPHMY0mxYnAQth', 'PKBqRL3dJJ7q8QVsmeiVcRYHtB23ne2OKlNvuPM2BU1EN3yePIrSthy7KSeJ0q4qBr1DHxvVbuBf4I0UjmtQ5nJKCRM1Hrd4lCa'),
(324, 'Nq6fUMwWIHyUdqvoX2LFWixbrgvcG3mNryv07jBmbOOLdvFfjdN2UEYlGOBiPSMdCYGKyfWEYWBFhlaJtg30TFEZE7K4MCaxlFyi4FhqbUuFRhHdGcijnwh33n6kb7JmNcfLoZOU13U1pmm5Qc3fqi5yCHkIlRpsQ12', 'w4JSdK2cFHsJFTqyJHDFhGi1VkM4yqaVYXq4q6V4UAkNEIcSWGWw4yKhhtPPF3mgft2azGAgETUj8DsM5dYZXJeYpfHA1ghCvMKpIXmCkxfUonwsEG7nua0xpM7eQuOLVk', 'VTpp15NgLZ3Dz6A7GZiJaeKBINrTLwNVwvKWHOv3TOKwz8CKkCoNxLctlTuRKde43ZgKovroudCYUVpvuCXz6k4oiXKa7iCJISRpyXHkbsOHFf2pwDE7w4b2vNVUidwPpzaJohXjL25zKXvkeHKbx8lZ7BKXyYwrqF7yXUTUoFhOrOpqfS13R68GRGkvpVdSWZYVfbB7aSzZbnePJYxD5ERe7kBt3c'),
(325, 'C4ictFCzt51vTJK7hJ2cR7kT1iE71jsCt4Zw47CxVdni', 'zUpzYSdrKlQFfN8yR6ewr4wi8D1DgeKO5P6yI5uBrSmzr6Rfo3df8cXgkJHI3UXEUd80fId2VckmyjUtp7JdEpFIjTpuHUcymve8uWAhY2P6juGZZHsPlBqpfHElPO6mhKtBCibADJYRdK3ORhT6mfi2fwnJgeAGwTzH6vPnnvweqaHohTJ5XFjv', 'RIvVjFlwDa8nno41GZfQT2zk4qdmZD6Biu0rWqy2Dgi6'),
(326, '8o7EeyCA2hoS3cYPcVLoekcHqrPLlTOLwMWN5h3gTxGxrtjSOVk38hA5mEnLnUsntPN3sMlu5gyTzt6FlAL4z1luR16yLG6G3STehE7C524iLq75PGuBrNU42ud4Kv8HkeKGjkPJHTe3ADXubdlc7f5tXfnq7iIq1JEvu7kfXYDpvFNoSpwWUXCtLAaJxb5DcaH4xJ1AjGdNKBVWojVs2S0vVBmwB', 'O0lNqasoH4J5SYU1cBCe8Z3TIjTZQHDT2WhBwpGUGhrSeR2FgQxLVEaDMwXOV6hmEYZqrwmAlRXd6St2z0UvhM4LjKwGnNj74PftktMPJmHTfnOmRteXsEar6xiJT1OK7ItWZX7gTZaO7wrrXmTWkiObAVvFHzohbLJljFDN7rw', 'KlQFsDTXrJT7T0UHNrhpwVbDYWkp3BRUgFBr5MABNhtDTsMksPvrMNmoqruYLbf1JaRogAkmZ5eHec6skriO0lqleWqZnwn1PP5CnV8hMu45iVwnekvcatcmVVOpR2D3Fh22VZpG2f2Xv0AsDHar5nOWfcySyq6Srdhb3ouBO0085VKtScCcQ4'),
(327, 'gpIIR5l24hrodjrpFxVmqOJ010qG66G2lg6HFxAnqqiMkTqOBR20JAP7FO8RI6ew73k1YoP2zQl3AkNICasfR4vEKhli032txRbf7C2gO8seoQClCzMsjeNoHXADDvm5gtfORl7ZZQ8p1CU3CZsaTqGxblolS8sEkF5b6kgdtMImNhuEYrDloEWC8v0S', 'RdE16B4235NtGcue158YJVnDDFG0VxhzFNHoFfug6hlYFIVULMEr4n67kSGHZLySb0BquXURZdCWM3fv8rNs0lgHNP2xK3flDmUoDtUGsXBaJBkD2p7KnUoLdK3rYc5dQtW7lwpjCXEj4camXoLdz', 'zJ4wLjxsLa1XoZePivP2dOPfdBqb2wdJtAiQBJAslrsBimPN0ThBqatK55y'),
(328, 'dhExRqRZycpLIXS50KYrYZq8jWi0o6AsvCxXj8hH4Wi1PpYhCpgD5GGMBeCfLqpEeg2G1alVaU6zJplhhq8uGbAD7Nnu3gEWNww3QDwAyvWbnJRNDzNo6YXORqKvqMzRjxQEN8QEmwZeQKFjd1FIZsKJP8LPAeSk3tKTPmuDcVh1HaW', 'sjolHrI84RN2Wwj8d6fk7IskYjXpkwDNCV0Rpj7jSWJpUezyIEaf5IQQwlbCOjqEo', 'dcdUjlfuxVwl1TxVA0pooem8Uhw4W8cYxhPqjKV5u4liiT27v48Rs3JK8Xm86GEazKVQnqVZGl5LzXRXahTztXliNiGYPyT87m7wJSoYekZWVvcHYBR1BfpuWC3UQkbuwoqYKNgIU3HP7VGwCKv3rXS0'),
(329, 'BRiKGtE5NEsSN3mBN4Qv0PMifbH7CRNQ74vZwbXuOFVaLW40v2vYNa8IXb7bOeHgF7vMIaQGOYDHESpqQsLyxRe205tDj8mCBAfRBaLSsXTe4OR1FP2NnYcNsbBF6Yjip5raBoDV6CKZ07YWfugYWgrNPGY5PgLF6c', 'T1L10TFiN3', 'oww5athYwd8RqD7gPtpvzpCPqjAst4DwTfIYumrg4oIhGc2rMQzVr1Djzcs1Qhmfq76mRDnsaOEtcb4GByJIEYqxMgz3PAA8vSwRXNlo6lpLEUATrZuNZ6Vjn2ffmznjTKsLbsuBf8iL3fzWmQt8ifzTAifbvv3nFfUvM8O0JtrluQb18TLSBxlQZUBLxjyfhmLBDSM40MLxqK6OuS0EyEBm8PSkVo08y1aKhERO5noEefoXQ'),
(330, '1UgNxXdOnLHS7WoUB2gtnz7KxqsF1aMnM8TLXJwOyYR8yCKDzbpw4GLUI74ze7RrEgfIcW1YLZsyCAzX4QU7CwZRayhubZVVyMHLXs5dTjzzW8CNPW5HeVc6KVKWYOW2JAgBe8osLA1HWUarBuq6fzSfVdlv76Qe2YfmD6d436mLwaNwMglKd2vbgaPTd15d7VqgcyPDDz8Fh', 'xSE3W4hZgz6fSwRZEJBB7wmbInFjaipePrdxuGeyPVeA8HwWXi7sTDEZyi1dwEDYK1oq2eDyUcJgCM3lNRFKw8Re7UxoaPE', 'y7wOYkWNqmjVAmou7eGQ5uMoLdsNL2xOmIk2DJxvHdjDP3OtZmEYJrcVJYXKzRBiSo5w5DUZ6ZxCcn635OamC8aX3HY6u5xQ0PHgaUF2y6fqyU7ZFXIZDp1LdZrQZEhuFyBwe5JZ8Y0XQIaafS6lZ1ncsP'),
(331, 'HnNNfHalezEtaQ6lfSh5hhe', 'oDUudg2Y6Vbsk7GXpLCO82HZgleFRDlJEVAK0EfcjirxlXXnEtFvqFMUbL2TVYqqLVDvVC2ZguvsJA5igo3w3KEp5SxADjezOphOTNuwj8bIxheE8LEYm', 'Qd1gT4BSGgVEafve1PQICuOCgIbHcdpLbE0xybHWQ8ElaFXDreTeVWaY8fzNABJPMNlsbX8wjEMhuTqUlu7hgrbri21wvRSYpxhSgK7Xnpc552vTuFqTYj5fXHno3ZbbWsY3uBkQcfF8Hjt8VFUASv5amjcrYTEMZHO48ReweRPenYkjUjy1yTwhMtQJPrhhNkD7Ey0VGxfXz0pvlVwseHfodrA6OiuCbS'),
(332, '4ZMLlX2BNG5Zt3Fl3fNrZ423CqCxzMnwaU2azf0M4XBy47bD41VRgBMKuUTdAIIhPsgy5dP5Xw1sh8LmS3j3t51T3Np5wStkOSX3Ehtqr678ohTC3ZMf7VYqaH8H08oNekkQTg7uOijvQ0KYfmw', '3uwa16HOeErkEhTq4zIYqobsZCRoYYasi7dueOhHcHjVCs5xNqZKsZlgWCt1hfO0uMOoKUowkevpWjuGDpyv1XnkKE2FblbnHWgB35pAiNy2ExcS82Bb1wQeQkYtQyF5M1qMH7Ux4plgzL3zNXZM8YOokTARbRly3Uhso0MiR4quwm4zzIbwtkxf', 'dq2X8d1Ept8x4yVb4vpo3QF4mNW6nJN5lHeDHtCcViAnOHo6KGHGcxCbM0CYy7Y5IZvYsTXF0XOWjc4xKxZdnWSGS16SS1LQYWqTXqdZr6SSAkNca6yBxRIw34eazY25SsNaa88jQzLrsrYHigpu8qn7oKbrDmnLtTxSMLbibit4ZPPKTeypVUWli'),
(333, 'EgeWPN5rVRJnaEAg7mtfADqxLDZmQr8v8Do2KroHa0kyOZifwLwHrxdlFDm3IIpN3dAQe6xzyQLLfDkh8tOyWORatM7aQcmpz3iiZ3ir5vLahiNpMJJ6sCwb8mojax1hIXOm86M', 'XlIpgmKcZBOaDs1RttfulA5FiXVa1qJ8zRexsqz8', 'KzeuV3sF7iY0YnRC3VA'),
(334, 'GLryPDdAHlVmGgg2bBxB0zfjLxSQhScGcVehMzabQHoO6FNfRu1x6NNQooEfMbQIdOKF8KO5PCrT27kkvo6GwkNZ4PoRXlh8aOe2z6OuGgsnB', 'WfuyMwz3S7ILcCrGSN4iufOBgpYr0HeQOuU63hDEEmH6TMMBH45muGePONfIw35Vj8fPK7hzUVlwAAgdrqQWm1UpQxuvg32YA0ID5Q8m2hG8jgvvKNneUhbeOzMEZGjn5JSPnFagTWhdMtv18ePNi2nhD2jonbEcicxZtzG4sQMnhJnmFkUx5', '6WpPIwLT4xxLclrBVuHXEDr0GZMoTN4N4MOQut0ArbaStsAhWeSnmgTTzJypOEoNGda1DPPTzSPCKftWwPRCj4nNPalVUfVRy3sMeoxfsf75sew1QuKNMLlaJpNU80gnA3LJPHs8iTtZgyuCtSPM'),
(335, 'qzi0KxLke53oKZhJTMgDVeNcGie3FjGVmfWvq5XUsI8pQpVpaFOfIQCZ1w', 'vb1Ys8WpEgi3SABnAZKe7DANmhpuEG40QTxujetbQKZQsvGY53yanuxeCTUkjVqZAzUAdjXIANy', 'FQiTdXBN8duWM7lCK1JHMJsAQD2ghqBnsIma0JcyINMTdmU5uxWuJu6pDEmfLB6iLzMe5LwTpduMQDLoYQ5osIvBXm8YbN7X8p2c8mreo2ykoIVFCg7SMHNYeRMlACHcEzawt3OauVA'),
(336, '6i7KUGRtXDGK5548Knk1v0QLZ5IV4oo7Ym5IiEYXTdrggWLaoPmfKKOVyB3gLWB3WAXlJdkSoZuE46RHldtljPSjLbQx4DbbWN1tajskzpVozZqTAkD5ArZ1XpCza0gjdWi4s1Gio48U4WZ0R4246RkuBiI3bHmSbVK1dubahaEkAwNaQhw8WiHtr5akV6SJLxl2mBidNY0PnK8e2UPN28YHoCqr01o76P00CKVGTdL', 'GoFzctYt36IWgQlkj66pBpVJexWKReTPwgVqxhscNZFGtfpTteFttL4dJtjgRQTNxjocxOxsB0NkNuDHRzRMTtbp8tDCKx5JXV6X3IryLHj8fOAgrhlL2qCk8n8D2k5AKXf2AM2UjbgoUK2yOJHfrRtkW17XkQRvNnYP7oZ3N7dBRssItNZqBWAV6dcMGEWvyjt0Sf3PDlLBbhtm3yl8qwybN08jkGFzHlC7i6t1DwIP7Jw4FzBhTxKSps7u72', 'WrHovylztUFTxS6bXoGxupS77BcWpwOgW8qlKahuvMYD6t7WuYPDrMaV3bxC3jLFQWotM83l6NZeeLxzUa1eVTbEMk7bIr6k7Lk2NgEp7Rxw1noruLHOgwZJuG227hQbixqM3IpzRAuwEEiPxiQ1RxXPwWPrVd3txypSOFzBUZJATBOLaU5g1mtP'),
(337, 'zxZlNHcOe4PEfvtyfIWnMzarnkA2dbOBKj8YYJpdU0XEqC2oo7mhE0UNW3YlJWBr1v6odmgupVXFLoRUzyR2uakBDAd81p5KXn6Pz2lUX31kprWob0VNK2NVfWYuXnq1o8Q6BV3jTZw0ekXXKeDhLsmqL046bfWITP7ypzIYLyXesDBoEhciaVgu2APuCHtLoQzTxjO4oozLb5c8I4OeTtlgV', 'hjq7yxuGxmMqdPDnTqQsI7Dx3xL5P8KKcnocihdawXJYSynFBadn5KpIheb02ngf5Djupc8LUpWlVQ4tvKYJEXxYI1Y576dxJlTFIbM4s6iEJu2p5zgjEFp64lGVmSKE776EiiMavskKiqlG53gbGNcESQ2GXXilLnCi8j1JJAqlXUnXbOQnoZmQwiVxvjt', 'PUuhZEPP0S3ydRL38SKKQCDyH4RfImRJVUiIzzcJKntE5ae2tOw0nhwYjtOjE7TzjX8NenvVhVoExzbBAukncWmPPYaqsaONUC45GsImDvgDFiupssR85DcqA46OHDcPCco0ksS5yvwprdXGt3Ibh6sxmFtDCY0jBWMAmVwOyLHZOGsWoAYnKAw5hZfEgck4yhzj6nqcpp1KprU55Cc3sDJwT7O6Gdo0KoBwslOp88M6A'),
(338, 'i2Day32i0SHNMTSYsCWJAaBVEFWkj6GyFmwLXQRt3OQWjuEhQGFJ6q2ygbT0mL3y73OPmS5W8OPLAvUXsMcif81npJhoq41Lz', 'vroFJorirftWq288dsJPD0lZ8xxZ', 'MyuoJ8MIwCA4gEy76HtUhLvnUTOyza6xH8jjgtIG3DiQZySnGxQh4HqBRx7uGV3j6qvCFYdFONL4mK3pflH8w3d1JaDLGePB0bmztmxWLcf3FHE8kfV4YBBeoieCzfQ2wAMp05YWt8jwIBzO56y6FCGyJyTdzsSvTQzjPhWbffct3RinCHaOVgXffKairlZ6N32f7Y2bXvX6dIt4XCq4PDowIQwXDQuj8x6fq4FqdEG'),
(339, 'Gv6Wb61BBb4Emn0UM7YMQksi0HFatc8Ga1pdUpbFU8k5IAl6dNbtrOSQ2w0aVPOexRAjAPRY43UsSLNJ4mHhskAlHavKXYqcTyBDnKmuWDqcfkJI4J8ODBBT8bz3xjXhDp2sdlVCKJo77TeEVyQtDZhQB53gVLyTRFUHZvIIIAQqvnBI1PLX2wkdxiEPnUi', 'E', '7Bsp4q83TZ3Z'),
(340, 'qsFsRPXIE4gvsvuVBHxtyagTWka83quRgWlH7lnrAsOrL0S0i8wf7VnaC06GStCQLyrF1uDiO2Rrg8q3g2imBPKsOv0zxQMMog5oLUnb8rzqaB8cGFsgBUUu8DT17boBjLRL5U5Mo0QPccwEqajNyyWN1LEzCajgwuCFNULC4KdO8Abl8i53GpxOL3mKQ8S0', 'AbDOnUM2feCKWeXIBkVntz0FSqpqqzh4pbwkRxqgsxaYBCAJz2cuGBAbT223zjBSQmX5IEIXDYZCTocAv3eWaR8cWCfq7oXyCAxnMQt5ZwOkkmmPm44qzgOOTxRTqbp8gI', 'WetI27xVf5JquDoAghlaK5kpeva1tOQ2LkWhv33HopCaXMahRSiqigvZS7TSjg5ZCa4XZbfI8IlVkFfH7EQPXrx1DKy4SbgfeXuwrQVXoLSIOk7d0zgXdl4d0bQac3eKNU0l7joBlhM7ALFVppCJKq4YYVVUXcOavWcsBcVhSS1QOF74ZnP2pToFoFdev8UpX46OYjlJPkniZmdHE6Ws'),
(341, 'gvTKFEICNfCqVv', 'J3g1iHBwAirZqpQZP4WyPmoKXTvZ8nUsOksIYox8JUMc4CMwIEsERIUtsnjxTTF2qFLPR84KXixzKrk0b4EVIAZ4oDKmdlarUWR4tTjGGyMeLKSnaDpzzeFEX7qQDT0glxuAC33sbzsRg15yFrozJc0Gn3qvjsJlypdJQvtmymJfvpFZp5ld73Xx', 'DwMW76Rv7WbzwCxrGgbaAbTZaPQ1yTiKr5wb0szdeU4e6NCJrpHOKtCw03URswYZXiGfvaGkMiGGdZcAlxbvR2nkxgojR7BEeWt6n7Lqw57AZ2IWVdbkllWRuY6ypMo55caTv'),
(342, 'ecEKvGYzFuGFu5e7va1ZZdmNWloLQFiSQ6fameQ2CIJuPCw55IS2vkc4U2re4t54yuArXcxd23QYmdwngRn8Zcr0woBdlcP7IKepuOqGXErcCTh2KWPt3MOpxSdLX6goScjhjrfm8AUPQBmstAKa5PNyZyVOyhPyEfioiSJcw2QJKaDzWHTxqXBLvnXgJRLZSpLFSvrpiqiKUOTPdi2Fcqb0iOtXYXflMGvPV26kvVSo', 'VePu7rdllbrZZcFtpyfxNUBXy44JfFwxAZid5luheSH0f36RIVdIQ3sKzYtNnG4wOPx2xsEH7NBMQVgmXjhk3mS4kaWvPC3Jg5', '2pRWakKc56XAaT1SKho5ZixPKo0Io7GWhqoazU33gThAOcWVhsniPlnLyFQ7Xyr3xolB1Fr4A3nveBjALeKt5KG4IXXCRZ2y1ExOS7HUCdrYOftrgXCKmGQ78kVu1wvQ1TBSnhzJzRCdZ0e'),
(343, 'f6YqGB6WissAw0pDKWTssOmuArNtL2NER2e5mgnHTOkmGibGticYwEnfNzolgcU0uQJTTc4XTFpheUAL67ON7NFjeMmOApGXYo7HVrDPlBOkqLNxZuYmh5Rjux8y', 'pjORaDYkUOL6P8hqgOhthCUiRa7KA6O8rC1yxAqqWLFlDPcwEKR7NiE3I64vFrhUEyFXt8huVtEwLfxGKJcZBIUwOqbWPV262PqfTpjC8UoFMTEtazbt1ht7mEWiGzLEJrQOxFslN5zYeHTw41n5cDmzxW4blIPNaVDa6strToTVIZZV', 'uYDph2L56nteeKnRTUCbZeEP13EKbqzuftN2534jwhMIt6iJxmWhEfrr2Yvr7Aep0HEXHMLLOPdHGDUX6XI1JCQh0tafFceLif1GJyqpYkWcTAJYmxBdqMh6niz7pD5vO1FtbrLJKwZK7skJhahCoSkku5pjqk5YdwXpcd476fr7akO3WPjMrjvCTPVomK0ETcTJQ6Z6eesU4kcHEuUg5wbvy0fBkBwQcNEiDVvqFWC4KurmpSy'),
(344, 'auxclcgSd7mUiFARpdt2EphBXoGn2pjJkLkWUQQrYpULGlaUEFfZuG587cKBEiCHyanZodjXdVR4gYXPpHgips4Q7abZuoSMUH0KmUeRqN51IzzFtVF6iCpdtAv', 'IyugNO8hSyMozCsgB8txhIwITamIly734i4PcisD5', 'SCkAwPDeS53TwDL6lBbFrL1HrdHF0ROgiAZB2xulMvYfQlsmgIZVyjQQMuSRP0A754'),
(345, 'QXNCN8aHlwefDEvTOuruv42o86fuaYf1wdlD8FIkcZZuQttYY', 'Y3GjMEYGbuktiZSbMicHxc7IJuE8SlHr6fMd08WRIOPHcQCwRoBz8oMTUmr5euF5I4FxEzajcmrjBhSmuwRuFuOZxdvYP1YKQvtF2hi4VIEOIkKWYSC3r4MRUIztAj3kIzQm4BHEhCvuLjsPcpc6Smcq7YI0OS4oCwhkesz7Y2tlHGH0d', 'pCvJCJ2iT4i7db3ocavNTSXFScNAx1Ucvd78M81xbori4GOMNcDzHAUK0zV5N0HVEECVkm7yafjRXskKqWgTc'),
(346, 'BZntzjzO2ZpeLCMAIfPKMg1BUVTnfnqe4cPlhNYckZEBmBjdmOu75h72SAdQfhsxSrOUFASi', 'ZS3u8v7L4ws5ylnXtgoPRmKqbfoFgvmSsa1FP3VyqvbkeO2rSwEgKhNAVflIo8lj52YAtJIWR4mDrwTYygSVVhvxH8wCcjWUvM8ypPgpwh5JNW3qBVdEX8oRQLp6HWu8hcV5Zb46dGTQLinxI5yo1y7ZxncCPztiBqZS26V7OkbNMN0oYuYxOoNsHKoyjfXkXG6p5arZS5Cu71HqnersTVKkHpB4S4oZhQ4z', '4qsCkHPAi3blXOYYGZ4UqUmfBXF1JWW2ieARH2J31oPNYjXHQtzxjk0vJCqJiDPmGFGtkrtVwY070K6gX7isL2Ft61XfA6x'),
(347, 'TxRMwGE24Bx', 'OX1GvXvi58bwTvZnxsquOLIyPqLEEcwSKSND40RigwZDJyFGZWUuNIJqmd4UteNnDV', 'qaLjoJkP8EYr1PpRXkIdXLgdBFcYT3oI0075tp524gFTxBurw3ALRY10JDcBdn0gWKfuXg2B66yzMFvu8LSlgYZvz8JjghQBkUsKqz5PkuwVDFbiqXDxrhklTsPcN0LMetHaIIJDMDfucI2hSrLH48XbZsNmS01IPpOfiMPThw8kpn7hUGrUCVkTlUCLLsnLqABrb102MzjjSUeIJG1RTWXFt'),
(348, 'nnKwi3SdWs4yFDDwI4VRMajoYO4I78KKgEAMps20AOxJNHca', '4pumNAfvuMQRBUpb0MxwcImQYiHapWz35GYa0d844qfKIAtUbbYTCELgCXZgzrI1QLrBg1SLsoX2XSI5LPDLUXLcQHQWIqWABabnPUfmm0JysrpWRjsslZkdqhqwn1yQcznzovqKPCQdGreTpK6Fn4vlbNTwU2ixh4hhBKonqEp7aRCtyHwfB81fNGKcXqG1OdbhopBvQQV520OZOxHbo2VSewfKe0v', 'jBRGkWhU6owRrWqJKxT1SLyfrycDRMbMa0Usu'),
(349, 'H6iqcVuglDAZcMoMX1cqdYl8mhr5LMwJcKVn85P0o1ppzGhLCWX1FU3tFfYrA6psYqkG4XdHKlsYBoios5UZlZCOCpyK2dgFEyhe57CCZmWzQxIqwvjSP8AFeydVSSF0RlVVItz5EgTEiH8Wz', '8WF5apsAiLtRmC1tcyrm5SDb1lw3INaGopnomJE0txNTfD61VyUd18Yt5FSu5GDwEAO3QUGAu2JSxVulcMCnI61y8COFIJBxsAPmWGrifaCaK1D8GQn1YtwCab1jb3B814HGVXWckxnV6F4HZNXjmGXtOHXrumVOTk0RqgpXwedEjobaw87tuJQYuhLcqP0Smv0YJpwnumrRUInclN4SI01aFdI1e7d', 'bBdhHzm3t7iEgjbsCajeNIWK3ehJZc76Ussq0gaEzXBcI4CLw0Wld2wmYCopbGbMne13zuH3dfBEgceyeFSgtG8t8MX6CyDb4Mr4gN0O2jtbZUSEagZW4bhiLi7oQ85PnexM8qubYjVroJ8oslUnEjgYw6MeY5IRUeelr6c3reWZikGEgRRbRd2MrpXxCLJgmszZeJefb1Vre3p10zNY'),
(350, 'NFg26xeFlHtICwWZ5owkRM33n718vAL2WTnUtETs1XkVrBUruiUne1IxVHr6uIVSu2FBFlvuNhjmhu2ez8DkdmIAcNyW5gzQT1MEljFLLRWyTrc1mgJnejMDE7KPl7L2t4QoutGrbZbM5DW231ZryYF5BZXMTMkD6yEvOFeKVmHiDUDOeRzTxTYCgKiiNHrQ73IOFfV6o0wZPgiYZtANhNv5XTVJIy7gHWMrXjdHNWs6X7w', 'GgkeLxn3HXNfMQZilkpqBO3WRPqciZgvirHrydaVmocX117kCUVIii1W1GQ4YcRssoJDaVObDlPXXlwuCXHDWdbTeuWyVlzpSAXEgVXed4BrUbprDicorbtrsvp', 'Z3oINr5i6izNsLm0gObCnhMNSE0hL3HFygaN8HNeI8ynMmMBBeStMlNvjYrNkdkVYoQS7uSAP0hyGKS4aCIBn6UjD2gpHLk7JsBDzIuwpWxMlvcOdTKyjbCqKfxk57tOdZwZlHSQCXskFoKIZLRyjl62e'),
(351, 'D1kTujA7O82Ku0We6FXBErUKrow3wiIWHhpB6gnZBYXbrdPNsB6aWFxEQZX7ING3QvdEg7eL5Sj4Oke3GkJeAkNBRTE', 'D7gnuVgwFn4c8XYylCdxPhJf2xDl1sN37TP1kClt8VWBXThaTkNQnYBOmUchiJfM1oEU0sGdiM4r6O757haV5Ta5lqUXItLzaOuMrIZr8FANrB1Kit4jclrsVkGHlRoDxcaIWqffAGJAbjNl48h8yF7fdjsFnk6Ax6CF3v4vrZmDueWe5oLz72F5', 'lUeF3cABJUnFe4pUp05dWqCzOm3it6gvewqJ7gE2BWxdoRhkUoxR2Y3LsNH7VwtoP8EqfsAvQwkWvrcD3jxO5GkRN5NzbabMmJo2UI0UOajPtlp8Khk5z1lQdoCjZ3ppmxmR5lGlilFohub0Lqj2Mh3r3zhkW6x1BuOLDp5a1hq5OIVBdWuIUPTxQCguKg4MjyIQ1YisUzddk1iWJQWMRme2ol6Nn26qMnisoYp8'),
(352, 'hvmxPoUfLGP8573zu627gWv4rVWq6YBKj2mhcF0ii1cWukoi27ePBWwbqNTfbdQrqWvjtmkslePnTR4SCrx8c8ibglmDqHh5A5CfNlCP5VOORIpKcUfDBa4OA8ijZ8sTPOEO3ubNFAvLrwcjF6nYlyX35TnjhGVX7CPEBHs', '7G3375O8aa6bsNqVrpB4MZaFjkPGg1mtE66dFMQY0jjIwYa8JrCHOVw7vukOtSzuPgrMhNfxiDt8OkBHIuUup1PmFEMfWZguZ8FhAEJ0V2nzZlUnj3p2rSLA52JzFdSOcR45gMhxs6DVLKtuR2U4myM7UpFsa34bKC7AQAM8t7Ez2LfiLfbst464pzBCXBCNiFHwi0wMDn6mVY0dUNjBSkFK8JSLzMNAN', 'Zs7j32O3Wkdz3WxnIyjNrTJ01h78VLqfKsx8a66EFLtcmvPQEm8J3zxFGjwhYJBx7jhKuVnlIfS1R0DoecEAIuRdnkwD1zc3LCYSOw34T0aikfBYoAeLNJo02RJi00FO8hPQ6a7yavxnyinxQqVBgVZlaH6CR4LKDvSvlFTBPo18gFDi'),
(353, 'ITtNqdnJx6G3IITz2TssX2vrdBdohHaAxSjdN2vsYwBxiw0PCBiCH7chfzclCHI8DxGPGAAL6KxwW8TZiN6BYeOoRCVkRZtDMUeZCSMKrXlvKlM8iY7AfMye5V', 'X82cbYVKrxFw0Bu0VYJpzpPqeHOlSsa6QxiK2zmWQn1mg13uNV4bILmxDDMVBQ2Qi4nlGtbSb43YfOUdr4DxzEyNnKBW4OsKLOSq8CbeeZMtICYlaFERopmBqRqWArEfsWDEwRNyeAdofoSA3iwozZ2aDcQsCyzvOahiXRVDGu7qDNNhu1Bc6jKkyFOcXQOS6Kgo8oyrJCPgEKkRHNx5t6VeLPl1iU', 'QAQzEx7gkPq5FClvUAkwTmpL0Tgq8MQUkLyoMhGWLkubc1LFS56kcFzNH4S'),
(354, 'ap02JLNxZeqSlvhKKEC3805EDsii4uPioHa6owdRnB7vT7YpcI0i4OK1dzllPL3Y5xxUaiouMTDqjN1WpRrEKcaZZpXNuek2Nc8GzS6H01dPydaLl3ecFSIkDFPCY1f1cxmPppcF', 'IyV7qpAsBazrVUHtY5wkFdPlaULhYWbR5CymGRoYIQdhWpw8nprWvYTCi1ZsYZhTz4PRfF0gZW8Sp0byJJiOPQGyLGROwuU0ZziHkuZObR0EDEV1FdaGWwY01J8wrBEpp2gueisqCQfdFfdIxnNxHz45BRYsGYhXhKazh5tzIMHgeJOpGdmFAdjRtiYK7leBFw0mhDLRH4e5L3LQcDwdyRc2UvFhdP6fJo6q8s6BQRzCKjO480voAB', 'BnDCYFfrGGPNd5E6NQ8LauUN55d3rpXdas57sGWzOO8THsfWbFIHPe1hOQiBonC0dV7T7L0ZiliLOboOUx3VRZ2OATf4wYg8xvrNDxEhzO2qUX'),
(355, '2SyR2cOTbGqfV3kvHlWoS1uHJ14vECpWRh1jqK1eluHqKEelQi2NXTLk2kKX784DNx36vrpk2yeAD4LejwMvxh7EFNibimrE27BMn56xFEQpdwMYPINDD5FVGYsLpXyrtSR2L43Jq5r8M7RUhRGpovHfFpXmrkoQh2aJfIJlm33YAIkXF2TyYvyuflYd', 'X4WKCWT2niWfAMzhwUVUyNgJX4d8j682EL3gEdo8yrVZ4YoksqipFReZmxDRanMksnEemHa7fQWgFQN3xotfWPS7fO3d0e3ThvHVvmLTmh15g4b7k150SAD2w46A5MY8EG', 'D'),
(356, 'zSbxF4e5p6ynCMHTxTdXVutNDp7d1CiAPhLFX0FBtNOT8MZX4fVzDq7GenxlagkFXLC80lNDYmb7fNOxBQBG7VDv', 'qHplTFlKX7yjlG4ulgJZFybCmULE3kST1zSAPuFDKwDmkuwzaIrQqLv5uTEVfp17qgo6br7rPXcXeuwQ2Q7ZRv8LyQ1Lqmc5PaA1Kv4N8j82VOXAWG2HPzg4Ih6i3des3YEnflzihMkWox0X5', 'L0JccScyJ47IGxWbJaYFkEh4wprdHGHw7WrKNg7joiDUXNXALQePhHOg7V44n6ejAf0rETOzxNHyS4PJP5pCM5nD5jTf3rPatRpYkU28xdcsgZB1LuizqZSdXY6L2fqems0JAKvddTgHEsmys1tV33FjgPNyVIo3pVMD8VeiwwcW1eP6TXwfwOFkgOe0N65YxbVBkNAy5arh'),
(357, '0PBK13rrfb7SH6I6dUkYSxaPdnFeWo0ct0Jb3UdqGjggakF4MpvLJ7ojFnIEnX5b27cAoPyiezawbiOgkfSAQiU7ffZvGEsOQFd4nHR3Vht1C7HpChUfdrHPjun46fskIZQYujKpLbRKNLxZv5md84zjY81lrcRK8g06hLT46GyRiJNC5tsHzMHEqvLL0PSVkkenQcqY5LVol', 'vMgDYkzLQ2tWZbkeefMphYBj3YQBXFohajXJZfFEGEQe2UbfpWMhQWyYkCOVkqQbvp3T5oSX7WtAznhwvLcph4SeJbLf1ftLrv1Q1frhvzvfQgtX7edItugHiZKjlleIlY', 'wwfnEx07GBcuyhauj7ZEiwRALElbWuwg3UzGNBr2kfqHyWFAlLez7lYVtYgfWnrp2klmSpgEoFUggZL8XVCmXxqebVdX6iY740bMwf5x1lhhcjYR3cd803nQbNklCoueyUvGol8RCIRlJiNtpkuBUzmcEvIsyglUAlUd5iRhNwSe3xgAedXf'),
(358, 'jqYDco1RflQBNJbk2XhOR7dq3uLhcqad4nqI6a14ViOgYpF5jQEh68AnVP5PXaad5isYYVCCDTPYWXrUxmdZFeu33YOwyylBc4CQAakXv68QWMhSFMtI6IJLtALHXijXL0N45EitPCt37lWSfieVT6nmifmV0ilFwsHsU0osNe7whTmNY5blyJc8NAQZdYfwJYttYAftOUH6acIRWhKRLhLV1FmrjdQjDF8yk1bwhM6yvhXGbh6nG', 'MP6uBnlP5HaHVvm4HLkxQ2io', 'voWnCzKqYHW2PdSkQi8sJFwgl8iO7EWoR8OF5lDJoD4BIOLSSLspT8QzgKyFoupyXHAP3WvbbzIEnZ4DsJaeNDmsbG0ZhELH2c0TlBEHIhuGcLGGwauYb4lget0NmGpXbH05nAThvMo8Cj5OMXnOYRn'),
(359, 'NyjGCI6XKLmMujwM4R51sClVkIXUdtwCNMwBJDpDdeAm7EDkZTSOhbZb3eoeyLImWbMKSoj7tSZhdw4WHf7oL5M4ydZtmSzUUZdSawb5W1EgDqIcq1GUP6DDaEt5ypK1z2xAu3egzZSOLFuwnFqE0KKhcH1kF4ozbZgUzocaAOxBAmkS4KsYVuaiJdprlX8CZsJsMC2DrpeMw7KxqpytLNSsdBfI1FKhVrgiMOVrvZb0', 'auTTrbvpsa4XLAbNNLNloaJF5JUurknKtoQSnYWLjRmyGiThHYFEaOpJrLDZk6zK6IS8sGsdBJx2LMs40Y7NMhYSVOOSq0NHk', 'OSzBlTkR2GUoeda'),
(360, 'icVNGuJbu5lLmPLm22GJxJMe31iA7pFsEbDGzre2S2KI4wsvkDeVD6ctCM8ik', 'T1RF317YCk8WdPOgLJR8gbnFbCEXuNYcsMLjibqAPkCIsxViSfcI7TGhf4YC0iSMzDMCLMSDNpw8PDRavKVh64hvBLrMiJNUXBYtoGCrADQWKY', 'OFqVRBg0X08C1dTJDU7UWLrvQHqdUckuiv6W7iL8xZ67F1Joq1KXAV7wTUrdJZOchSm2MmU7oUQYNxVbdhDoSDojicyVlSdDtJgcDgR7cwZB7kY7czvH5QrQke46DtkQkuxah8s7kJL2YN0Nj3OTWn6Foa2hVZgUjIPJqutBQXJxMOuivy1XnF128r0BMJH'),
(361, 'e53nP4jycuYxoTXn', 'i8KmjSqfHacJnIRfbhNyZJxNxPFIiFOtEPHIkJAQZLosMqOudOS70eBZZXOtbNXCVvudJWpzG4twQUQF3VQoEXGucRqDHDOB6tQdW76LUHOCeVYbf5yBLtMy0FEqMFVNrQjZmuiFanG77VAUt7mGV6p8HKq2pZDicdfQRWDdur66wVZ6A5cKJpsk4S', 'MneAPzpehnnfGUuDwmjnoyM3mTsmImNWxX4UVFrYO7uUQbYQxNwzfiLaOpxtTHxcZ2'),
(362, 'A6fLUp0R7rjCK4vtO6', 'GznSDkq5Fvk4bk3o7waXsMhU3vZGZIX4LPYX27uiXWibtmiGDepkHsBsQ2DLAwKX7l2QJ140fujzApZlIKr7a6Z8vvlrEwRkI05QbSXErEFs', '5UCPddvD3ockQvAE7ntOZnTtIrw0dt4fS15DCl5VPhmjlcX7OENoUWxS7bgHPf1PlM5OBRupnRe1BSbS0jIQNFAH3QIoWL2gEytlKfhwAvXfzRCjgyvDc51Dkyizgwh727MC8QKngOB4VuJinBG24HLGBxB05YJ0KW64'),
(363, 'nXus3aiXOcSb77QbIJKwkp2iEnacoxJrXGJscEWvBnQUXuEJKfExhmy6', 'q', 'PjurhDOYX7ttjH8UI8qf2GKn5DIAasAKILPwSmGGlwrHX5GpWiM4rkPX08fit6X2DtkPe8wq82aEJdWVPgq0b2uY8wV1IiWWSW6ZTPJa0t1oT8NsSuylopAW8IxItmp8'),
(364, 'HUOeBJIVgv3aKLbUuMUFohynPDnJQXQ7foyVJ8lQsRIlHIGJgk1czlLPfoawGD7Rpuv6FEvx0NkrtyAZsPFKUMQHLeikYAwff8RNWqmVcH4a8H8Ghosxw8qKYfwhj2zOVUOXzm5wMqL7bw4CvIM0QXrU', 'jdkrhVj1GHfBEp8ZTYcocCLiSqqCs6', 'fEWl70JcoIqH32eUUIAV8kpEZzeATsV5DBuN6zIg1IFC7vczMhBcA65zy3vYvHRcx7q70LyAqfCaLTSVRbYFR2l1JZbLAYHombYbbAbYilPAc2ulvRO3yuSiGRIjXTCkouTxs5JzWCg4ct36IKv2LtAxN2kh0n8S17cDZaSZNB6eGUVZh8VqSJsiPet2h4hKpR8HTs'),
(365, 'CXC75AKnQN5jaNcAmwunEHXltGMNRKxNVnfTH0qwHLMK2v0lRMUZzzYP6a6CPPmPRY5NnUXN3SLAziEe4b6D1HXbYGWxosGMNU3sxukFmhzMyM5NHGsOHKwJFsFWMRVTsTz1VENalUw7EdQ56kjikZBlpwISwx7LfoIdi0ACRU75lXA4bIQMvEYZDT3BURV63CaRB7ZGXnqjq6TPMxolJqIxTpoONPzMPnqrbMnXHYS8IuJ7Og8y', 'NhpqSv24itv3DwgQ2', 'VJztSUWpEim1VbM3ehJQvEOwZMZQmH6QfrQkgtycDmKNtFlXAil1rSdAWJFD71jBlBA3n4eacFSyI32wfnU4TofGhu1gl1mGq1Lksvd7Xbgi0kFMqSAUBbLIpwAwVAm1p8MEflxIjRxPHqwx3aMcSjKeWXHe2rGl'),
(366, 'JiaAspaYpkcJc1UIkXLqlwvH4OEel5JPm116esUE5pESKbRne8KGOQfGWvZHU', 'NhzOLWT4BlJSdoUfiDkzrJHSZRDNRl7DvyTCAZXJDES7e8xcvgZFgB3tURrcTb5O6HCjwqPZrLdsG5Kdu56ebstjSjH6NmBOdn33k5z', 'Ael13LcOagjKnYUUYLLzH5tcGvvJcX3ygJuj2pwAzb26Mejra7B'),
(367, 'YRkrMTIN1sMzmsuh28P2kQNl6EM6qWMd6ArssQDOhEfHwcicnr3bXp6cXrcg0NrjMMyHuASvUcK1bdxKyawEbu4M2PUCtwwadBdV7fcNUiUTjtdpMa8MLFgKXzDvvhFVlyfhufTFJIUq6OIiV36GcNh7QtYGq8aFPluuXxOJg7yXiYUJfjaEZUiNKoFgF7i2', 't1Mat27easw3eAASo4ovbNAycqYnsnxEeSzTGASHYv55IIdKnSqSXsZLrd004gb81YV3oH4ENCOhHUYb8HXMB00OunTrJooYgN1Qk6znTiVcx8aXMKRvElJa2vOEz8lTN0DpGrvanJWfKJEa2kFQmNo0kmeeM7gSvrEeOQXs4chhhXx', 'iuojuOgFKWMpAF6KI1dwumcOqIVzG'),
(368, 'xzT7deZEigt7CHdNt2o2ewouourlPZ4yHJqLT0zxuwNqY1RL2m1XP0gWgxwd6zldfbHleNPXGp3gFYANxCUdVcNf4EvWfgknELIJl5rdcmV0SV375D2qthwrAntVYdFWYgDwtd844cRGVbux31XrahZvBVDO3xmmaFq', 'OUEehaQwmvymiS5lgeHmj5eHcg5KN4ZsbNhWxNJ3FxrwwukCMdjkC3NDF4XtIs5AI464l4B0RkElX1SS4xK4xbwRU3LOqVHrnS4rTBC50JeZtSN8', '48reMd2Do4OOkyrZFghlYd1PTXpndXaaRMjonQtQ8ZBsmzpLKVZzCp4xe1GXCcYsnV6e2kMxcBcTpY84RfAhtf3Za2LMSRmxrtvh20PDRwILDMkjI3L7TTkjpSo8gyQRBZIRFVgTaIiBgTVyEeNW5DwjXywpvuy55SvUtdcqDNyhUFQiXOEN5XKeoDN63TyvHgPc0LruTIB'),
(369, 'hIiT2aebZUTK5VzD8foMd6KecOwD4HqSmn2KjlLIxioxkESt4ktVH1oNAvIcEQ', 'BaW0FjgA0cf4NHLiNgJCydMribxR1ozi428dDg5RwsqZep6SeGWf6NTRnaafZQytLahszmsy11gtHpBaIoAEqIglciiBxjCTPCOoCrT5ndo7cAsfCVaDkzgsXi4B7eGXTKfETxabLGQeIBhYM7j4arnFPLNn0OzTapIJlnj', 'ymnRGDEyEd5DRSQq1gAzrpIH1Y2bQxDO3xMu7zUvwgzinMVE2DI1IUWFOvAsIsNpLwwgDAnyUwRNTEJw6PW7s3beNUeNG5gwfXCNLFzkDJPjZgoESTGuZ55V18AiaO6FdUQnstVcFFZeYN2REE8k0J'),
(370, 'hA6J5352xGe', 'w16PqRnpBI0EIzjBstXNwTMLjr4JhHGlnTMLkZL6c84o7um6qViJrJhopdcCvYUZXHKYIDAvTvI621uMYchxDqwbHx6xRIQO45qUTqpPoSgXhNgcu6tJv0o3tVEzfl0GxJAPpvVNhwno2xQ3KK58dlMdSvOQeWeQ4f0C20tx5zEnb08Q0PHKnrOCDdMagB2MkJIRchCvxAXKfe4v', 'EOPIR3iAB2C4lqxOf6lP72sDzA3FG6HLozSAOKC7pgjewL0WZXp3yOypbfGVAYMnjiuC4wjnUcQvfr5jios8lfvke0bA4KMRvSOGMtsYHHVRhLI1uHBN5QxR7FhBNbdb41BagktrHSGNFasZxWLLq7zhdJsqDe5ug'),
(371, '4UFxU1wRoGqY41z73cu1Hgau4FB4AfIzhzjwa0SOeraAk2YfIHTlCuK05578f065vQ6WS7Kp84t5x8sAowiG8Fr6W710vXTfpraNRl7ncwZBG4PqW8T', 'KKVzRGm0pfwTZCeDQ6ERj2QoxeZZEPBMcs5BVZDtaicOIWlYosFTF6RO8jHDTe2Exi2j4ZHfY5pKgkcxkhxYpmnWLyj0yefGuOmTst1ZMJ8SKBhpPUXUfxVNfPhpeR2MiJHfF6KNlwxEs2GjKEIUr', 'ERPmlDWGGFMZjiiQZzIyT1oL3uQAJmS2x0UN61Fa30Cwi0gcKCZJX3kB6vEUSrDCQifSD7h6HIn4PwxWUEDagyAqn5S5ykSS7ocsHnohD4j5naIfacvE5nvRE1SAl2NPlEaRluWHtn2AHVVeNuKrVji'),
(372, 'rRjzNPlK2bbtSYSo7FBU6bKuVy3tPPDSJgneSeB0v1jrAEj03RDWolLnRnJowG5gUBBXw54HEAOapkvQi52oT6rVYBcYHzmivivIBN8Ji6PGrZiZRkfEZDF4PVHqwCSyGj3Iyjtgcwtm7eqeT6fc6SfzII7eQZbhRUl8bXeRcAn0E0ZMcSUMSojlQ6rIpc', 'yPQWdSZYbWocq8xxtByXwIcrqbAhixgQmkGgIuD1Cy1kW0wr4zWSrwbPmGVQ2qmLxFiATYXlz2Jtvc8W566ZdJcFcJU6IumHzj6WA7EHRAsyTIHl8QtNBOjBEtYJbQdEoRWZE48LIyGsaErGjiRSjyubsEorkKsU4aiWVgI1GbiNleY2zqwCyrMWMXU6GIfAy5JIbsxcVHk2cw1O6LCyBJc0U3ENO', 'FDm8ierQQiKhINmiWInPeltORffrTSAHf18pT5X756wOeAu487iRjaDHe4JENX4Da0g5phYk2csfPFG0Jf87pRjmXuUIvhlQdx4RFe'),
(373, 'pgAR3H80zg6pkPeMYbJd0ZAtomcuIHvPB5L8UPutUJuigDGcpIv5tkVoGmddIgkz01ODyswkDF0JxSsV21IMeecq1hT6Um23k2HsLp', '8GiHeGqWlD4WMKKzZRbeQdAlCECnfZB2zUPhDeTlrLgrHfZh8uV582lDnsj0pPsQ6r4SjN', 'Gx2hu');
INSERT INTO `auth` (`auth_id`, `pwd`, `secret_answer`, `secret_question`) VALUES
(374, 'Blf7gMPnPlqzSy3fVqqp4O7uyFnEhmu80sBYjmPG1IAsl0dTiXaXZl0OTKm3kuzy57i7YBMswdOKsdi0bItf7QtEnJFo1GVzH2CziXIG6DyJAJ1rAhlTqHF4XxeLxczU433yaYuiavv8lBvD3nqsyh3nsIIvxQRWDGpbSKg51fDOvel5Oj0WbXmD3QoV3yAD2UH5lR1C2iyQcBpgqBwq5zwXMzBVUWXQ4Oa88bjHFk8J', 'EpYXHsaHR0sTZIjeF1toUNnjW38jt', 'O6ckHOhUMQgkHrQnfHJUOw1cAKpIvTefhPLcbgPBR4w5xzlvGtSoChB7AHmgBKquowMNaXEgoZCZOXYUZfv0bDaQ7TFfG45PDC1rbhvPQnM0uWb4GI1D3yI73vGuPVe6dG6td7WtPjeLeiEGK07iHKgnucZH'),
(375, 'FJAE6sJDxDUxFSrXaTNgzTB1Ks84QGeMmTMejAIT0WfyHzB8PmUKYd4TEuUhRAUaJhtGDs6Rhf7ZWlgBen3SQNWvEbvIgsVEH6GpE4rrz4i02sMONVuOmeoivul1cIKwjBwnOHLU', 'jTR0rb', '1ojgdRTj5tL1vgnR6gPcixFtRDWltE1iXdPb7KMuiCRZKhzV2MZrZJdF4o1PpvFcK6gNgkdC7m6kJrih0Q7DnYSrXOaoSdhxPIWR3HmgJ3r0UOXQkeZjWTB4Rmdv01Ui1bQclxrkD0snloEzh2UjGcYKV4QjdLIrK8mRoGEIjOjWwDJoWbB7sFdLEqCbVOJN2aGwTqCRhrXyIjsYhpiBI8irRgJ1LSPQM3Wd1F0cceDwGB7cDe8lH3lF37pW7A'),
(376, 'fAvrlp0cjW5xReQz3fy5e41Tj7gFm', 'GW015CLPMHaS11ldXXXlTUG7xkIrLpDJm8zwg43BCwBwHC4A1iNCZv55G51G2dIO5W5qq0n3ZzVw2wzPzWxfE8JzsOYWMMdTLX', 'Ej2VlBhUtKsrvuu0VRrN7g8PdQPf4CaSGfnBNeckVizkrGGjv0pzdwN50dYXpEp4ThXsJcBu5K7ZG1wBn04fFXWcTbdSnKW7U8b'),
(377, 'UKF4b0hKtilq84wGnA7nl3ZyLByK4fGIz7DWsAZuyd3Z4Li10GxWHWZooPvmY6eEE8zgYHOcbcTgPi2p27dZtxxhRfVLVn4ALU8KHIvTYzwwqpeMLP8xoDpYIQfPNqBilxLrocka6gG42ilm7Q3uGycO7vKhncojXuczR77OeL1aYEvnFW4ZIaSFlSSc1kmbwRRbW6DWq1nj2', 'qbiTCB0wiO7dIBlNoBEtW55O4a8dgrOj8rfn5GVUOLzFb1xdMtVnmU5CuGwHDJNGtai5KRJhatU3holMeHp8kTDh1Q8LuKYvrPv0ulwRJsZbOYobkktlHekcRILgE4s0Zd5N36mpcp55whEHaPQZrpbsGK2OXR8M7wdRJpD84Kq1U4RZgcIHAJRYLiyEz2LdPi1mCvOxJuL7zmtNiEymkzlBWDCdL5MemGuah', 'jkEfXQN7Cnn1pfBUJjiSxRNVQGcMnh7e3FURH5NpKyLPfxGGJVOtqmZ4dIj8JuPFN1L34DlNJZZHu4o0Q6oU5F1uImtTliWPEdmuMrYdpWuvuifuatHoad0EQaJN2GLTWTQfGjwMsWT0MqKfvuISDAARI5eYIrc0UvpwTXAPRdAUcSpNOVDfoBl4pqyaCU88OiRBbQlGnnuCr42nRUzMnfn3s4VYQxu8AXBUsLRO71XrX27f'),
(378, 'mI4qLA1fnilCS3NCqtFZQZaVKl7HmjQ7hZRWF2OWxynERbkWhJdK24FsdRpnxb7GPNouLYuZ2JZYrjqwSF1GNpYeBrx4WKSlAkwjf83Ab7cvzunu4b0yEMA5gNkAYn7kgt5tByLic6lMjoZmJ25zQDrtxP3fhcTsiJfOSNDyYKZaMQpMaGYS1Wmjfop4lgmGOaZKfIe4Mz644BUbhLIuxREepxtjkT0PA8exHVHJW0hicNFsPS', 'NBsvTHwZsXvK16gpaRmDrJQwo4ByITvAHBkSnWrbqjBZJymZBIUhbiaZLb3j2wImYfC7pbzhEjIUhiFeXzRlDTd8yQ6mB4gk8W2SNPJJFsuE82ENQS4BmXJnXLDAqSwqKlp8tcu', 'tnZCn6wYuZZp8tVHJ0kKxjqeprc1gdEuDhYUaO'),
(379, 'e6RuejBJSfnoTVLMvKEUmk0ZpPqfDiGg6rwWTXYAyr0uRYUFOSK8eNf05D4nXd3JvceR2H7KecJ1rC6tCeQcUumBdBdmTUFm8JDo2NokRPx5W85lXwLm8qCPCS6csl6utMnHIGdUOGoTGKawBYozNtVaIMlyr5A5EncOskIZm2WAPF8QNlGQMEgARZlgu4wFD27PRQLac4U51FRjjoXbyqw2D75fd5mQUZsZW', 'IoG0SuuGnLdSxu8okiiYaaeCFrVhvcbT74Vo2vANhAffZXl6cxaC4eovlXIAv68uf1gDTVYnaiOcBVtsCDrPrYBBFxI0EvdAHzIOYd2Vyy7lC2LflyoybegzGrienJb5', 'AnP8sIIIVNdbr8r1M02H0QhrLp8bjoKCiUJ4ioz0rtpBR2cF8L6F5disHoWrKEpfgKxjya6qsdtGK0m7KvF8rfOaZutY5DuEv0l4w5QHrzBwTOamoQKzL5cVjJnzrky545VZIABk8uiQ0rdLEHlfhJQIoo0RYbgfc7bUyob32VA1uLK0145gFS0GJdXW8dvptytrMxTvofXXBhP8PiI0CGNq1hzpnc1XPTdwZMJpDVqw'),
(380, 'GkTVfQYsFKdygD6qXMfxEIiUuGTBTG7ol86XklSga7OgJHHgK8q0xj5GmakA10Qg0WiLRjReJhuVJcA1VGKDO1un1spWyLFHcu87wVQTTzUK6mm34MadFzyXWBmzMslnuqLCfXZgHtkEJUcSvaWus3nY2hyLWiOYV0LQmWPHsPErChqUK4Z2MbRfB12FXjeRnqPkuTo8C', '3', 'AqRRN8TpcBJpSfjAhjV7hQyDB6YieJphapzU76bEIJnQA4cD5Fv5qZfMokCCbiQQe3TwL8gQx511VX6hQBHSSgsjCk5Qy3GOvvRU65yJHVbupJFO4udRmVnkTs8cdCTd0Ip62jd0G4uEnCDisJCke7QzaSMTDFkR0c1QtieSbmfiuf1wUHZem6oLHIbGuIr5fIQxbfhAuHB7Gbq14r2e1OR7tbQndFOZnMice7JTtO5JkCnBNGWNqjKT'),
(381, '3B7kjjYWCDnIQWwJlSJrwuExlyfCadZBkdTA0zb7BuJVjC2nTNdN20qyS7lWeDsPycCaqIwsldH6VoBKsEszloyciJmDhXzqj0n0', 'OD0R6yI7fIgLmcrzu33kkahNGDRscXniA1zR44mn21H6TfmoSppmjQOWIGEIb8k8D7TzrQZxgUCwRePugttLOcaQM5URQ63dzG54VaqFIxvTi0AHhvscSc7Lsw', 'U7cmtraHtw1tMlubvyWkTDzFhjyg4mWEPmO0r2jmRtFtisFB6qnzzeGozNYThPMN5oMeLFgbKLVR'),
(382, 'yVLeTqge1K5crBHP3XhkmyGVXNngh3oJimkKtvxKfg3wsRqW1MGKOtdoQb0WzMsIP', 'KYgvVT1IT02ge8uJtGCh8ZOKLPyKtT6PzbWASZlTKxkyF8E8Swg3sXZoPXa2D673RPuWA2JmpV6kr3qvQeyrXRhUItAe52YkHMO', 'bO7p7W4nBNqTVcbEIzuhzn2y'),
(383, '7LFQgiWETLu4QJdXQ2uw8sJpM8sdOqsrR25nhraiOjovXsXiuv0UvRtrXxKtlbBLcUigZAXTNPHpxVnnMjTBlsHO4fXxsMG8pbsZ71bOmnDN5vZEkKXmwfvClECrL', 'LOtviCPetyGiWnjdSRJ4mqyQZGrAHBj0gOqA5hDoUHq0yU2ea7wmdlTSd8mB4VibJmnmHdIgkBwW8WkyCCB04yFY1bBeYZme30ncvKokDKEba4Vwiehovhj0HhV44qg428Vpt4SgAYs4uvG4ykfxvZUkk0eXaTRF5d7Z0iA68od7NJev3zaXZSqQpxnPCKwf', 'gqkBArlmzGaMW6vwjg2c6AMRINoCKOa1pPurCntaH1MgXznoGsQe8FehkW0LoLQHcwZKib8nPheUk4bhhmlK61YsuT1JgwbWIx82saC6zvTMlYJDf7OgdnHBnbehVN3NVuXCDxtR35GZGFpX8IIIaL4bmF2UdQkJWShYpBTnjN'),
(384, 'xXBrQbRCIcKO5f5HomwlggLVlI4AMowbhDbiKRK5sxH3lJucd7Go0sw6zJQ1CrGcFNSI3C16QXkawItOvqzEkGFUBYmN2bqNpTG7Aqd6gnPIQz5JVsBmRcmE7rmMGcTX6mPTSlPjSeedDn7CaV3IFhN4tQzllqJMZMlGyrOmIARf', '8YPJJg2lL5zvBmINsjnKKFWbtlurwaFFyiPtll4sWUdoWbN8AtIAEzcpmAksvLTTAm6USUOxm6bHKlbxXyqAp5hlT4y7CoKspdONgfdr6gBk7SnoqQlTmwT8rv0YW0f', 'zW7sxIH1LrKkCdwEIvPIQ34HsGo0GF2PndRnDSkDKJWwGjxpvlLIq3BrksGiVJYWOKtXEbXngiF0lRbVlXzXEdNur5bnjS2ENxmtKKkO53ypn0pKqQHwCBsrPPWMSxKDqI4F0bUKCjClVBSt8pXFWLTnfmfPQgHHXeGz7wA'),
(385, 'ty4KcoFZI0jTOZ04KbhCbtnpPIWWHpwVm04CeribMJA3BFCFtekSg8RcZwX3agNkVZm63iMnN00Cmqg1JDzjBTWkmUNthOR3RUsHtxPqxCMRfvJah7T6wUCBOjYNkx1SyDhmLrwi76r5DowvCSs3Mn4T6PESfHbAUu0Gae1RdrLOSPAIDG7cvBkHh68', 'POMciKm2KQZPl3ZkX3ayT4SUL1dT1etWW1USmZOFNVsDmWZOdawAvCuZor7NuPW4UboncgumweZGEZwvFv08Px', 'h2f0zrTIftZ17aVuX0T3RfrSsbzBmNhOvbGrcGNRc2Yv1RJChe1uPjZhwlBYkr3RbteZoJCtVQoJ4p0OQjjKztzxb0QwzFhdGRvwSLG0AG6msWMi4msyZ0QektXMQd5KIgu6Rd7tkpaTq4NkzcTYKL0plIa61Kfd'),
(386, 'qyPfclF4t3m7EGugrRgBPOhRRqViTqyOPU0tgmftoae6lBMzSBWQpPImFWd4aN5RBeKeVdoNFMLu7n5doUzKwaqavSUlK2SIPSw2', 'JWCEZlNcatOMy5IOFhbPQOUnqts5FDaSr2ryYqXGUyuwzbSeYFaCNUs1FIN64zaND3kIZIMmYrTrEFcEQhaeUuee4E5CSB6A0HDQ1ukTBgRbiJ5ZpNUwfWdfAW8GjBb7zrK6jkItKuXIzEbPAV45mow7wkE217eBCAX2apcGfxuiQNvTBvOFOgyjje', '3Z1jBuIQAHhHi3NhNkPQ1wviT8glc84XoFygYz378MINSqDqnwUB3IbME3uCVRvSpGuNjOztPORkFmeoHgbIA1JQumf6ULwqPxbJjpaqEF30eGUEP2MQBDjpUUWRVlKTiPxkYUUTkVdS73BBixUedICVEiolpQEJPHxX0js0kOiM35CqckrHlOSAp7qDUqIpVxHu6yDMlQ3aHdT4Q45QWJMbTZz5iUnYKAF'),
(387, 'z0wCLVkm', 'BlQALKsCijW3qJ6YaHmc7WejOjRU1bLPWHnpFCIksbFnfzHOJgRBklb6b5kkNBE7YxXR7O2BcvkPKKbTPivkNktbOvwyHSlZqanenQn7', 'ojSK5A00AC8dY3zIUuHvlozOlhbwJ7hTj4gxTiYkovkEqQQ3ivx'),
(388, 'MpTRrlozPz7iysVSkeGfb0OwX6axOg4QFBbH5E8ox0gyPmsQLFBDg8xKLA0H6S2uPVQZHXKXiNqARP2AGINaZRoKCaP5u5jf7ib1saaBrsy3ay7VvD2isyDSClzfUpDpAqc3AKkvfLtYV2yPA8YnrAUQYbNBWKsdG7ZvhnyNF3m8oRQWPeUPeXFUZ', 'LiCAHT1VzcGkFwkrbeXBBL6mu08m0GdKWJokWixTaFAQopusyO0mAJNrZtwcu8YIjd1Bn7GmJH62B07iWObkZWXagJmmQtlThT8Jw42uSR3V7yZQds56CrVaX1HQ6MpVxOg6nJRnwXVd', 'hdE6L1ENmvBVvR'),
(389, '0DObjRepa1mnkMahYiyxiDgnIxmriOX1moqqSYIvP8yRiJCu3Mu23WXNfYza2UAe7T4dVtAanQzk', '7P1284Vm31xJO2HP5lZ6fJdwHLJwRWKy2LZpYiWIMZeb5mx6ob10pDrvqdYQzg4kvP3TZk88kfIkwFforOnkSePK06Vo80xg4KIBb2nzxMw8yZDPxZh0jozCdGajTqHkX22wAWc3k0iDjbptdrmcsoDupG', 'UGB1iHtap0cx7Oh86SDDJPN2PBsAt4wvafVsCpWDxt6IIKHcktea16OGn7vu12TyrBeyAjnYKISqTmTbTWSabUqXN5LXIPPFS57cgCRuP5ARYICVrRBgzuuf1zk65GmjMeI8KrYKjxoTurl0qXUlto6yJi82L42KxnpzcoWFssncFtUk8CiImJ4QTCXWWlPgjfS0BHTdMcIy'),
(390, '0Fvd5QbbIIxIrWcQ2XAvOfWr6eZVyFIrNU0mYJUmrP2fa2rM2ny5QLsQ6HDKqXzXTCyqGD7dg', 'd6HNCHJfU3GlmPhfdli1XyPG02WQ4MLBQkOqTCCPgZeDXWrF1b258Y0sRAMK3HNYJCsu8CVPwTaVyxgsr0y03vxwBdGIHWTDpikLCaUwjVDxP2zgoH3TpCyAdnDEhal48rqRoh3nBMNlSrmnO16FaLb8ImnE6gWxnW22us83tWtu3ucTVPsyuwAqfuE8cxVeAs0QI37E37PJbGUOj88U5lgpiMf2hR0mChfP8ggHCcWQjFeBT', 'iDb8qFJF7OXrXesKHJNCgNOuGoecOF5iKq4mHb0e4ChJlGuLxppqS7ZcitmvRKpSzjVGfqtduCxW1kXTGg0aiVjXP7WACMDn13w'),
(391, 'LBlNYj3DOtRcUdPbJZSPJwbltr5rHmvhmNedqQi4rQUDgjLSv4XFqMCtFSShEfn6FCjgz0mlK5hNmATPxphn8UQBn4gKxLmg5yUcySEuTb6QijB238tV7DnZ2GnlCjTc72NAMdg7eXquVnb7ADCQpirWxFK2GoRvTwLOqS52SkXYh7', 'r8rmQGW7BI5CEjO7dEelW2htpizAQK7qgN0OITUweqVjykCcS5oyqJqbnyT4KBzjmwmztOJvJNFV2Z3ZoplfSTs1ALDihU3llSZh1FXbFCsruyrtsQakplSMw0KDyhODRXDTQm8LigjK8al88ltno6RMz563kCrUxCRJCQycSh5R5fG5AbygF', 'RHnyCbwkputoR8UadWwTRtnMti1W55xBCQOrBITlUsLQRe177RYlvf2eEYOmopW'),
(392, '6Wmf11rNNcdbrwAtEaSDjFegLNpcVuCNrx1D72uaF7s1QDeS', 'YprroTdGPrWVEKeP8d4vytyIss4SyiAaCzMBEeiewmeKRgrRU8WEw', 'Hw2AKhib5CES0BQTPDslSN137avpo3goTUZOYK61W4n0FONVYy0UCy1BCYs4PIlOQTaoCuvkN5DfcZR5keSVzskHbB42wnVACjviyaSMDSWaChg8FuCAuYcCINC5xZlufalfpmTvcsRU'),
(393, 's5uLBQhdo375Vfzw8EeMEH30wlhcvOWgNRYrGW6CMfKov8OhB2nibqYs11R2kBntJLYUuQHapp8PJyOBrfk3yUdkPISyISphR', 'TEUVgMfrmAxVUpCo2WLk5QmpCwgS1Ciq4OlGjv7ZpQxSqzhkWnbeItbtHPNZ8zJ1v3Z6jU8D5dpv0t4bzVtcGXssSAkskoUpn7ynYdPAi5XikLEi0eVUXsf1QCwv1apBXDPnanXeSYUsBzZgS5TJugSyAL', 'qd8jMsovsplf30LlskENWiZrGMMagi4zyeBBfPoPXkdnA6kn62WqUwqcr4snhAX50ER37NHl0aObyUZUDpdXheKphiTYSgTrB3R2i7dU8g7qMBP5A1jXv8jfnefQkXlzZi6kKyTkQCpVMPphUh02KLnkQi1VCYf1JsGNVcBEf187AfHAcCNhyfl78Dp4yQsl6YeEWqK8dEEWiHxUghFizYT4IF2NL8rGuNucXvfG3kZ25Ti'),
(394, 'DNQ8jK5JkytjXgIm7dA', 'M0KzK5oAyC7Jkq6PVq6BdKBGK0hYHeBnB46GKMrSpdJlaOFCCFhZeuxpHrJbAwL1BpiQCftJse8kIGTHuq63jFrPfFh0xg8s7pXhIp3jBiWE3ZhAJYIJdPTTEqggBrNTRHNZQYnTi2UorSseWF5Q06xpwyNkappaURFWArPfLxFwevlLcqmneJnTqWrd1ATXkW637lI8VewzaR', 'PzgS0zEFays3HSLeeqI0OhFAt6pMFeKoJcyF7wMoIQqfBcgA81C2M'),
(395, 'lpmmniiEa7QQv43jdpJJsZakoFCag4ufzZJNuBkPjjjI8zZ2LrcyIyV6VhCpojJoUujmaZoXVa7L2rIIWc8xOVoy0dPyLP0mDed2eSiFBYEwpXzSgKBDdjpKcM5jc61AaIhRXeaoZZ1W2EqkX4FLyBfoPd2qm028RZ557USnc5IuzIUWI5u3xSp3d5PDmieFL2nI1Wk3H0wrKNXB40W3LZjMgbmE58Wb5nUtgtQxiMemQRT', 't0GrOdle7Eq2DuiV4V3BQAVGW4Ik4yYC8xWiXMWMeXohfTthvXNObtUiHXKCKDIOTCaWXmx1QTB6YOh0XikJDQjffG0tbEjqgM40GOuwWIgnbiOYnM6qgUyLXUOlSxkPKkUJrNjQJmN8Nv02Qej11uUHc6AFabdSftE0aD1Yohsa026vM5ksNXOvva2l0oOo2f4JVlc7rMinAFApQ5Nz1wDcT', 'FRSIN'),
(396, 'K7MileFLrAHijeYdMOmsEkDECqdnm2EJEHVOS5yqySrNiVvgTRfdO02BIjpkx20GCVu4kqUkQAHqUyCKLRdlL3gLTPhmTDc8y6VGbyglF2aa4Wx3SI56uY21SvYeoSgOJ6PZS84tHRb0BVIBuZXunFOojJyEOJVeHH0DgcC1CqzSXE2f8kJh4pmFijv6opfVqsCzrLQhYZh7RaNGMPEnOVr0oQ50xFHemGaxYP88BAPUH8LEuiTrZd', 'WGoSTGfjJTWUHPd6s1i81dW5JeI4hT3mvxrvfXzrRJqi2M0calTlA5mZsKGPIEzSMomnnlZy1g61eWFSU7AOx2pbOen87VZOcboubrXzidwQJuOFau1wKycysCNmojnpGJXuA15GdRoi4o', 'VshQanHr7fEaVogbKCrRdWJkw3Mz8cmj08keSe1JaUYXXISFq7LincYffCBZVtmUyjnuhx7oLVpiGY2tkNxp2LnTruVL8Lp0g4pFo7cPGRQ0PJpQgoMGoyYlg68KKRjJms'),
(397, 'vIHQG4ZfChfrv77TQL0isRaWlM74nkRkO5aCbWAgCoXNQoJ4NTITimcrh4n4d2Ibs8d6ouLw3nUlrL3r2EFrQF0YmgEShCnY1P', 'HLKH4n3dMOkRok0Hk1LNxNZc3O2k0MV5JzrGpOfqmaZPCzudKOap1FuVzeHL373gMT0XK1SHA8TA060L7qmRxpJe5ReYTVnsefBLE7tRRqQdFC50Xi2jKBA0QPkKVE8GkMIpySjpV', 'McKwnp2d5H0sPTe4fDjVIEFuFxyJPqV'),
(398, 'Yf6PRfs62JQqoXO8t0LfaEkoHb', 'huBcDFzA4DGDQww5oE6moIjxNpUQEupcRA13g3xshRuduUaKPQ3PDV6IxqOb8mjXJPrRmWzDc4fe0Db2EF5AAmzsoWWUr7i0vhHFENYoD8Fj4mHEyb3StEqxfvixzaMjyRSPFtWfs5rs670g1FazqW4Rf1Rc2kbRA1ferJ5CZhpu6vE0bpDwsxjnWlYsgAmCBZncLAw8', 'PFQbOBVxzGPcURdNpaIflblZuImOdrb4VgGeT8zOdsQy2jz3pmdiAYwIFALcxDNa7HviyMOrGFS1XSY4gkqOACKUV8xXkARJbLafp8T5s7Ky3X3KYZ2Ac57pGG1bNy0nYpBxYB1R8F4wOf3XzM2G4TjqryAJpTB0eLyM5Ezyw'),
(399, '8NbChfsDtPjL1BYjhe4ERkMj1TuMhx1nhIUWeM0pAIzJ0QhHhGg5nTwPiEHD5227SoOIHrkTLa7ds2dcYJGuxq1T1kkjRPy2AmIG13PZVWyNPcqVSafmR311g2R7Vbfsgu6DLyu8aXm2Ft7yDwbPl7LOmDVLSmJ', 'sMZUD4mvc2ZUVTaCgerAASxWGfKgU4HSJulXjmjq38ZAgfl5Z5DLY2BmzZSr6lqnIzT4KaAtWStZt5Ma5l4ETWWbMZ4myud1iLD6cQ', 'LKLccsT4PlSfAcGXkJt6vw7UFnIQq0uIoRFiDz3mCCgjssEWrReqKDL603NpTkLuUSu3E8lM58WgUEREF1zlqScipZUWoqRquygpAA6EJrbCg562eP5eSI4vJDTm1Hady3YzRckjdZu7iLCtf'),
(400, 'nvSVHCpMRF6xk3La1LckM2sxUnlhRUsxYv1U8iLdup1z3ElyPZdhzKNLTwajg86gYuwBnMoa1mbzCEr3xDC7PV0nLzc1MbOdrPETUiSLgvTljHz6s', 'F5P2RnVaCTXMtcoXvhfM1EWbUDmivGD0tYEYRcg7P0yKU3pIDAbOdOLzw627IURUo1EBiQmTgeOUri4V72uOvZpQBg7Sdi8LFeqJpWSrWQUrJnDcMjS0FcKT6NDFGyBRfBAK2XqzaXedAp05EXjyMhgHM', 'Q0zp6Xa07aakGTDuLp13IxNaOHk5YGrXAkIoNOGJ3rkITdvN2hJhuaJpaJBEaYYvwuX4hXPDbtyFbYiFErs1gyP'),
(401, 'M6XEZBcNsLvRmfIVYS5he64SezIUuHCDY6woHO8egCV03LqpUXKSuU', 'tBq6egRxOh16kjfyx7rYp', 'ypINxBIrFpZFkSzO7t7jDEjLJDlNP7Os73P4MoRzf8FrUCvnAPF2M7epcB10AGbtywKRTyvdAGiazFfWZsfDBmuIeyxVTr7Ow6gxsDV0OU0CnReCCwouIdPCqhh64JZab6jnIf2bvh1kCPr387GtCxoD7jAcKygBGeZC2VvZKHTXDsIJDH4W3'),
(402, 'wZoQOA2VqMv8QKh0ICX8b2cF4m3I0ltquHokCqHcL64c5IcmkhiSIrTgSL8XdVyeX1eDi', 'IxahLWHBA7wV0gkd2lpG8jOjYnqHnIMRicifyz4poOB5TBk7YdaH7CbdIDnkdcTxh8UXxMXvVLhy8IRDOkxA5Z0doVyM2H8B82xoKAyviIIPX5dtW', 'WD3miw4QBxvvYbPHAwb8FhvPQAHZy0XIxnXNwIgG0H8OFsEqREUi8fW4hfy7ypzU33bKxNptiDIHh7cUa3j4ISwd6WC4TBoldUDSAqbXe1zbUoe67sDrU6WYwo6i5jnzjrj0dWmnH88PwKF6jUF671XUItxncGIelGrTvOvuFQXRPbnkRPjBCoLba2eNwKd4T3Gco7iIoIdInEBDalmSDGNZioHZUMaWdXZrvmg43OQY84'),
(403, 'X3o7tyYsNfhjVNrTpVI25VX73xD5vfcmQbMXKY2Hl0IcBaenUXqGp4wlLxXLvg8PQvSOXyu2m8j06ouliFjOAuv1ym0drULkUJeyjMHy1sRsFFsMRr0e3IyyhFLjs7yeOlew', 'Sdh6IdfI62', 'pLGYIgDq7Lrh0JfUxpqeSyWemVxhASWWXW8cHePmY1W5vs6DJxGHxCzMUdDr8ILX1eU0kAGVH3cOzhKWRqoYjqMZyDCMf6hluRvlrQKzZgp0IrOkAb7el5dUmTzlqmaKyV64U0X3ONy4aejD3CtKrOZKx0KOvVkMEea24e5iEgznAwsdlPL32J4WdjlaIzwX3Qhxk5UjkA0zEoz3LjHq87zG03zsuUEJys'),
(404, 'zvn7cnSFdHBl0uv6lh2K5HU1tBkcoHH83XqBtJPYqQMQbbRytvZ7APEqVZC8XmkyrXkXNOvpoacD7Uc3UBGuD4DPLhIQn8T7ZERHK4mpEAXRcYKJNXPzZHRmK2Wkap2MMKZUOdXexKMsExWyygz2vhudeIFMlHuldiwE2x7pTZJAmwRin6RkSSiTRcGwzz0zDttZ3BhCadLfIPNgVWYtkfXC', 'Jzv1M6j1JUXUPctr0KpnrOhg8G83rBn5fVi0tk5G5NyboSukXLsJU0bGDr4L', 'GAL0AyvNCESWdnVT5VQfpZnr7g6pS0F5hYpBYXH4TnbJCICsM8UBX0SKfC8sy7lIisgYKklfUJY0WEuhvnucAgKDqmYwrUeEvUQJHb4OyFU47lafaGt6rfh4B4lV582kHvGcfYW0Qw3F4loaEhM8MC6LsWec63Ar'),
(405, 'vxLQH8832tYK0MKyPhuwTBsXPbvfqAnaogxNPMM4CnVORN3n5Ds7J5Ejf5fPiemApH6aIYbwOgIU1cmcTKbnfZ', 'TZjyCjXKDVvFPILUZU0OYMcxTxLazSXjl013bPcENxUKYangCcTnfcRx6bxdutXdFJhbZxekv2CZZJFR0ycndRiPmYFRWmLVIZC7y5Vb7IdPvqChCfIGNRlLoWgdvyNki403W6jQ5fvcBScOWIfrlLBq8Mo1sdQ5ITVdJtNDsLjnMJrm0xndFLuymsBhAToeys0', 'TpIJaVvbUt00wdyYKovgb3dvAvL1twzDmpd15wIfxd05yphodVWpTlHTUVaZ4RzSXdj3u4st6pQLhDVqSA5o4OyfwRG8pQwPZO4r20ynRHukNbPBlFi5mVKxyKA4lyTvxDwiroU1loSLoFQwmp60h4l5w'),
(406, 'O5euBOb6sv72fRaO4aF6uM7RaJb0enEhbbuY5IOfJFPfxEuAaZ1zxjBpiXhxAzmvrDlJ0mcfYhbeTzUUJOntByUC223qrPoFXuTRQtt6veEdVBozyN', '7iCHazEqn7xkS4gHtIp0UDvUEZ76YyJaa2FYh0zZ5vwVbpm1eqyHpmiBncivcGc8sDZdtZM45Jk5CkodvOyvgUHiOwVtJ8ql5M1JM052D0uvflN2m5rUzE61xHNuwm2tX6FV3NwAygG7XQ8a6VZDeQvtwGxCTUhbcbniX5wOzGEroiiQoCD6dcMhVZFB1uzcCWhowfb3dbhdH7KyRm5DVM0PLdQdAuvgOEtuEntkRpw', 'vMzH5kKP0dcZBLIkKZHzIJYoq1I7MirJ0ZEZNMKPGRMr1EpZ5bP7exqaJVBVM621m4KqMYTgInlnHrJUAScGG'),
(407, 'J6K6ba2KxC6BFauJv7rvhd0UMqHfc3EWUub3jyc6EFwrNtuZneVYZY5QOBBf4c3ihws2quWGAwNY2SK4QYAJl6cKt3hVmGVIl6ZBHbjjvNadWVfYyxvQ8HbVMS4cfSvL48VxBGMKDhOmo', 'kHKfd8bEhOGOcRLefPiwgVUfrlU1uPSl7ARZlkAHexTKL8c2v8JCugm6J0QIOvU8Jcjkw6fdL3Hv24YpsCpMOmAzQFrRxDPqxwZuMbbOdTZolWG4EZBO6XJc0vkfQWEKySvfQSZMdBR6rqhxbSLdKW0HndxAOt2OPuz', 'IbmGn68i3fZFRyLXQxXRmZHMe7AtNbPLyailxPDdj3DaZBWo07PUoyeQBMz0fc0vpoqUQH8aotmlYvfe1D8dLLngRIMSOBHV3oVXwC5jf8DYTxa7TkgnaHwQlp3tqIlfKXJ6zN'),
(408, 'yVeVxMsgl1PwFbcQTp7xypkLGwgEGWgYUN2EQrnefl3AqsSQkIR5P6LV7EAzwb0dM3bfRrbqLgcKajNt4GvYUXYwBNErJwqFSjUDjiTvHjHGcsXH5jY4eldXH7j4qoEtKCSkG6rrLyvdnQHNu0wqfLcu56rZVbm5n7eBSF', 'VbPSGJbjbARdGcPE2Z7FNTvO8d8TNoFOt7Ll0djGE01IZJL8XtxT8iRefeDB7zN3pFJeiYhRWKnXaGYxuZYNAku', '3yxt5cmRtbXykKvC8jtX0KDMrnuYRiEFO3aTvEynP8cRXIUr87UGLboNIU0swmHxqvMP6q0Hhiw3nkOkGDrXXzIIjmFioRZckF'),
(409, '7QbolmfRXABa0mxAP1aJfHfYxsgPuZk0OTyXgoAPpkI6GqUKMuX1w60DUoo7W7oBn2H4cjbl31Imqb8SRn4JtipkinjDGNb3CbVfTQTCUxb4HCBpDVPgQ3J5g5hyYWUeaLaFRqZkhugZ3ZnBPzC3pM6aHfzMsfmVhKSItoKf6a1ecqYZ38PUssaK7fjgxVs', '3o7L6L0ilwD1pFgJx3ozR8EWvWRYyuvPhNfzVRQKSGma367yBuZ15rZvZ41NqzC5UAn1fBUV2SLCFTR7WJHdv7VDCaw', 'u4UOkzAxC4tc35Dm1iCrDVvGAyaICfqUMDofaNew8NVRrpCJ'),
(410, '5lG1RjrxRkYVGYFpmnliw7HcgkEYvbi7lZC657YzrnoIONhnIW1fBZbjG5HuojyiMaqBkyDaWOuYYC5mYZSVrVGib8GbPV1gE5SSKcxYeHkBDVaRitMxLSbhQTtPl5HucXR', 'bU53qEHlU0xxmOUOZC05AvZGWgI33HaKYTf0lRnIvOJaKGkbt6ZmEkDjGBEx0rMzzghNSuXCCtbDPoc5H2y2vBNVyxgToOzIqLOgnIo85yEV1yDUObbRnzOhWyF6qfrI0urE4NuBI61dJ5FKKcQzmwgQ25kL4baLuUwNpMvDBIQ1WRPapLTQt4xBal', 'zHKnDwliA0hXTmxMjZCf14AsMZ1IURslFkgir5KWwOAjdDvLjTge5tyURAAFROabywhxqifWjPf8ddjPh2DiKGb5kOPAgJQoEEQZF4k7R6ldJbgCevqdLCCducaEyFKFumZDbGYkXUMlI6rS0SXGLYFTXbUE8Kz1K8I4BKUqo1HMcfyhESFTHq'),
(411, 'mq3G8GGpKYYQgKQyaScETb8jZwSJvKcA5A4nYR0K2oDnVif7aouKyFAyrpyzPdJBnspvHYuqrJdZQfEyBSqKPN1Hq5NstHgLPnpylACKXZ', 'tJQAbz1JDtxsJc30bm4uyAMsMjdZqmkSvJce3jXDmBhnbHeEhB1YK8wxVGUcJcCI2hBhVSe62db4PICgRpLGIHWb1JYUpXoojCBJf', 'bFJZhFHzq8o3MCI7O42JLJlXZAmxPNRQTmjueqHlyNUgVuVAZzTaTXHznmDFIs3VqZ2iJ4iJVyc2c2QDcGyLNsbxbxRrxh6nW1JKB1pOnmDxRnHOJ08pW4yOQc3ICOopbND8JVT0AKHAn4MhqIlcCWrHLZpC3FwnkbQpndEWIoabEXk8To4v4Zof2rBq6ykNP'),
(412, 'ZASt3yMyuejgEQcBGnZc', 'FquXivWJOGg6NB4knPjBOSG5SGTyCZhVjD5jKVzet13cRtBS4gD3IEnl7T3S6pw6zL416tlgjT78vjgUtBnnktBgx1UTO4Hx4CFTJgwjnVqVm4zfpKtAHVjU5VSBcHNGtG7znOusp6nTJkPmbBbuhgswbooEdCUgGLe4sTfoOojHmkpRNWc4ff', 'FGN1sahn5TCjaBJwxuQIZ5PDcRnjzbX8bsGbUn0IggykjHwdrP321XYoTf3G3grXxKW52heSaQvrZBIWHgPLaYoxwVFbD0UKFQ3FRo6ZcPXXE3UTFJmjR7fxO1XRVwVlP3ZlcHEA7q21SjWrY6xRUrf0v8Mz7uHrmySUvAocB5MiK072MmdyMNjrgP5TuofQPzyHgCfKdIoRAk7Zc1NAVEjGO6P2EVD8UxL2RhH1uBZgECInCT'),
(413, 'jPxC0', 'vHGSbxgBhrrWpdPqFy2Vg7F81Tod2tmr2FsR18LrATMcBptq1thmaLz1647UXuO1UvazNme8kTHaDSyZsw', 'TZTdQu7vfLPrTaoUHTHZvSbZCfc4RpKOUXdpZrdFVG1ddALREX8WrgTwBl0vehmmlG3e75a1PSrV0RvT4uNXwkudVKzKV'),
(414, 'VV7I4Lxjb4ZC4i1bJlPLNljsQBeRDCZswBwiCyi8jQkE6ekZ13cbMZ1NFyKZv2mmJ0fXiwXnhX8ob0J2WPQI4KeW1eCCM48P0OLR3RHaGtYmrRhyRMvjc2qHfRrqehiSw163hvQmNlveAhKQWYwjO8iPH5sqGLoza6ZcQDFAqiV1ztn6kFA3hKCIkXDRiX2mJhpL8hwPm777dxgIvOSsjX', 'n6qHjYjNREEFSFszFfuMR87HqO14ZJ1ZcPUEcHJ7wBS7dzEnmIEsKrQNqpmK1BMj8w551u64mT2hvotf6EBDiIFko2cRRtbXztF0uqU05ZM2PQrZH8HAl', 'uk08ryisxwHTX0WzbUZhgF8LQunozb7LCDUyaHqwW408fcWGwk1ouPcCkWcBCtqapH'),
(415, 'zFZ7HPmqfHDVcWekqXoyYHwo22AnUknAgGuUQUOHVSZzQajV1CwhyJpLhfJxmGzpMG4XBaQNksFqDhrph7lUNWgYGy8yscI8SbJEEch', 'dmt6bge6tRbjlrXk1DMt04Z3RVswx6kaewPmNsWKZG8WhGksAKU2sWfDNaIRY11fdYSVVJuBuooGDnWCE6uhSYVKWqgIkwQbtpvS01cUENgsAE5wyVR8jf1GGutUdzEOqq4OgxsyA173YwPgevciwfTMaTim5KPehMaQ2siTKLbb6jfaBDkXmFdUsY1VQp', 'RygBdTulXWtNXHQN32kGdKoaMcLu3VDJ5GUb6bgnJ5181GLm8HCJ001i1L72Hxuj2aNk5DkHrCb3symylIvmlUIvY3vGASAqaG7JU7mw'),
(416, '5r3BlXeoMeJdycBS0ld0xi2qfDFg4vNE5HGW3wUpBIdnSw21enAkQL6wNaqLScoQJjsUJT1EKQR30CJ3vPglrWchWXEV5uTHAiVeFTUTK81BzbNfdw2qUckuq', 'TbE2ymECpG4v6o5kOboyRacpSonUqccPTORRGKSyhJ7nZPYiOwgHWttHBtnt4dz5AP6sUIZuntxqIYEiHjaWy', 'yOdNTyWfFHVCACPCuffbM'),
(417, 't3CSPBhfxhPt1rNKunyZ5FXPlplqK1TzafnLCRWzKUaHarZyTyl4G1OEZxEnabRMJhjvOfEPkC5pNZBblw4LEdBLIMiYdQgRSadsupKvXKmI2KVXhcUQDO7k3ilCCaxH7P', 'AcYh', 'v5PoKsFmdDGuxehTDRE1abD12ERXoH4I581T8qUOrZBOTNPjriUZ8RiIPszHrddg1jsEZJNmBenb6jIqpoMAsOwslTswALxeat1icvufTd03l0EFQUh4wzChnOKletd2vOKMENpfkzTjqfcDq'),
(418, 'qEyy8kc3EZRaWjDM7giE4Jn3Fcco43U1Mgz3YVSE7b1oviG1x', 'FvS4oBICmRA7lg5T6cvxBOL8qa75XT84JgAd1ln7pxTNiN4VOZVRA3', 'uWGwKBEYVjnR0rrbuz1W5nu35y6gXLSDeGi47'),
(419, 'm7THMefguAoYW8vpnn8LPxBwoT10dBZi13wAdkDw1iCaTcF54mltC4dvmtWpHYO', 'jjO8', 'bWyg6RTGWN3VbE8btPXHPvWTAYo3RSpxCtgvyRAJ5EVwfvL3qPjSfqTLhph8Q4ZOe1k2WNvEsG1TjiBQdMqjpYMPEPJAmYKS8kpN2hIwsqrqzpiLzwsuTX2m1mbKhGxkFK1UklJULDVgFy1sfMu4kE1LBCNfa3htdSYNbjazgaiZ63A056p8UwNoclu'),
(420, 'MuntyQgM5hgM2ZG8QXpnViX3gGFWgo0znkre4DjsFr3JUrAzGoKpfeEHjzeO47xiENNcYL4CplrSKhL7LCBt2WMKUXUUP8xJtzDe3dD7exbELevypFlZKpSVMWTOy2jvLGLVzABY1lQkYFEG4wxmL2Yy8Ho883tvb7L2smrYptOgXCUDEmm7hEndHEWlPZzVQHYzog7Txc5ANGFVFDb6XJstSSkuBH', 'FZWvGwSjvMUPBBuRMNKnT5n0rmGcavWs', 'DfNo1iLQqNxEExhxCq5nHnR2J6ibFvVe0dVD5vfvsa0lkpBCZtNoyPgL8P5BLdBrG0UGG7JhDzGoE1UYQCsCEVxtCn7SbkFvH4IvKIpPIZtw1zmB8gTek4y0UwdiuWcWtnXO3XJaoJgtiB8BqNOlk21vF0WBuwTFnOvGxgTlYfoOTdnUIfYOvSazRecjj0hsH54ChJNSCtP6q'),
(421, 'c5izVED8YCzRnhdcbsQxjPuC8o5NdCxHoBHzsznqYgE32DsbdFOBDRPgmkqVTX3rD1FDVwdS2OuL5WhcSTRJUQUCA13rLLB2hL1qtaZVnqmsU0usiTwPVueitiOEwJ1Dr0KnV65U3gYgQspxCvTxDXbeTSVFxXAdSF3twg50cjRGh0YZdHFtUzwzSxn7QfdticKYdYrVZUx6EEq0F1GdxcGKdFpP6', 'SgxpCYy2Mbp1tnlXpJ1zfvgtswoxXnlrWpAyhiXawGXRSw2AaZkjmYHlGynO1yXGe0BuKDSZUZN7MGo78wBMBBUYnL8Muumon0WefAnHUHFcS2NtheqyWK31', 'CepwFaWkdSSg2pHxAD6LeYpj174X5zuNiZBoJVJiQ5QZAleUDjS2fSHitboJTUFuDvU6q0prFGwuyICM1iWMlbsTKTESDKYMdhm1rZs3nOZdq5RgYBeg31m1bsEcNzncZN7jiKvhVr4zg0Q1KrzFR8fnd0Dd3oFuaAyTjBxzRtKf6qTuFFDFaWP3VYx13jf0WptNh43rIpaiAnhYUEKX3BF6lLNOosKYTiO'),
(422, 'JCroHQjHMQMMIWGWbQJVvGk4sFbsxjDJ2313wA1wHXyy6DquuOonswLe2Cid3mZP5JSmh4JKzQRm8uFohdYQmaiEc7EthQZgLxSWPhvXhCys4tMM0hOgk5hs7wOIv', '0L1MmEJqQHgWGqqClUHvy3T00Hb8hOkyKeVuJDMfjvzRAFOOynhytdl4INRz6gt2zpSCfNXEdfCs3y2', 'GDMZGAQCBqELV2V5u7kb5DK2QtaggYlo1nIIyjaDewZlRiUY0cTk6lWhqflA3cp87XpRXujgYorQmSv7ZiJSEMk15nkP1aVtAXlbgHr8btx0PcmXbwonM5qFrVE0JCPyXml3alxBLqMDGRNbKBCWP75rotEvSa412GlIn5mfTOti4cLWupbmxe4oNxpQTIdzCnsD3kalYBBrzTkFlGTV25zUG'),
(423, 'JGMx0cSTSkXX5LUlrRQLHKE6v2pp7Wr', 'YqVozrqXqTgQSZa8iZE6yEuUyNf3jJzCjCpXqY35UtKoIs4cPOkbLMa2WAhyiAJe3Ocgm6KZoDJcJEdgh5nvBN5Re7Fl5ohOGlQCwDa1PF1lWIlwgh4R', 'EoJdPM1FN7dqhoBz4Q4lbr3ZwmT3aGTz302t2TBHXCfHeV6NhwRO6aXrqS21KwngnAxYpbNwDncJOnrei1rbxzdzf05wstvHddxsRncoHTXztAoUixpUkLgr6qCUkTC3L6eTNPTwZGyyaFW05ysObCA'),
(424, 'uBwBqGghmYGS5pyaglmNLWnPkhOVr7Lnu2ZOFIYeB5kRmmGDaZlSwAGlwzSjP6', 'OqVQL1XDSYF7NHME3ygKXPgyDwpS0eYWjb5yUGPXcfECu6rmyo2i1xgJpkrMaxSQAEDiEl3zDJFDOcBoLtJnMEtXI0HROsk3u8rnkEl3MVXRdZqq3aI3CUNKW1tHsdCN2lzh8t4zbWNdB1FrhxhEumlhUOJI5XmMPzmR1WSPJFgF3l5wMqEzEx0dE', 'voRtKkkIslRsM3fECOVmsvcgCaBVIF7pxRjdlfFtmnDhJJnySK'),
(425, 'QMh2DSdzHr0L2dURw6mNIZ4m26AKLlVqnYYobceRpJkY48duhAlRdLEpZqnGKBQXd4LkkfK8XQDw1yv0QjtBMCtEL0oLQRgaT5awGcC1z0Zrnl0h3sOY0hhhysrWveXb0SCIEZfvwfLbk', 'QI2HvNfc5SmzPcrSTkDygPdcQqbbMVci0XngZWRsOqFsx8oZ3I7G5n54xOs2AyYkCJjEHGCL7r8na4zlmP5C4LcdgoD2HyVA03aoMfC3RLrsiZvSbPxqq0HZ5qsf7FhMHLFoSnVE0gKmQepcuY0tFPLwJCHjPSwiVg8UtqGyzwdSIQDP1i80wa4mszgaV0c7HzbRqcNx', '0y4oIBB20rcrRgaOKzSukOzVONz4glFDKhoewV1cqfHzMsmQbZ8hXqWUbuYqrJbd12JlULwbOWpuy6dM5Dkigarj52FpSpXh0IJdL33rcOsmSfEzxWaNDAhliFT6xW2jRuNdzFIQ2s'),
(426, '6jjwVL64H22R3DH4Zt2BfVZW6wxbEYBxiR8OKPjEf8CFj4i6RhnnEoqPcITfulK8woNJ3AMbo2q7Pd4C3VER0uZ', 'QSGhjuwzRJC3LXQ0vSQo6E1HQiiKKOiITqYtVIHQqtWP5zoCrpwaRWAiadwHZSFPeRZJE8RDBXe8CXvATIZTpGUH5TbMsHsTJNpErAqjNJkk312EhNL58m4yhqqOJn1UbMDajjK5FmIUEKCprruK3K3fxdkyvJfYdco6XH0zD2KGeOQtMloQCbnyioiOXCw4npJvpkIhVGkYGqAkXHprEqpMhly', '3'),
(427, 'R2Yomc8lGH1CxVM1cEp', 'IqX4ZXeXkxjxwafpTfNH8ZlCToYkr7OdBwmgAlIyncXYRaQtfKuatHfLwryAWXZSRluN4', 'RcHC'),
(428, '275gC35kkx1EfJ3nWPEFFdbTzMDxo8si67a5fqnJkq2Pc2wCLBxWRJfsid8dIZruUkatkq7LfpbNXAI5S0hTkZiXnZy7g5CQDq4x4R5S1FapIxOoIXCvkf0JiwtaxpSzPPeFuu8DMfddbfwws1tBHyUR5mftRIJv6VXoVDa5QnPcm6CJI17BHcDUco5D1MtLSZ8u7N', 'LZOIFcVIXBV4UOotdPfCTacJ2G0gyFDaeH4R0vS8dY6evPSpMDYWtA8b2E3HN0qr7NT2QaMDUvte2qeULjLVb0dNsH7igS7gYAoWP8EMFWux1oXlrqbVfdeHFdReW7KZSpI4oOt67qn4zjs4roNIrvinHfpTN8b6amflKpMplSDRmZMfNZgxtDGbrath2CkJyuYDIITU6uXlI2hERFSUpZQ3rZFGbmVppFAoGwvrGIuxltulrmVL1', 'Vpm4PZjqx1ok'),
(429, 'dKvvPSlzaTGiKIQQOYzHsk56aHJQ1C83li550E7cwowio3Nw1y3S4llpd8DHRZIDy5UaIzRYXmP6neW2DkFJgIX0BZ6XWGWyv8UGsL6W3LZSGV8a4R', 'OMUvoIJMQ4uqAeCCFdKByAL6oY7M0qVUYvjmvGNTTWDhkaRH32KLKSsFG6vfLjw5xzaRf7ko35Kqo7quVRFF6bolccGrmgGwWupvLqW6SJV15V8Tkt3BL8NbTQUtbO5gMwIsh23dJQksziKC1FkGziDnEbSZ4tCErgokWnnplhTrKOsvHtt6zpf0HLEzpJZdj0szv74eFDCbm4pjvo7KDtnkFbDNqIfnpNnp', 'GHaeWcVYyw4dTddUTdg6JOwhNaIe8567aq006QK7i3cqKc6AJ2hkvLET4cFVimpzMIbIMalUdFwfdIVKS'),
(430, '3vTTRacsd101QJGruFiJYCGCqBzlVpXBBePduYZBhkJMZLgUcChtto6YVvkDjQvIIdTpfD2rcGykznMsYSrzm1ZVRwd6MThiZNUAmnXWIszSFenm55XnNeLjDTysvU2Ve7xKrAbgQSSZWjQNeA7hkONjliNHqynetC7HlC8vyke6CwodgTHXOptMiZfgieURIW1Pez5RioPr2FxP4HkZdvFZs04unSJ', 'ul3R5EL5HGikvKTpOsO7YSMmpRUqVz3FRHkmWj8Cv5Qz8aZvSdKfIuiwpgRuWw1KceSzXSTCbDolMzVBI6jap1um0liw143GR43uMspvc6VNkXtzMXsW4VTaWRJNCU6pS3PHmIrLTLM45nP4qwNGfPdUSuxwpHDtRJnM8ecLYcSoFYqMOd3baZgEOirSjOaY2rObM0m4DClbPJFYrMPtJFZFeqCwFGWZSBDw7rKAIIetiMEPqPxgQRwEh0kotN8', 'E1PWdW1LIBVt7dr0qoygBhY78vljSd7LkhZktKF7vhRKrvGmDjoReBN6YLbgPj'),
(431, 'r2w1p4b5Zza0LPfiRE0ajrBF3DVqjO0rvpxiPMXVysnAc', '77TpMj', 'SX0wA6UrmuK35n7rHwbNjbjhufbikg2Ra8WpksgXjEMgoIvwrprmmpzOMBidIo3zqFP4qeh7RXMwFpS3v7hy6ky0T8FNOLPTiKYDSGSXLyJavJnrCoPLX6VaAjwdwhUyz8JgRLgD45rNjJBCsuC3s4P75Y7MSrBppiHRRO6UfrdjjVxxlsZ6oTQgA6MbrUNG5PsXwqE1uPywcHN4ITY2wPkl3yF'),
(432, 'rabIZGeawUbIj5hNTiIZawgnXJ4rWCw1vUKLQRgU2os0J34AJ8p2iUf2V0wCushsLkbeD82cPQhASP6E5dHEaF4TrLpf70gy3onjJ7l0OA06OcMZkCOENV4ewUVAEAOkK1odVw06BbpFlqJ7CBS2vj6wJrkUfAmF4ncYNPikBodV0Sk3WEeHM', '2HIG3aszFkvFs2E4XpOX57OPrEb8EKrvL4DxX', 'ISZE0Gf5aiDSSXdg7F'),
(433, 'BHJ1BPHFm', 'P2gXSBJhObfouJb8sJt404hQ8FVXH3ReTdoUBDHQU8hxDr2gJtmUFrbCcInKC7o8BUJMqSlhMXYUh7lQYBJaHm5McXxksbpvXOk7zCGSMNmdbMQa', 'lLWeS0XSNgpq16Xs1XmfMuQ5GvDjdMU2MMku2xZMKLJikHkY7v6YuyFHsJ06KXpCSVMOaJ40KcyhDdPZd0GlIvpAGFHzdaaGHCIW7YIYASj6etZE0mMe'),
(434, 'M6vXYHuDKfF8EuoRPVZRq4ACYRNtHrTrD8ZOWaNtLEWb8RlYN3SM5ImjU5I2XaVhrkYYSh2ClPxD327UEpsSCcmtXB5hskx3FBAWuBEoaCochNRF0ZHrNcR2Ok476C2soA6S6WAFMXleRtYPPqz1nklIwu5CIlI3WHFDdAo7WZMoIDrLmfRiKJne3RejMZLYLuCTVbC41', 'z4NVEuvGOj61uEJs05dlpul6PGSXwQKg4SoovvAJrah2DuIEPsWn4mKkz2OnfAfCbjVWXMUFIrJO5cvuqk0XQBJfbnQCUAnbq2U06WZ1HPxR3ZLmRniznzg0aLqi', 'M41LlUHAVeLsXawa83s5AQc1PWzg18nzBsI7lEOGynD0qojd14C3Nmxh2JCastbkojjMTmbWdt6SuppvbW8R4oehdUvFQ2AzD7v5W6jODQonltlCS1fzSoY2yLjmLqzXsBKRPtH8IiAjoJomBzzHUneOXhHlD7SK37Khshh8K3CzAV0tvPJvsvs6tgVfrkjp6vfDYb6sP0aXtrnnVphN74VyUy0alc31LAJOD0qTsag1lsTMCjnq'),
(435, 'm4zjvydtA0YG6eOUE1fjjRwWVSJiBtTeF8ztMZETvgTmTJLuYl', 'sCnSwWqrXmZmOMPucYusw65oX3FZiKlU2UIsqHJ2VnvTXZAwsUQFUSAYPDc0fhpzrOQlG7W5ECQwWEdLjlrhzISO5XV48ZnM4iFFZXBMuk42mGBf5njQq4sreoYcMkNemDL7xmu8hxbYkviBaFmZG0gPslTuiQIuuZly5lnGOtM6OyypS8MVKmTO1RzVrp0Dpl62QJU4BxBNJN4gUG4j8SQhJAqUZ3vTmczbuMuJ5Db', '88icVrq5LmkJQzptdA74vpwAP6TKwgoiDQWo7CYGYCrM55BJxOCEupKJ6a0IhtpHKY2OjDMxvIY'),
(436, 'kOSl3Sd8mqr1HSyAwBe0fqZ3RSm8HOs2S2GcSq3LHPXmIzMyVX5seoOBt7HHfDmCjnA1qWNa56TKNxOrfqRK3ApssyuAaRgfJ', 'IRIipd0b8fiPEntlBuTUAxIAo6tCRkRhdbADcwCx7QQqTNjuSAcUhMIlky4dX', 'bwZxbeoiFRs7pRn00Otq2FKGfjevwxWAhBMJe1YvtKnUuNH0rO3LWb0wfJ5koLFtoOLnPoX4kubMWBPesGlKgHMI2wTbb2kDa7u64gvka45VZaomLowYv5tip1jljkqQGmhW1eplhH0h7ApNz6lhNefqDiNLKlgUr52Yi3auJr8gRKs6JV3DUkdXUXXWqzsL4clQgDLsl6pNwiOzCei5fWhlL'),
(437, 'FxNGVLqilqJWmbYWdp', 'cvgAVZePZNNXRizkPVqoQaF1eyBmMwEt3E0xBtcsNH4XFVQNlH2csKleO15ZGTrwhRszA72W0CEUQzClwJUX7lIlFpAMPYx2CVrwcZjXbQGT2cT8M04HtCTLlP1ZUwZxMOyw6jFlEorXjP1Y081TTR2frthtS3NRLJXuw4CgIKYweHg4iSwB', 'x8S1VTooafCZ3nu0A7ISfgF0c8SAeNzNKHAasL0FZAutDuuEHapq8ZDSxSmfvP0gYbVBqbVNSXK2tMfIiBMSS1AvvHU3EnmqdoHusfpDCIhzfnVUx8lK6M0ndNIY3hoDKOFM8cBag3CQMnhYjxuroozsAVEBu4jzTV5h5ahCeNKjQjszmtKMOAUmcvFPs8gwUDLqCEP8fm1VjlcEX7RZ1nK6hm1Tt3PxzvyfPkAIMME6nPPsCW'),
(438, '0qqJ4i4kjW58S064YDtJb6cuDFe3mTQmZpk7PB3QELaz0H1u3TY6FHgVFPQRCWWZmZcFQiRhGaYTBBsx2eKeGu51NUxAAHSOvUHYa7NynJLG4NUfQcrzwv4a2SpG4XSHRTu6KdgGotbtlCpk2VhLQOZBOJpkTXLBa1ZepKerlB2uNg', '3aqc312evRQbpZjCIhsrmVmGVkaRlwcwnU3LuYTYVhfZoMnsc8fNWphSXbddxiJA3ZDygHP8nQd7fSC6Sowdy6oEg4H6eimiYwDRN7zl5UvPUDIHP13A5yr22idWxDaLaePgeo4QUwv8vovTm0EBhH6DBsygcwiyL3RtKpFbGxJnouboapU45tMEmgWHlv5T5sU8ldLhgNONnsz4CxfbTXKxObo7', 'QBVm3fx3FQhOB8a0ZcZeb35iYAsTJCaJGEmHOxVktwDlPZyxMftJCgJAfTtMoCulgovpr1cCjVLUvxiBko5xbuemrToSKlEfeUfiVpxWdr5KcrAmT18EAJZDzGIflkCvF5pVAKm5ypVKG7LmKHn'),
(439, 'fW08PrDWCnvMxi3gZbPIzn0Zn4RdXc7FYyB1PCLR5umMtvVWqgogRaXESTLzjptidIklh6k4AF4XIRLjPFLPvNh3keuWR5A8Wtv3ZKNLQ8JyaVpWtfzB7ZoWv', 'unQqud2sWqWa5ho4nEwipGDMdVUxl4XkraVfGPAFfY1Uljc5UG2McQVGwwWwKUxIyN6460uELeB5G2FxvDkV6aOuLGlgnM21aFeqgHm7cXfA1GOptQnvXdnMAR5QTMdQo8NMlU4KCPhKBYPgShoEiXgNg4vrd26dAnNxANOUe6k', 'TZpoXWiY83mjArBACXM1qIh5y0GTEe2f7tGfpTFm2FCF5PJOAAE5GfeIxBqqXD0ynPEShrLF40PK00DWt5QFGvXFRZ0G5oom7X0sz0yoXzOEj1EVZKgw7yXdgG4czS5WwR'),
(440, 'PWMpbHH3aWjgoagvNxDtH3bvhPX', 'Y3qndSewbRRgn5laeefjSbzbyvHXCJ5B4uw3hIGODSdF5H2KtyCzHYKa6tsfDwujqiIZG0qjoeoG02ARBpn1iqmYkemfZa3quAw8i5ObEvIlToAv2u7dX4hkF2VZcpSdPdkDot5MGJY7EzZb36XPgspquVDd5huhNKI', '4z3klVeSDFTVTXQa2Us3fIiThu5Vf8QwTOxrW4rIoH8rxDrp0UI7uEv5lHlSs44PFOjdZqzAvk7MtBrDtPDVcRcznjwKpOmo112EjTYq8GN7nOkFs32Xyy40tROzI5KUY1TlGndT5vSOqk6gDI846v1hokeMNh6ESVI1yvMgmgqMS'),
(441, 'KcDnHwi7MFG4d3RLZFqGFwsABM1Wzl6WU3ip3YhpvSwwQc7H8JlvUzaNlvrOTSCrMCMvKPUJ2gBTXpNTth0PywJQEc5naFN0mVlnktG', 'Z', '2D0POGKNN0zuqxxXBiOR2GQLXQ8P0eoNQ8etJKe6tObgBrVepgImCkElhRkx0vaaMRhgVkItj0PVvGHtVAH4jFRfOmVc4tM1Xbu3mtsA0XvMnNFaCxyKsLNuh3jkB3egagBpp2f3wizpfVlpQ5PFnDhOFEFUViIeg6hfAPckKAohAvigxgDNXT2iMn4pHOeTEX5YctFeGJKjM6WoxckPuIhjK3l7XKrjOfeZrmAvvZwoCIO8OXlbvykEM5iW2'),
(442, 'tYIdxKcHrWt2gQLHPnnjw5nUhoFxNCmGnCH4jT2ehQVuSWITOQTqEspl1AkZw1agkuT43vbCMvcfAaSJQACmjdO7gsGFWxIe08By8CRs1zh1LxBO8NmjLzOpBpWzqWmvicGA0n2KZ', 'MYZzY76OMKCriIEKo2Kffo8Pb7YyvNkodQEgGb5HVp8if4Ew3cZbMNgIAtA4DyJMaC3', 'GVnEhvIE0oEgXEnxZYIYoybsQpOgvRaBRNZLQWxseiRnW0is1MYhiYVcUL1yszUfOFgG1NBSB37OE6TXJqA77smuZDqsX3nq2qe7xhizsILHurkAdBpzxkmzMLZgqHxN7hsC0Vr8gh8Kmgz21DQnokFuF7f1S3q8VlFHX1qAefcUsmDPZQOCOwALqm8L8GjU1DgJAfwkJBV7wbvlcKOEtFnKXp8vb1yakzHcf'),
(443, 'NbkmKMgHBbKDb6vDBLXnIlZkIvIwAILlKW5Y216Xn1mNBpWVfJ2nnwNR5gL5RLToJgBFECrNKYUPImPgJJrTD4i0FFW3ZKpRvJwRqdp7ELGXsSjW3rpoXQ3FsiVkGNPH88CKRXHyTH2Zd8kfdkiNHMf4h3vrmB8WERfos8C2Nd0O8kJGUy2iFQ1IF7lLt2XNxLPD2Qn4O1LCCKBgTbmJvRQhx7jQPLDaXTriHU', 'Aq5iOZ2dHvkHk2pfPnhm1VQIaPC2GtKCyIcfD54KowiGJGAx3u1mzEPLMgLzc7', 'fWCCKljcEw8QbMI3FQVARAdsHUMLAcGCAIcABRPsMyW4MJZpVsq3zaIZa3ovw6NgFtpMfSP0RmdItk4zaqm6pe2sd7T'),
(444, '1RI83UizsZ1ljWKmpZtv4SCDKXU1yr50EcjfHlmTWY60m3r2ilSf8RtYkUJGvNp2urMrqUjUkigxz28TtfxLt7v0SyQN1hm3aaUALgyx', 'c6wLX08y0QJDj1G8LLuHFHY7v61WhmEkIzDPjJzlHE40x7SgvWLaHUT3co1Th5gOGvziWpSMsQiVwpyGRxl4kd0c4TPqKESDsrL0LYgM7H6p8tdiir60V', 'BLqM0158zxhf4ICZXWL5rEHTL43oguBtZmUvAZyPKqTPWgFb51snwwWva8y8pul4l2IFArpY3OsVjfLHLkdIb2nLZFn6aTU3jOsHA63pLcox0rHRl2HzD1UBcMhfshoQJ5FNxQ8eGz'),
(445, 'FtPOkw4AesIS5P6O2AAwPXEsNEs1N40r7j2JgEAwnEkjDZ517s8Tr4Fs0DKNxQ3OIgxVundyYBs6R2fjxjsidVqrQbg7TC5mmhIMzN7eMYi5jJCQLUsMwfrzYjChml4vI8Qd53fajMXv3AtDMsh2pdcObZoWzwzHVSoTGwfMr8TiQLyJdM60MqQWVjMoPHog4ZtX', 'CzI1oYqr2vwkSuGwt2LNfsZHG2YIQ6lW6NCXbXPuF3DbqZYhwzg65kIzoDTfdKCiOuaaV5kedhtXef8KLzMuK6Dg31McqPouCTn3nUvRTWTTpo8gfTOUVV1mIJJglrLzqnjdaX2asyFSgvKlZTQ2bdr2jJ0y41pl0sPHwGXwAfBqFrLeC7AhDlL2w4F8grbhollzM7KrCT0WdP3s7AheDqj', 'Ew8581K70pnYEhzQE8jDoDWoarLiE74w5ibVQ2Z6ga7rGV6Tocyiau16EwcJiFZkTN4lj4WzGBsusHNH4L3vRgtluhSmAfAx3zhpSryXVPjhLK8AKV5LGEfTPWqhCGdySjA0tSjLQ4Um5Ux8eK6QBINYIvpSOKyAC0C1Hf4fAvb7nRUJaszDQQZ42XLlZ1DrjVaY'),
(446, 'Zl3UQkDGHiCtm4lYmo8HnTTobwNGlCq0cquGFVUhrWbmplnRqUAfulCQljvfyuQXm5CDOUsAgLVASUKdqLh7Grtcnfl4QlNODcTjXdYoH5RGOj3eE2oF3XXThPbWyteI5VTSVAVfI68njCSCJYeoGEPTaNIscH0RUdH3kPKaNQtlU1jFzmnYBvH0jkVd887S2CISNyvggMOIG4gcoKzudFIubpzlxW3PXygvrpfHhITwE5Vwz3YnLF', 'HpnE6dtpUiqIeDMoDoJ8zkEykfCcukZK7', 'NGb6QwehX5Gdcch4hxZ7DidRWMoBbqc5iIEWLZiH2EUQ5USbe6k1o0hrnDAfoyirKMVeHEkfh0te4HXyHQF3kynub8BESWU55WJDDaW3eE7JKgHxGWgW4UytY1jYY5Ny3vpDTVwuVlupBqkdj1pmUVpGhMLxANpJPB26ZyNbc8YoXdYPSGfhuc51xuy5ZXFXZezrWCsS3BYngmseG751gPd52TTc1CvqwYI0gmN46JOL4Di7stUXo'),
(447, 'sbzUhO8zx60Mn0xE6Kcdx1GfeIVc42UtI6vx4FdsO2YZbwUlhDhUZHk6JF4vLZCUWKoHgFGS60yyX0dpVPoYM4VqK7NBkcVyW6w7iDDsmHT1mbzaaV0F5Ed2L5SYSdeAAjXjLKn3C3UjqibvbJIrIoSOlVsWEvSXnEmhn6npM2ZO0iUH3qHTxVgc5RlLgbpsVHbkH', 'iJxZOaq6m3GLrndxx8iXUSux1mpjvxxIyK7cfJdJcZwiNXkFgOkikE2VSBvMQ8za6XmzCB14iVNGWz0FnPBNC0p0KGLx6UCIQXhtomsXdUxaKvWgl5w5yWippp83F0t1ztrCwR7NO', 'lHL1XbU4sjyeCBRcv7YTCcEmzv7oVjCW3Y5RKwXsPxYSZRVfYg5FGdM4UOnG3ZweVgpnQpJNvU2hnxBAOHAy'),
(448, 'DRtyVTTkmwarKQUgZsjJ3SsVeCftTUzr3EVbzkaO7tLgegnFVicHc0BKVIKtdeQik7cLiFniDyPxAldncEccTGDPlPDrOMpWelWb8jqwyUQBeLLmmhMLL2lSVMc4P41MEXpSQG7eAQ1Ph5QMrD2CfdDFw6atPASl0C3ALdQG2QQ7QGnwxB0v', 'pOkgrzxyIe8PMPW7eFehZENq8bRxrPnWrsBf2Mq4ZWl4Ymj7dqyWuhmHkZ6pXfJxtJagVLNdTCMjReixTrcV48QQzTQ3xv8CfRyiGM8hEFQ8ER6nSEptuKrRilwLl7eXzw4a55pKAgwEgpCkqtRDav4xtWyZjQTtw7VgLGnWfW1uL0W2eMqzfNuC31do4RqsBiTGDIlD4Ccz1VM2B1oR4CoNFpir8gom7bTlMw', 'GJcyILOXGxm78U1qVGYVKzjWNJNwOsmIfB83fmi7mb0zh0DofGBnzBRnd3G7xw3jj0uBNiMduSKJaxQQ6GIztEsWang6ekSb8VXqMoRyWWGjp3PgywMygxyqeNekPRUK32H6ZVdj3fTqpahx8nTYrOkb5SH7QZUILLdjrOUxX8aRSjU8jM4OVbj2Ze5LUZvSEgxXz4nV8XVwY2n3NFsmZy2BifZ7v'),
(449, 'LtmHJRrEpibhOGzcHgNY8EsrWxRyiM5UpOuSIGM1EXTy0irYoPHmGkEZPS7nhaZPysx7NZg2WuFJdMfMnqyHdJ3JcXOXTWV00Rs6tvMxSR2zg4Mvqeq6gG0Ta05Pl5F5Jm8aRbguMdteXfEHbFFfqnG123SulPv6JWvR1MyanTBVJja8NhTCWlLPK2V', 'gqTF2RauX88S5PEkilUrULzjy7mWjZTm8Iiza1USglSOUPsihjDfAbuGufaQIcTNSj10lm00rnDgDD1GWNyb8wafcrnY5Yzfj2MK7vNrSa', '3rXdpslwyS1eAjHUCgej7k2H3XWcL6HO6eqAFiXtvfFIK8UrbSFQzumYuiNDXXs2Mdxhqq7n3QQXMhfmPArDkxzwWbuozcpWtIFp6VvG4N1wSQOiGs3WXKabZVvA4Hk6jTNewYotgM854PAGrKCkmuglxTi8QcmsuBJvPvozgClmtcUOs2ggN'),
(450, 'W6oTvAqAH4cHwWBJ4S20ZOStBvF1CflaUuHLY4pll5MHIkZ7CJZsLBEJyAra12rlN7e6ECJqNtRX6HgMHN4CuN2VaMuH3Hyvnx12UfVM2ill2s5elXiTfUQSuJPJkCh5tWmoYI4Fm', 'xw4obRwCFoVpwwpLv4jodCkuYiGc4NTvZrSD1s4Hzvyp1IXObQsTEKgSIhGY4YWlC5WYSvBCAZZkIxONFJfxzZNVRXHobbLAKP1nIxp2TK3Y3smakOI36wD72BkAiMts7klJUIabSSposUbhQlzhcM7q3mOIg1n68ZyIsALuuHTH4WLZvIAilSBjfYq3doV1zrI2qjWmLeW58F4xmxWuW42Fo3A0B3P0AH4bjmDfBJ48OTA', '7tNYjWPYUxK0pik2TYQRutj4hOzosqGJOPHmer8BBvhAHcD6VVjQTntWIQR8KVa3Kr4G3K66eYUtoBUevaUsgKRgX7KQlpnoyib2VP82VolYGxupoHlT2EPfYCZITqNanZ1WT2kyjYNWDmJxuCA16gd2rlBXu2iCWkoYDtXYdNZFNdMSvhmSGZ0fo4ILledC'),
(451, 'U27SHtG6yfilEkeuxJXo2VKa0tcPko6bDB', 'KnYUmhMfTA5LIDlulG4byh5MCudahoEAweoGyaDTiG6Kqutg2f1CWoaFqD4jM8EnESGyeItVjcKp4sNTYM83zWgRVS8yxYz3CsUv4qodkwKoZSk8O7zvm7rx3EkIwmR1Ur2O6', 'fy4SLVeOaPlsOf8'),
(452, 'qETh4TgNnVpPOh5ypigCLlQAi4Cddt3b3bwDf1mgQ50zuIkbhpPZ0NGFZm10vqIxr1j5GSeI5cK4Xt3uknGmEUTrAfcp4H6Fs8co8DKwsMAf', '6bcWhUxoDNIdkZgndHAEeZ0u2yvm5ga5NBtmmUHDxPhqzmvth1zIAszob2ABwa1R11uz1vj41BHWXA72ql1IUBQnt6dIaXOpC1sJNePsTPK20zSYoha74wLm7awHhgA', 'KF6PV2HBEiGGSW7zMSt0sAv4uTkl2AYHnD5EUSzcrGawCG2vM0jD4DpMT8SbTK7stBUjed3AIIcg2YvQnwvdrYIzdVe3fjCyECebD7QIjfFWgzT8fX06CqGJly6XqCMqMLGD0SObIo4N2jOfSgpHYasT0saNYPks6vRlItDTJ2nWGv6qzjYG6mUR7m04'),
(453, 'MlSiwEpCHIRyoLcaWf4GsiAyWKAChAVbOh8oAEv3y3pyA4ILawjW5wGpvc7v', 'bd5OGJlOjAOh5Tytn6TwfwqeaRFYCq3MICHYpNR7T6SEYZTE7U', 'xZ1aAnpxD3dO20su1YaqRJ7fbojLZNt6gKgzhWdgLxcTrWqY7HgXjlJV46Jd4OQLKvflj5AHdhm3dMZ55KfiiAUqnZMbp'),
(454, 'cNOyAURbVdLIO8f84gLBe7QNWNm5LKS6Igmm13', 'sGFcJp8ya76azjZorCE2SOKAZJFZwlMGFOum0Xo3ijEMLhcXlvbuEVMQFmOVJZjs5l6AVaGV3', '1fG7jbWExG1wDPgjfLbMGqouV35x08ewtP3smJgBzRVuAUnVDE'),
(455, '48BfHUJxRqCbwJevkl7xPDV2ek2TRPXx8K3wdxSK6mUsnoY', 'n3wznVdmuhxgZShsX0s', 'kAFbcbKolSXgcZkSbDSkKtOJ7exhH3tL6eovRh1j1enaHNLIrdheYcWvU5kd24SCXSKhxvSwopNcSJ5cb'),
(456, 'H3cH1aHoaBdWQ2GYbzyySfpblnunro0aBJkHBcJj3wpUHvthmRpVGt0q3tXUV3xeM2I8xPXHg2qXpQ1ORjo2AffwYg5pROdPzAShO4wYLGHfspnRY1MVxFyd26H281hfoPopLBSJCGMUJUQkNil22LltOnZMCILATh6vuyI0AbNBamsTwTJGckF560PD2ocG4DsPt72RhRJJKAb7etWI0W01', 'BxQ4ykAjbeUyyOLDLdc6JoCsDdwGBDLU002uXa1Z0e5GETAmeBQpjrgwIZPtzStFLZda', 'ef0qBImEPVaEHpuXa8Y0oKRlnjkkfeTyQSWmjiq3DNgdHddR823fP6vYIR8PjDq4xcJcEQf6n6NAcBmGRuV6YNktIPuZOJfXa'),
(457, 'yGKk2sGf5oqHknewtwP1MT1gMtRRsQNiR3ER5OrnWmAy5JUzq8SJCJ41detZSADwqfQMcQhtqfBByQh5aiGMM6tHqspZK1v6anYddIMIpWey8n7yQj6438DD6jsllKkEC4VQFex4sixZUg4gr75I5M0QYocHVTuW60Pb3mhtjWTuoICuPckc4w8AeCOLaW5qs4c7lSrAmZe6NZGL2fM68cdvHcbC7XnUkTMtf5i2QW', 'JaaocdwGrkuSXnoiHxmIGcO6SitBu7dHo', 'ygTrN8zt4xOqOCV6b2z0BVUUuWaRLjGaPE8zcznHNvxasrqpEbHPRGXyYkXl3fs1JZ1a5krYhKbzLcKXvEdDUukTaUxUVIy'),
(458, 'zRRaDC8t8zBCwCNhH6AQUNyYxvuoU5zhgTQpw044jrWFroVD3fNCHXoqG3r4mBkRpuIknNDKHB4266ITmwpXNwE3ag4R5k6KSe8uKi1os', 'SkqWUrTOyCE5ugzchjFsBaiUoQYEQwsEGQAUXwkObAZttr3jkUkwBFqdFQ7KigWM8XkNJC0iuzniWOp3ymLwWUYdQA77ZZ', 'ijOXHcsoMOl1rz7GpEV7iCCBrJX7Y'),
(459, 'OZ5420yhC7XlxfqZFm0qEd5l22B3tu0pNh1', 'JIBWStvaQizM6BVw8GBtqJ4X8oJFKqmeK5jExrAkw3ILbSLGV', 'VGBwlhxE3TTJtdTkAmaQ18NOQITqcXygSoIOxDgoSSYWgaT7GM5Pe50K5W5Ul77DKyt50maMi1dXlh3I818BbeUAgSmifJxMgDVAob345grYAEVHNillJWUiGdKoDi21enZ54SPzCDH8mArsoLmypP2NVmJktpd1HYEdbvSFOwJ18gmwOzWpWp72nRxJ8YFunFoOskNanv0gTKbkRr'),
(460, 'xHoEiWDF2BGm8a7RenpjXSF8T', 'obf4FDbmLb8iuLZ2MOtFpBAPon6L28U', 'cOaHj24JWyPVpCIPw6tsmwwLO84TiBP788JfFzE8rfGeteqpqkB2ROtliuRNxTgkWTWH73QgONAFp1pNkrkTOYzfHay0SfIC3Cd6ejiVhsmPHHTVsDAYQEkBQ4B4wo2nkc3FrULUKqCtq6MsZswyxFx3NQmPDOu8jOH8NExKZg7REjRuVL5utNXXIugOI0xbxOH8Db3yQs7QnkqO5y4p4cLiPHxB2WscHczzjaz0oUxJsZ'),
(461, 'AY5DUKslipszTX0DAlXyntzzGRfzkfmgoGZ2fXBQmXeY6xJqB7ESk01OSxOXn2gsyjMG44c5ts40ZZStSd3KV8EOj1aaEDiEl7vtwIEADE24Fsb8Akm', 'mczCDR8Jy0oGAfzxDTn7r1z3AMMjkhovckdTo1xptemCKaE0Us8DV82JC42Ma6wfYLT6', '7V4WSianVWahYD4XFDCIGTwK61aTtofV8zimyOAlVL382zsh52kRjXTkAzKDjGlimamm5ydeFA4GjAAigvqvwBbhwVW3Lpy7q4dyJiYsSpi2uDfPotcas0a2yAatQlzuZIQg0aTlKvS8xiqxOznyefKRWBCY0vHJ4hZ3qMWNL8D7RvMIFCMT2jkdTbzvqaK'),
(462, 'tDQcGVydaSUOUgEMMWw7eEIhWy8Evo0s8Pn7QXYMbJMf8dYjBG5zMxIKfTic7hWZCvsW1AfrQWdw2jTxUrsUDRKGUesf', 'yL7XU8SSaupp8n0Bt0wdSrBXD2o06VePVCvU6GYkEmbpfbfXC3ZzFQIDYktQcJQdyDB72GnRON4N1dbcpNbFC0cDqY', 'htCZzkaFd0iL3Pn6kUyjHIKka6IepqPtu3ywUjsJDXCasLPPWPnIx1IsdYzAFI0NYbVw6Txs5XeOwzdN7gDUEGdvkwShIJaRB2fsfqf0eQ58i'),
(463, 'TZzPbzJ5WRfEPmlAFVwGBGEnj1iSaKscyjFWRDam4Juu4LbT0QqZaxb2MNGYed5X6c7PB4AksPkUt8kLCrv7wLogsNnSTopOUN8YWnivGdcJefYHZjEyjomBmvlVpnOQAIfAP2RrHrdMTHABEAmA2YQUOmGfjr6izj3eI71zEu6OZXeHiOi1yU', '2UW7bJnoRkZyMN4rKuLrCXom3aSjyoOi8ileu632mWFO1eKgcABoKiSldOshhTHCTex3Ogkr4aS2V5qf4MFa7rhhvOSkfLGsDMx4hxmRuagniWfkZSwxQQl1g2fzFIwigwUG5Hb8tSrasAndFAoizVsVXSjyeM32J6F6NvYTtqOtpOvltzHjdjPS7sqrLAflq1B6xikMmjfL8HPmegXX6Hzq6RAY06ILJ4Deklm7TJQ', 'Inj1oK70VQRS2XpWnfd72poMB4BCX8UAWxkIU6cihSloeFVHsVpQxR2lxFPsXh02sfjV8ucxf6hfKaYZMho8lLBPHLrau5Fte6TUNa5P0VwSzCx6MkUeFAzi4uLJY5iSpIq'),
(464, '6eTpLpWwvhanECERNKkGUvxKZTEKRsEO0Y1GG', 'SsmN540HLX0YephKVgHhCcNazfPkc80OB1utRp5i0Ncmx0s7gkdjplX5HtC4JgVMRNp8ARYneiEJQkXH81b6ArCuxAH3uBxwcMv5ews2fD8R7dK4Arjpi2ivMXrOgvFzkKSKYJvaw0g0iGpTC1erD01AmtkadNdOvk1QJ', 'c4XVuZW6WNRm5kwCqM7IcMIbMh2cpHa6f6E7i88Gv50XkBofgf'),
(465, 'KZSzRKTcVAbYs1j1mxzhS6UgwTeXYawzDAn6MjtWWv0', 'My7mKnza4S6sxrLGCfJWNPemRcvydLN2Kmlg2IYp6eaQBTrY1ABxQ7seStWc6rmBhkGsOO', 'eczB6AEO8Entb8DEGX38PDXinX2PVNM7o8Bi42HdH4TcCF5cPLDzjicB8hxLzlcJftf8G05lpWFDxq4d'),
(466, 'IbnunnV1OR5KiSUE8O7XJuS46veSdplGUP0rnOZkgeaD4ZWPEgh7DigWpt124CCGjw4dyAJQAPRm1EkFE2Sk2wHoY5UizIJSSBT1RloQCWpoFwVhdOI0J30bhqP5tX7rFvuAP', '2mD0IOEjAQaApyc6eTbaKZbzW7CW3ibbdnXMaaqFfDpGpUuW4CGyCA8HM0DpLc4VJnAgJuYprBoX68hKOmDlZhi2ZPi2eQk3nnlX3hLbQxWgIQupQDOpLdYPGYmm2JT6HjC2Xd3RYeDLDt8kbI', 'NqSW57R6CeJGfb2L8cfNfmgTfRkgHFgvz7bKX7ZWb0s1rGySg0kX2tFoerGf71CFWatOmBq17vyh3iDGAHyUnbE4B4wl3ypZ3j80BOWWAdI3kKg04lqWfycEUxv0lHlCaui3RaKJD'),
(467, '6qBBO70vavmMnDRo1lqRoSODoIYEMvBLMHipjT2HxSSaaPk07ewHY5f7RoPdnTo37o814ZzoqrwRHZ2SkUv0gpicfO58vbqEzIhUrXlNnuQovVAfSdsqtErapfnxaAihwiNeavC4mSdzpGwt6YGRLVH5VqbFK7RZRyHKJoINGeluQ', 'tkO6te11Qcvx0dzAEihH1geQh7WlfU8erU0eXMpaAsXpmfVNLiioPKUcxqCNtWuZUaWhsmu7lnS3pXnllsrXqFTVrKvPIDULQfsoMJkhRygPNCM3YbhNW2abI7Gr2LmjwjyfzqpV4EDDKphVenySkLX', 'LMCg6zm21Sntkrpad4IyJAjnMPoE7VQRvIYDiNSQ2aIjR5JGZ6mWfC4nk4dHrplurvQhmAU4zRdnZatvNgcZzdCX8wlFohQidBZFbNsZKZsr7DSuUUsUAzZK5sAJ33MwtEn1aGqE6VI1oOI'),
(468, 'ZCE1hnkKWkTfoxYwZueTUy27kuITzGy3grWxeHjUo1DSHpvauA8AZqdbgVFIS8bTIOewlfwa8oXkEvkd1qlVJdZiJDTLj6UouH3U7wz5j35GEcyGFTLs0cXM186JOQ', 'Uy2mqU6nbSGvsV2P0VvKQhe8Ek4up1DAyANAttX5k7RWlAaR0UyQFYHOfVusMFaRqRjf2hiuXAoBTiXRT2hLYNGiUA0HWnrskEoLilORoiqjhHAhvCSpd6fKpfpkXZJODtEk7wUuwWo1tFwvM0w7mjE2t', 'OMYv2WIGRCoBcRzMaNRYCbeHYavHQSUPxWReVDkWYXNDfOo3WOqMqB1AgmXKwzy8bnRP8N3WeTVejC2I3Zdgdu8VTr1Qe2YOspl3QLaTJ8jpE5jqoaFmjHNjZdW'),
(469, 'sG0E4QCwT6Gkd1wHLnd0b33pU1P2USZdemEpmuZq2iJlTPc2N43qYdPzFedlSCOzrn3EyjtqVXv3SpwFmKNGeRk0KQmwM1fhDleYegAhHvYgLnbnrQLnumFVdjKvdVY7ql7B7', 'grTbVkpBgpfgAyU0ld6LcR0oVrz6iijC1CIfP1bP5TfHJ6ZM5kh5cvtd3SScuP57Q4YgwF8PxAzBPIBGdjK8TNl7fvB8MFDs0qTZeyZWBfAuwJEXVYv3xRypSALNUuSLyF7', 'xTUEhJuTyFrVQnFJdBopRatkStMoyOVdx8cDt3Lbo1PGNQvkaizyXIWfV60oMYgIjUbHscjSLjHmKaLOuYPX0Zc6rO2Dcc5ou46qeynEZqFx0jznP6yHLxpkF6VZAw6rSXRLPXKKzPb2wQoPwdttNIunrPeNFIJxlTPHjPGIBMWV8EIMO28MoynwyaCmU8q5Wn7cucAD45t2Pjz5yQcDpxyhCBXfkUtNyOY8OWCrIbtlPCSRzu0X0ayHm4Qdq'),
(470, 'Y0w4fYJBxn1q5lNw7iGqchBugcAfBTV6z20fjPq8lJb4VbsicncwC0wdjCoVSWLP0K4t3RItAvXDnhTjr0c5k8tuB0oqaS5Z4txMSk2Xwb', '5aBHZ', '6nluBqrxe8AWZOqJG5B4Lyzkun8ppP1LiqUDomMhpzStCXqHpbwOgCP7xQfwPoyzLW0bUmM0TqQl3HR1oyvn8w7Ob1QiDh3EiZxtgSezMhZwWUsPafAmVRTQ8VXn832WPK0Rdo5KnEPVwTwIXJhZgkL0zTDEAwK6x3oPuFJ7NczXcV31bgJHPtN7wPBPIPywAHKEjl77g0FCmF3'),
(471, 'ElaSZeYBs1QDsP1oTi7bXC', 'QdgPknlytviHiQ0', 'xbR3pwq4uouuJvjVqX7WbHeGonJy2'),
(472, 'LYcPVqlV2gsIgo4ITDsbB5BNi151CiCEbsAhEV2QkMwC55LWHIn8Vr7DMtO83jLHrpFlvKbrd1AZvs37Ip67du0yYGE5b23tRtwyKT1wLIzbWbnJbPwaSCpvEoT1jaUN5oum3dt16pqU02l15SK1Nep1wu41bueNfupOHhbc6eMey1BTUU7B4fVdIac8lY5GPvvh8vBn1FnGxzzj4jHsk4HpnuBsmy5S1MVFyA8aBTFuSelORjAFYawZ8H', 'WBzMHmebcWzgq4s6tFLnE8AclRfJoJB2HnRDIet7R0jTRbbta8MQVM2RJvLdV6WYKMXnSiAkIcEzvx1i83Hke3vmMPDHkdDavIin7Y06Ifk5P8WGtEnrbUVRdCd5Q0RMnHvqWDJT3eQfxOeA3E74XDO2H5tbkmd2IguXYvYzUS4F7hDg4YahZDALG', 'auwcyyW2NzmplJZtucyxjlU5FYHWm77dCBypWPZpBRe3SNcZGpQwo2t1BcOIoU0IE'),
(473, 'ixX3qhpdwyPCSkDQqAmEMs7Uu0Wprkap4mY8XfBAFH4UfOlj7cQ3yUg5Z1PYXHoWO6lpRNIM7p64xZvcLAOTelYGAAbpAl66gTViSA7cKYIJOjNe0Dh2MJA1RYhYF4UAmDL7U1YDkkiY7B8lpCriDGr25Gf5WFy5Z44fPLmlMRX2tzTCSmIFQ2xddOBGqVfpeqlZr8CsdFwgMwcLQ1', 'kl0FmsldXX6CybTMNfjRd20i1JmMrqOUgdNulOmijAwqdqqPug5lQaJBqYgAk50DorCPKFwMt1oWFvdGGloCt8gWKDTAFraH8ZRBKTJj6mH7ooXz4RCzT', 'u67BTi4x4GayTbE0O0AWzBupvNX0YpdRQBHlVVSwOHR2uFlsjGOK7EOYJIcQVxBONuOCaIVYI1r2bMFS5kzv1BfWR5caBLy7RTlnLHhQvYTXawoeh3dqEwcEEIXqIe8sedQZBCcSE1XarwR8nzELEF6fv57VKNUcJrb1wCorbbpKnPOZe1ge2TSP6NCcBW5caWRjh5jwDTW3cfnjmRY47XPFw7cRiyULGx63SMr4LCZlBjpfgHfNj5L'),
(474, 'xsk3GXBX3h3sInEbhMOzm5o8XYsAI0OdLmYkfxvQacz6L1tjXbNnAhXFZJrA1Hk1qFmlvR8QdzyUtNiSBfN2OqD7QQWAO2GAe5LTQJPilQ8JVpRFeshuj4EWFIB1flaEFEOWRzpPgIJFcyHNwgazQEijHQUyHr0CKWEFmY3SciCrYs0Bm', 'tXI6Alcy0nrSTeidxUBjaKQpGthzBQ0LVA1Pep8r4nXVn6CyTTynnr1gKh0K7XqQA6QkLiWECamJDQSAF4nIdITIoFM3QtUCi', '83udiecd6VCPUjMiFdzVJMtKqC2BitmIotKy0eQEI1aKYJAzUFDycQYmQTLDTZ1VphjdtcXvGeLvTSXXTesW2gnoQS4QbhzDoLDDGm4X8KwgRCASXliOdLTKS6ojTs746DCdyhnqYJhjWrZ7lgC1Z7TWNLDmSsmId4NQjRANRrjOQvh61EOEWD7ydQxvR7DkjceYGhXTnfORQLII8QusN1bMo3VC3c82kO0bjcrGe5kUT'),
(475, 'WX4buUBIuvkzgOHskys6BGOyUREzsEKesYZWWZ58vCPpRVSQDUDNPJOboY6LJ', 'imxJfIpLfazSsgeXIpSBtgwRCZKNy4M5NF3o6mcpaS74PLq7xmpULiyCj', '62K7c74akGkGxxMWhpTypuNEAsIg28OEYG4hUMIWg7zHIlBx7f1i2y2'),
(476, 'DhloHlZK1IyTbcNe4B5LOVoIMUw7k8W6naEg1YnXQbMZTn3P3BXMyjQ4W1ni7pbsblzX8sD8ERuvos7VoOd681V3hOMxxrFLE84VJPrvaAqyfrdW6GQXgWMEFzvLlQap6YesB', 'VmA5q4jPVWtAbN8ILd2xlZRs3iYikHkqYjLsVhWY5LSNXIYQuhigdspENvdq5BgevDvQxZAM3lyCwugrovmo6osI4KEkp62NeZljMmaL4lbNmUJyY0GPDeu8drayXlDuKEoLNDjOh1Bl4LS1WALIFDyYHcUWn36cih', 'heeD4pzrExcBYGtzUSw6rbGabEAILEyRVYGFP65pIo5jCvzwnQSpZvuoMitsiYOKZUBzU5sAXGNuux7cUzpX3K3BLlMNuTNj4Ga'),
(477, '6WYgd5fAKBfJLHKUuTc84JhI5dFgSKJ7jVIkqNyiWAMzjfJNtVC1fXEOF4xAPCKdrv2ma3lh48dn04NGCZFe', 'KRg1WCdqd1AuYzDLYRFmChqJwaJxEEWfIitwiEBIDovmDAvAVpi4zTrvwyfiuNElweLdXQtl3BmfuDbKFSGimqQ8HlaHNQMlGZ7sLxYBfT', '2bb42HwvmRTMtw1oVVqKVXTLR1cPu7s4t13O8vxR3ca3AvpzmdnDx'),
(478, 'RtkAzOFMoxPeljL0vbmQ2pqjNAJhYRbjDdYCIJzC60nxCn0iXSmSr7dO5QwsxDbtXEX0wrY8AACgSZq05BoxDGUcN', '6g5', 'XpRcxZjFr6zgihamMOfBTUdnX7sykFW3NPhRj2cxfmLiy3082RKOyG2jatwt8HuD3jcDjj73KnLjRJdvKDxihHQgWUGrgFdVh01KXxnwLaPkxsB2VC2X8tupXUVKmNiFtZCXMtWf2j1E24zjUR7BrMCCKWbmiIzMYiV8bwI5lTTJARRAce8BMT5LvwX'),
(479, 'oozWJ4UK1sGUR4KIyEivPIfnYyPI', 'sAWE5Z2H0mnPindQ3rffEpETNLb1oxDlpMHlzk8TnHGn01tSwQUwuIavRQGT', 'bx7QBLrGJ8iBmjq7Ma3pr7Xwvob3txPQTBiXoilcMRRtYuLOPcGWRF20ZQJgfSucqayoVe1VGEQ6KdSf8mJkAztz2Tmch0JtNnG1rxVWicNwOLmtYrhcPbpeuaA6mIKLRvrYIEgKz3EUEqOZdNtI71fZZHhWXzd7wN71fUDtQleADTgvHakuFRUpjDcr'),
(480, '645iWIqckS7GukwyVkDoEYECYI7drBZxvxzwXvlUiq', 'vjMQZDhKz50c2467pxTgVDAlTdTxJrBW2okaj2QlSKBCMxD3Bhgw43PP8uQ8uCjwXWavdPCA4Nc8C7FI4wBn3P0vmGumcPNfRzw4316cCp4YfLkJza6cCuJmvq6ecQyIKkkYOrcChImp8urp5JcKbyt65oNTx44SogvOaPwGqGo6gkDZC5SqbzFXM3wZ1kv8IRDhAwChky3gEt2z2FvAkHNicoz82bFhBJnURurc3l6AE36K', '4oIWgJNcE5JAZfw175pcHyjjG71m0iNHxmZqoqsgEISITZ6LCRPYXZBcQudZG1Y0CGC6KkwrPjLDRtGY6duiTAzKX76kJ4JmIjeoWLJbpJzrugNvVdJa'),
(481, '7FEHSVo6skVvSKp4drnQM3cWUuO2AsEs0pcuIDCyCd', 'l7JY3zE0TszmgndmlmiDi6LS1KF7nqQkNFGYjnMymJPQBYNcWFVoJHCaHOkNCb3JBBukeQO7eZe3sZJ0odlkZudQi4hBMFDPUGsXnoPqdalL8aUROwYdhyWQJpUGXJOCDz5XD3zjOkde', 'ri2c4qMxuQXXqbRnHXgoMt1s1KbJM3bH1dVELd6lbFSSJlJh4f5RhiOG0hOyqXOezP8ksfsY0eZm4rrW68qTOvyVb3DyRECBkevP875IoiRdNKFCYoPbHMIQGd44v4TBMm1YV'),
(482, 'TyI2L47I0SIL4XYc1SDiQXdzOIkUISha57o2', 'nm', 'Wes0cA1TBE3fFAwiuiugTN2kspSovvDcRZCDklP'),
(483, '6lMUKbkeSzwb3RhQ8CmsEWPjzt2paDvXLURDl34r1U30tlVb4rKiYoGhK7hAPX51cZIPG2zWrB2Ozn6AnmzYzNL5JtNtag6O1GR7H2jKAMhnrkinDvCRjVthFFCCSqqhguQ5LmyDl6UlNNSVJAcSxgWx', 'PW1ZmFyoujtNNYhjumsslKPR37yefySSnQPmsmqiCYIOnJ264MeBmFxHkxYTJGVqkRuOQZ', 'AnWqyhzpoF3NmfFn0VZrmTh0atOHgHyJZbeSiRWM4p6YNpN1nJlQtbWqyf1UUVCpSl3rq7DuZ7Yo5tkSEcXVk8kZoBX5Susir0EIAP2lclkJLdyhikP1YBgN7SBsCjIzC1ZBvqGtN5gghsfsdo42XjflA7NOxcullzIrb10zAzEVSwGPmZJASHSmc'),
(484, 'CvLNrv7czrhGNgnOxWeozvhwQgffjC2a04mIUO7sjtsXnhzbbkBzefrtWPx8Ras6EPqXSLkhh17WNtLacbkZFSqyK5j47HOjsJoycWCy1X63MHb4s13q3XyW3u556JGGNDIOLtybnOtaSkzle1dtOHpFQnVZtBWbnXwALLJ5NPMfXn5AjIXlkyNxvF3wm3fkyYE8fz6Z1Hc1cV5XQwgWHUAlTf3jOoS1llM5tE713fk15Yvvk', 'mFclCWc786T5PzHIsryDXAwr2MTNASCpiQBQY1ik7vJ6bvqKDkr7ylrA8kRxlbudjLPZXXJrsKtaGTzgvqFQSTTZ8AZMUpS1N0yNlEJKSu8CcZNDH7OXX0I30uHWFt2', '0TLeVEQaZUjjJN7v2cmmMsirs6eYl4JwUCMRGn31K1svzyc8RHCF7QMAugyHYowwrpLesw0Vp2EyiUN840aRyJwIz4INSXrJLYGvR'),
(485, 'JnvgkLvVn4NgyH5dJco1IukTpz5iN1RpUJaTkVSixc0U6VazOwmNL6YJ5foDnK52da7', 'IiBWtMXNapaItyFnirD', 'sZMuT0WBg0XxSCpxgqcSrVfIcOBajvjw2fJ7aqWv1liERyf5HmUV4AbugqOTiinrgqvrQFadrIdDPF4oWKk'),
(486, 'qpPajRrZuCczGYDPk8HebpKCNvWbBUHCTNIVGItyyyXcLyxaDr3Chg70OxvBdUMzPX0dnz5SmuOvjsmVvDIEGbMSA7Uplv7Hx12ZynAl1trakf01zgdkbJBZa6sB6KnJNN24i3UeHO2g8SZahafY1M3VwsNNglE', 'tr3vYRMPUb7GBNg15T0Dj4Lhz2z2nBSwwZNMekpOISAfccAIryigWFTWFY1z48n5A2zkp8KOvAckQGuigT3t6a7DyB8rRAnVJd7XwVx886s1uja6yi3qrsT4sLYK7vlcisiQYvms5OvJPHjVatFeL4wc2O', 'UQy2CFu6Gs63caIWwkW6X8hTvDyeBFMNbsO7Hq8Y4zlvAyzvB0uMc7zDjo4Dicx5BKPT72FDM1S44IPvHogFTOKraxfE7lui6H8Qr4A8sIKjf1gqManpRiSDJ8dV5xR0F8S1GLfyNLNHhBTdsdfdq58wYAJmTFe7l'),
(487, 'l62BOkMEVeKA0sdHkCizOKUx8Xq7FSqh53zHYKbP3Zi2wTtgg0xWBwLu2XZQmfTqnrBVGvVI8M7NwqPZLORIqohRCqNFLSpJACJUQtUOn4P8u7pjnrNJaqbXWSlGh46hWYHk7RdY7psnB21e5S8wtEI6zlu81POC2MMxarIwij4U5FRIeUeUkozXgcePVnjA', 'vF6ZyWbJSCcIWlWngvfiRnPSDB0EE8dzV7coL5AoyGf7BcSZfCwGBDYvPeKPgzcj2tKO5dvcsvqBPjiNrY0Zgqb4gsmoWQ5HYSoqRYiX6A835zgvvoIqKFJfsGCcgsuPSSKf8x7ce35mnWQa2G4NwNHZSKqCquaqaYWJ3hLOGXeKBdm8mQJxX6hQkTBpTkH7kocZRq3bSU6EzVrGNgSQbPwVYyk', 'BYvOoJcbMWXxjEBPQeQ7yfzMibx0gmefxdaM6CzQ3SsnPHoj6EMXf5m7yfdi4zuCBng2ynuEmDMotf76tpV2xxTedwbDGT8tzB3M34TM7VrA18Cnf27dDLrwd5k4uASsfXLC3o'),
(488, 'F7IMzGNROftkAbNPFHfruWinRjfW0FstXHE6bHnEJfXN54XTQwgIZUQaSRNegXGPN', 'h0bBzUzGS4aJwaGEUk5K0jEhBGt7Rmgg', 'HWWr8fc8rssY6ctCIz6UQfkyGOr8iaK8jdA8OWnM668YilLBh8BO0kSsA223fPiyaXNvQzhXIQXH3yoOyDb1gbAkhjmvpiMlGVzvhmHw4OfyYr1obbvcHW4fA5H1vlytJECwiOVYQvdsylkCf5eJZZAQBpCzgc264RUhO2eXPNANKGPMxThORL7whp18rguFKwE'),
(489, 'PCo4i7bgWBV2gZQWxdZZYghOuXQ7pNrHGMfN6MSeluCUr5AVhp17bHhoFmb48ixsHwG3hRbjgLfAJBz1A1LLNVkpMYxSKG548Rfkz55zoSSwKAX3h65Gr4NENiQzTJtkQG8GKxI82Qz1buG6WsTuEbRxKrJmgqTIhhxQsLOElGYnKAc87GL8DU2cY46ER4P1sgqAGjWxpYa5v2Z2qZj2vZVPgr2pIfjzb0rNzeK', 'p8oqZljmdrteHm7QMA6kmgyMTA0nRg5T8Mrg5HwsFEEzX5xJfQTMVNykPgojL7N3kAmmZcSX3irdwLNOgdF3rx8bsB58NWu4DUYEGdjIqEV0tgYFJxbXzFqZjSSBK0DyIJTE1AC2vp8yZ1T', 'cwYZbp71ld0POmkzU4xSlER65ofkep7K5dGmZZldpQLCXzt4wCBhOsx2tFQIsUhNuSkQS18qsvUI0BrSQDI15K1FAo4PATFbRKHA4WPEab7JGpbRyPwuERdiCvgK4OS6FX50j4dHbutSiDkqkYRK1E8yxcc67jGWuCwz7kAAYQpbmTetlyeAIuRsExE5CpvsvUKsrwrrKY1H6re5xHFNDQU8B2d5ACm10OPMhuW'),
(490, 'SCg1lGLjUYeP55U5QNW0MKIF7stB7tgOh4P5jAFieTMswGTc1sQjsIP6wTQKb5QXp1YYMhm31vWouu8EoxLxW1mJxzZvjjGMl1rNf6LEuOuqicabHMg3Jxeaih5JfuuoymRBBuxwHc3PJ7LivDaEaOTqSHLCQrUNQhWqduydUZZZseqPPCtixd6k6ZJB0sjqSv3Adx47IRcUFa0UuLBFM3A', 'hxgaaujHWtpnMgMZUoluVEXFdiSnInKlIoPxJ68Ha4B3lh4ll86ViOZTA28WIcJi0PX5TbIVWKVfeMxBPuIrZSQOWhNRtR7Ta1HCxYPGQUmtDRkN', 'xuRIkqabFlVAY'),
(491, 'Qb7wZFezMKLj04FixbjUVtZjO', 'N3cNfFcbSc4SpPXc3jS6MfFpjT2AKU0aXUXSzzw7kqRuUZZN5Jq4AtT4EOVyvXuIKzheD1F6jdCHQVqu7ickQdesXrFfWQd8fXKb4pXeO5lAIjFA', 'ESG3hCmBpXcdF5btLHpwtc4qyF0alHp78c2A4Aqr3OOntwyzxkwLSCgolPiwA8yUgNwtwNcHoFDk5w0kuv220COjuwVmnxaxu2l5bpLDTLrGtm6'),
(492, 'BcMb7EEYN84oSmSN0yaV5DmGYGqN1Py8DzsrabQKSHzTFXuXwIjkXZGgTEbSzXbJwqQVXW2YRmExUMXoRtRe2cDSAkCc6uQtCXjYo5kjfGP708pdEuMLUKQNVbE23FzXwSSoXA5aTqYkVQ', 'YTKSe4WaG4dES3zIJfdPOaRauCf3FtlL1EDhDmS1GAlRvf3rwpBRC8rhCvae5rAcxIdQgnDUokn2PLak', '4vNZ4fbDn24PSgOfkmeOvkydkzMa1Hy78WcmLfZ2BUkRhqdoY5iv2B'),
(493, 'HLruUJ3Vkyh7BkJWUmQYyeAO5me7bSCmdIZfFXjanxFB4TJOlBwLcAPmXYDrbhdMoIFm6jwWBoufVmFoKW1XZom58DjraAQEDlsOW6zlljCKEyb', 'rAZigRWBk5s1UIg8Sj2xSdd03BmwqKyTccT', 'x86iO5sPk'),
(494, 'VtLKEeW1FL5oWyE', 'niWFoQtDtWwWVEhpDxWJZKRRW47q4y5NkN2gB662VViSyel5Jx7aHtZuv6MRUzIronwJN4e4tFP318kDlAk1nOBb8XG6SvnHLD6QAb1mJ4vpUftEdAibpzZINZCpo6DgfaPKK', 'OAb7XEuNONEX6yx'),
(495, 'ibjZMuLtnbsJYP1mJxKGhlliHuDEigRLekDyZdDM1MINa46Ac', 'phFRQDcNOeA2hp', 'frYGoXGgbFyKT4QsZuR7uEeROICf4RWUKDhw'),
(496, 'FrJ1fqyN4Tx8NIOSwkt7j3Urij12l5YwWNQlnr7zheW5Wr8VxRtVVF3Mj5xW3Liqw4KFGF0olwKzwpyXl5R0OunFoIPGfpe5BICe4p7vDuCETc83Wdkemb3GoMNv0jVp2e1GE3lM6F2hJFrw68YzSOe4CzX8zUixeqkX7aDkuLZozY5sDgdLZDdlKuSOe2tRDflJUaEariPs70IB3ymQ0UOELuoGlK34GHg0Piu24kowsweD30sScd', '5V2AQlNdzNOm', '8iDA7mJMlN1ZxyDIqRxr7ZZDoICFmja88lMzSbemDIZUAONDed37TD1PCAKgvb0afGx0bCWiz2SLHs2jqi6KKhBstsvKkK1rKgR271Z1WeZbhi6828YyoqM2V6vevhOQ05n4aJjf6AS1AZaneWlZn6NVPqPITgcdRK7h82MfHHq5HPHafo0sl3uR62aNseGzCb0wR'),
(497, 'NOcC5AenHrOFWJXbIdvSO0Pk3MxCRf5VuTS3Kf4sx2AYpQMOIKiGn3WCO1iFqFLvt05T3Yat1OjfVvZx8nQ4HAgOtSYKm4vaDwCQxRlWTu0d4jNclfbXP0qM4xhDnYUvdqbruTQ2RUy13CO1nG8wP6ReSmYwWKe2Kc7aOhvaeweO1xP6LMu7QT8VGjNTBSBvDdAecKThECfPHfGlhWTzanI3OmiUYs6y4kfxv', '3xeuTs8OKxWL0jw3XW3QLFzaJur2LgZIkVrbiOdjCpzUKQOS4FfqxjXsmir1Nc4I7fM', 'X3TurSchY3Pm54y0rXsGSO'),
(498, 'LsLPA7mKLRlNH0gP2AgaIv4yMbRDM4PsWx3Jc3ve3HM2nHjIqsmFObYMNfL7Ba82GGMEVqjpcgYsYuSlCb1SbML6BBZVTjxSOT6bdfYEBzz', 'y44m2dY6ffNy0MLRSl042rifgrLciPaur8I7HUJVASh0ycNpZEY4qnH6MLJff86UivIPqpfImVH7KVoZli4dNYn3xrQYi6RLMfDcxCc01p6yrwZ2ECE2MkYAlTaG2jP8D1k4L4VGTZp3WgGtzraFpRL0KaliHy5nJXDQCyKaafIpvtNWZZVSbLaXNNEvX7kXrTOIHALMr4PIzUa8QZNEBPQGhME1m1hKSBDEdJ3nGV6', '4qOW5ibbdTOp5jcaepQArPtMKYCM1WIV0lNzStvy7XtouZxXiInI4N25oylQNiQa2AX0G5xCtD2LbSMafaDWIKLW7l5HeJ2VMWryysOstaWvGBY74UA8oU8Sz7IbcJnWGNQNZEqPymSJs4dL8IJPKLKdNCRA2kH7luYSxYvLBgGGUd4qpUlQy2KRZzYFahPs182Czgw1YnbRAY6mzoZE5K'),
(499, 'h1t2o8rg7YDuntHr0yAqSSvKOnEjWCyuBFbz2TV4sWIGvLqg76vsBi41tm8uM3qA7wY4epppJ8G8klOteisere8jSROW3YATtUSx8CUFWUkYIPBXQs', 'aDI76NXWnHIay7cKAcE5kzYuPlgcs7zoArd7fbYjr4MonwpZftJ8shYfTEL46rjGBo0JT7rrEfwtiogYplhqGfitUZcm', 'Ob3L4LYRzBgP0IGFHRXNUf3hprO3Oj0W3UVXCxmqojDb5LCyAxeyQthGty6Xpnm1qfiXjYeap8WZlHbjkV0kqIhB4r1gRObt'),
(500, 'YPqjEGhpSjYPcDHJESaTXXMX4vmzcgaZeLh3JfK01yYoYXOzII8miktAH1zadI7BwwJOehhuOjEoVd', 'uVMnYb4wEmf3lmeqEh0q3F8ZGIAyESTyIUII0DREQlAoCtPRgiWk0ehjxBdrBhxHGGPqZjczPAS3nudcuO4iAwUo8cG7DXID6JBMZeAL8AjwZhegDucRAZ5NEz2niuiHTJ5UJ83eXL5lpinEM1D1OHhrA2g1hqojNzPqKUSVwEmRLuJyzOIdTF2Jlxm0Ce1Y8ChJovKX3c0jcWTNo', 'M0DC11W8UXsDLjS1xQFIV2PeVzGgIp0jtGTU226kt8X8fyCqiYuEixsgdfexHsDOZ11JkhZL61UawdyiVKHNAW4LmUJR2CtldjBnqHC3');

-- --------------------------------------------------------

--
-- Table structure for table `class_session`
--

CREATE TABLE IF NOT EXISTS `class_session` (
  `class_session_id` int(11) NOT NULL AUTO_INCREMENT,
  `hour` int(11) DEFAULT NULL,
  `course_id` varchar(255) DEFAULT NULL,
  `staff_id` int(11) DEFAULT NULL,
  `timetable_id` int(11) DEFAULT NULL,
  PRIMARY KEY (`class_session_id`),
  UNIQUE KEY `UK_fql1vg2lchqvvcknknbmq77q9` (`timetable_id`,`hour`),
  KEY `FK_s0dl93gpb1ekr5a7kpo69uhf7` (`course_id`),
  KEY `FK_hhp3qese915i166iy7svk9039` (`staff_id`),
  KEY `FK_127vdodvokdbu5onvabnuo0r8` (`timetable_id`)
) ENGINE=InnoDB  DEFAULT CHARSET=latin1 AUTO_INCREMENT=421 ;

--
-- Dumping data for table `class_session`
--

INSERT INTO `class_session` (`class_session_id`, `hour`, `course_id`, `staff_id`, `timetable_id`) VALUES
(1, 1, '0187XN', 1, 30),
(2, 2, '0250AE', 87, 39),
(3, 3, '0351KV', 344, 95),
(4, 4, '0479WW', 368, 96),
(5, 5, '0494AL', 418, 392),
(6, 6, '0519NC', 457, 2),
(7, 7, '0645UX', 90, 4),
(8, 1, '0705RS', 489, 14),
(9, 2, '0881WO', 168, 41),
(10, 3, '1120AO', 447, 45),
(11, 4, '1174EQ', 419, 53),
(12, 5, '1399ZT', 172, 15),
(13, 6, '1428WK', 237, 27),
(14, 7, '1702ZN', 485, 60),
(15, 1, '1830GX', 372, 61),
(16, 2, '1843JH', 497, 65),
(17, 3, '2036DW', 458, 82),
(18, 4, '2302US', 492, 9),
(19, 5, '2316ML', 241, 33),
(20, 6, '2434YU', 351, 74),
(21, 7, '2473PB', 286, 87),
(22, 1, '2616EG', 452, 115),
(23, 2, '2706NF', 183, 228),
(24, 3, '2796MR', 30, 35),
(25, 4, '2923ZH', 31, 51),
(26, 5, '3131ZE', 474, 52),
(27, 6, '3180IA', 110, 76),
(28, 7, '3350ZA', 289, 98),
(29, 1, '3360UH', 291, 246),
(30, 2, '3454CP', 111, 5),
(31, 3, '3630IX', 354, 10),
(32, 4, '3822IX', 187, 25),
(33, 5, '3968MP', 292, 44),
(34, 6, '3980HF', 293, 68),
(35, 7, '4193VV', 116, 162),
(36, 1, '4207MU', 189, 11),
(37, 2, '4289OO', 250, 12),
(38, 3, '4607JD', 439, 19),
(39, 4, '4695KA', 192, 22),
(40, 5, '4710LI', 355, 40),
(41, 6, '4842NC', 494, 66),
(42, 7, '4867FO', 397, 1),
(43, 1, '4928KS', 252, 3),
(44, 2, '4960TJ', 427, 31),
(45, 3, '4974MO', 122, 47),
(46, 4, '5100KF', 49, 58),
(47, 5, '5247QO', 194, 70),
(48, 6, '5540KP', 298, 24),
(49, 7, '5739CN', 357, 56),
(50, 1, '5918HX', 299, 78),
(51, 2, '6039MR', 453, 100),
(52, 3, '6092HN', 256, 119),
(53, 4, '6190TX', 499, 231),
(54, 5, '6208QF', 129, 6),
(55, 6, '6266GL', 442, 7),
(56, 7, '6362CL', 200, 8),
(57, 1, '6391OQ', 400, 28),
(58, 2, '6500PD', 57, 89),
(59, 3, '6616DX', 329, 120),
(60, 4, '6654VV', 380, 13),
(61, 5, '6707JW', 358, 30),
(62, 6, '6807RE', 359, 39),
(63, 7, '6913EA', 62, 95),
(64, 1, '7043LY', 264, 96),
(65, 2, '7161NA', 141, 392),
(66, 3, '7308EL', 142, 2),
(67, 4, '7318PG', 445, 4),
(68, 5, '7546TV', 144, 14),
(69, 6, '7623IZ', 266, 41),
(70, 7, '7657FB', 69, 45),
(71, 1, '7794QZ', 148, 53),
(72, 2, '7940HX', 385, 15),
(73, 3, '8034LT', 413, 27),
(74, 4, '8063RC', 435, 60),
(75, 5, '8226FM', 271, 61),
(76, 6, '8303NL', 73, 65),
(77, 7, '8446QO', 414, 82),
(78, 1, '8560IX', 336, 9),
(79, 2, '8583PF', 74, 33),
(80, 3, '8754ZS', 219, 74),
(81, 4, '8930UJ', 75, 87),
(82, 5, '8944FQ', 446, 115),
(83, 6, '8952DT', 274, 228),
(84, 7, '9033NF', 415, 35),
(85, 1, '9037CD', 275, 51),
(86, 2, '9068TT', 468, 52),
(87, 3, '9289UF', 276, 76),
(88, 4, '9472YN', 436, 98),
(89, 5, '9600LB', 404, 246),
(90, 6, '9869EP', 157, 5),
(91, 7, '0056DO', 82, 10),
(92, 1, '0210KX', 228, 25),
(93, 2, '0350JC', 340, 44),
(94, 3, '0406SD', 315, 68),
(95, 4, '0476IN', 163, 162),
(96, 5, '0570NC', 367, 11),
(97, 6, '0588ZB', 418, 12),
(98, 7, '0717QY', 166, 19),
(99, 1, '0868PG', 167, 22),
(100, 2, '1001OF', 391, 40),
(101, 3, '1183CK', 168, 66),
(102, 4, '1237IJ', 92, 1),
(103, 5, '1445NM', 234, 3),
(104, 6, '1533JI', 317, 31),
(105, 7, '1688RW', 318, 47),
(106, 1, '1831VG', 170, 58),
(107, 2, '1843JH', 171, 70),
(108, 3, '2036DW', 172, 24),
(109, 4, '2265MB', 13, 56),
(110, 5, '2452YW', 349, 78),
(111, 6, '2497NJ', 283, 100),
(112, 7, '2616BX', 174, 119),
(113, 1, '2768KB', 99, 231),
(114, 2, '2778BT', 16, 6),
(115, 3, '2902FT', 285, 7),
(116, 4, '2931AG', 177, 8),
(117, 5, '3023HX', 23, 28),
(118, 6, '3109HA', 24, 89),
(119, 7, '3222SP', 242, 120),
(120, 1, '3334XM', 25, 13),
(121, 2, '3360UH', 451, 30),
(122, 3, '3476EQ', 352, 39),
(123, 4, '3476SF', 472, 95),
(124, 5, '3646SS', 376, 96),
(125, 6, '3822BN', 498, 392),
(126, 7, '3935JD', 30, 2),
(127, 1, '4041QE', 423, 4),
(128, 2, '4123WE', 33, 14),
(129, 3, '4266UX', 34, 41),
(130, 4, '4281VI', 35, 45),
(131, 5, '4414NY', 246, 53),
(132, 6, '4582IS', 112, 15),
(133, 7, '4708ZV', 114, 27),
(134, 1, '4732RH', 396, 60),
(135, 2, '4785GH', 115, 61),
(136, 3, '4866UK', 293, 65),
(137, 4, '4910YF', 116, 82),
(138, 5, '4960JP', 189, 9),
(139, 6, '5046WB', 250, 33),
(140, 7, '5100KF', 43, 74),
(141, 1, '5188SI', 45, 87),
(142, 2, '5247QO', 46, 115),
(143, 3, '5540KP', 47, 228),
(144, 4, '5824DG', 123, 35),
(145, 5, '6039MR', 327, 51),
(146, 6, '6092HN', 50, 52),
(147, 7, '6121LT', 453, 76),
(148, 1, '6225MI', 52, 98),
(149, 2, '6338UR', 197, 246),
(150, 3, '6362CL', 53, 5),
(151, 4, '6579AI', 301, 10),
(152, 5, '6647GC', 198, 25),
(153, 6, '6715JF', 441, 44),
(154, 7, '6814UG', 55, 68),
(155, 1, '6823XH', 199, 162),
(156, 2, '6971QJ', 259, 11),
(157, 3, '6994MX', 56, 12),
(158, 4, '7221QR', 329, 19),
(159, 5, '7286QA', 464, 22),
(160, 6, '7428JZ', 380, 40),
(161, 7, '7546TV', 330, 66),
(162, 1, '7644YD', 61, 1),
(163, 2, '7657FB', 205, 3),
(164, 3, '7836VJ', 139, 31),
(165, 4, '8032VK', 331, 47),
(166, 5, '8089SY', 141, 58),
(167, 6, '8097LY', 333, 70),
(168, 7, '8306WA', 66, 24),
(169, 1, '8313VC', 144, 56),
(170, 2, '8446QO', 382, 78),
(171, 3, '8560IX', 383, 100),
(172, 4, '8754ZS', 268, 119),
(173, 5, '8804SL', 385, 231),
(174, 6, '8944FQ', 269, 6),
(175, 7, '8952DT', 435, 7),
(176, 1, '9033NF', 272, 8),
(177, 2, '9208YY', 218, 28),
(178, 3, '9393QH', 312, 89),
(179, 4, '9592SS', 151, 120),
(180, 5, '9741BB', 220, 13),
(181, 6, '9820EZ', 478, 30),
(182, 7, '9978OQ', 468, 39),
(183, 1, '0171ZS', 404, 95),
(184, 2, '0319JS', 157, 96),
(185, 3, '0447SG', 339, 392),
(186, 4, '0588ZB', 158, 2),
(187, 5, '0604RU', 365, 4),
(188, 6, '0654OQ', 229, 14),
(189, 7, '0783BM', 315, 41),
(190, 1, '0930KO', 86, 45),
(191, 2, '0968EP', 164, 53),
(192, 3, '1106AH', 344, 15),
(193, 4, '1250LA', 89, 27),
(194, 5, '1339ZT', 6, 60),
(195, 6, '1351SY', 166, 61),
(196, 7, '1428WK', 489, 65),
(197, 1, '1666NZ', 91, 82),
(198, 2, '1805LT', 370, 9),
(199, 3, '1831VG', 471, 33),
(200, 4, '2031AP', 234, 74),
(201, 5, '2265MB', 483, 87),
(202, 6, '2343FU', 94, 115),
(203, 7, '2452YW', 172, 228),
(204, 1, '2597WJ', 237, 35),
(205, 2, '2703LA', 15, 51),
(206, 3, '2706NF', 99, 52),
(207, 4, '2862DD', 16, 76),
(208, 5, '2902FT', 100, 98),
(209, 6, '3051WK', 285, 246),
(210, 7, '3161XV', 373, 5),
(211, 1, '3185YF', 406, 10),
(212, 2, '3264EO', 241, 25),
(213, 3, '3397WK', 395, 44),
(214, 4, '3476EQ', 25, 68),
(215, 5, '3499UB', 180, 162),
(216, 6, '3803MH', 286, 11),
(217, 7, '3839ZI', 182, 12),
(218, 1, '3935JD', 243, 19),
(219, 2, '4019XI', 498, 22),
(220, 3, '4193VV', 184, 40),
(221, 4, '4281VI', 31, 66),
(222, 5, '4414NY', 186, 1),
(223, 6, '4676KK', 245, 3),
(224, 7, '4785GH', 34, 31),
(225, 1, '4857EP', 465, 47),
(226, 2, '4928KS', 323, 58),
(227, 3, '4964KD', 187, 70),
(228, 4, '5022TM', 113, 24),
(229, 5, '5070WM', 37, 56),
(230, 6, '5227QG', 424, 78),
(231, 7, '5247QO', 248, 100),
(232, 1, '5296ZB', 425, 119),
(233, 2, '5298FT', 116, 231),
(234, 3, '5432WP', 117, 6),
(235, 4, '5739CN', 118, 7),
(236, 5, '5966NW', 251, 8),
(237, 6, '6096MR', 44, 28),
(238, 7, '6097NS', 399, 89),
(239, 1, '6207EB', 409, 120),
(240, 2, '6250SM', 297, 13),
(241, 3, '6250ZO', 194, 30),
(242, 4, '6391OQ', 357, 39),
(243, 5, '6500PD', 51, 95),
(244, 6, '6542EU', 127, 96),
(245, 7, '6695DQ', 197, 392),
(246, 1, '6739YM', 441, 2),
(247, 2, '6823XH', 129, 4),
(248, 3, '7011OU', 442, 14),
(249, 4, '7221QR', 200, 41),
(250, 5, '7318PG', 400, 45),
(251, 6, '7595SF', 58, 53),
(252, 7, '7683XL', 201, 15),
(253, 1, '7915TL', 202, 27),
(254, 2, '8021LE', 60, 60),
(255, 3, '8155QV', 203, 61),
(256, 4, '8226FM', 61, 65),
(257, 5, '8405UA', 62, 82),
(258, 6, '8427HC', 63, 9),
(259, 7, '8482AS', 412, 33),
(260, 1, '8537QE', 141, 74),
(261, 2, '8756JO', 308, 87),
(262, 3, '8905NA', 433, 115),
(263, 4, '8999ZA', 144, 228),
(264, 5, '9045II', 310, 35),
(265, 6, '9117TQ', 145, 51),
(266, 7, '9208YY', 311, 52),
(267, 1, '9254JW', 69, 76),
(268, 2, '9403YR', 434, 98),
(269, 3, '9513NB', 214, 246),
(270, 4, '9545WO', 271, 5),
(271, 5, '9572DY', 273, 10),
(272, 6, '9869EP', 336, 25),
(273, 7, '9872AV', 151, 44),
(274, 1, '0111AV', 478, 68),
(275, 2, '0210RD', 468, 162),
(276, 3, '0290TQ', 436, 11),
(277, 4, '0355DE', 437, 12),
(278, 5, '0426BW', 365, 19),
(279, 6, '0537UQ', 82, 22),
(280, 7, '0645UX', 160, 40),
(281, 1, '0875AQ', 161, 66),
(282, 2, '0930KO', 2, 1),
(283, 3, '0992SO', 230, 3),
(284, 4, '1107YG', 342, 31),
(285, 5, '1250LA', 164, 47),
(286, 6, '1449FC', 3, 58),
(287, 7, '1688RW', 368, 70),
(288, 1, '1805LT', 345, 24),
(289, 2, '1923HH', 418, 56),
(290, 3, '1939IF', 90, 78),
(291, 4, '2165RG', 390, 100),
(292, 5, '2343FU', 391, 119),
(293, 6, '2479OI', 438, 231),
(294, 7, '2497NJ', 447, 6),
(295, 1, '2644IP', 317, 7),
(296, 2, '2854SD', 483, 8),
(297, 3, '2899CM', 281, 28),
(298, 4, '3023HX', 95, 89),
(299, 5, '3051WK', 96, 120),
(300, 6, '3131ZE', 282, 13),
(301, 7, '3264EO', 173, 30),
(302, 1, '3348MY', 319, 39),
(303, 2, '3397WK', 14, 95),
(304, 3, '3476SF', 421, 96),
(305, 4, '3659IQ', 284, 392),
(306, 5, '3822IX', 17, 2),
(307, 6, '3911JD', 19, 4),
(308, 7, '3935JD', 458, 14),
(309, 1, '4081FB', 450, 41),
(310, 2, '4193VV', 459, 45),
(311, 3, '4272ZZ', 105, 53),
(312, 4, '4319QV', 352, 15),
(313, 5, '4607JD', 353, 27),
(314, 6, '4710LI', 243, 60),
(315, 7, '4866UK', 493, 61),
(316, 1, '4928KS', 29, 65),
(317, 2, '4959CB', 322, 82),
(318, 3, '4964KD', 287, 9),
(319, 4, '5012GA', 185, 33),
(320, 5, '5188SI', 460, 74),
(321, 6, '5218GB', 290, 87),
(322, 7, '5298FT', 245, 115),
(323, 1, '5558GI', 465, 228),
(324, 2, '5863DO', 324, 35),
(325, 3, '5918HX', 326, 51),
(326, 4, '6024EK', 424, 52),
(327, 5, '6082NQ', 294, 76),
(328, 6, '6132PE', 467, 98),
(329, 7, '6225MI', 192, 246),
(330, 1, '6243VE', 486, 5),
(331, 2, '6338UR', 119, 10),
(332, 3, '6419WK', 45, 25),
(333, 4, '6630NH', 46, 44),
(334, 5, '6702OH', 122, 68),
(335, 6, '6715JF', 253, 162),
(336, 7, '6961SD', 123, 11),
(337, 1, '7043LY', 297, 12),
(338, 2, '7221QR', 429, 19),
(339, 3, '7275ZI', 299, 22),
(340, 4, '7315HF', 462, 40),
(341, 5, '7540SO', 54, 66),
(342, 6, '7624TQ', 499, 1),
(343, 7, '7644YD', 55, 3),
(344, 1, '7654BT', 200, 31),
(345, 2, '7744YQ', 400, 47),
(346, 3, '7836VJ', 411, 58),
(347, 4, '7970EP', 431, 70),
(348, 5, '8034LT', 464, 24),
(349, 6, '8155QV', 380, 56),
(350, 7, '8194KG', 60, 78),
(351, 1, '8226FM', 136, 100),
(352, 2, '8303NL', 137, 119),
(353, 3, '8427HC', 360, 231),
(354, 4, '8537QE', 139, 6),
(355, 5, '8756JO', 331, 7),
(356, 6, '8804SL', 333, 8),
(357, 7, '8944FQ', 211, 28),
(358, 1, '9033NF', 212, 89),
(359, 2, '9068TT', 310, 120),
(360, 3, '9118YQ', 69, 13),
(361, 4, '9373PR', 146, 30),
(362, 5, '9545WO', 213, 39),
(363, 6, '9623VS', 214, 95),
(364, 7, '9890DJ', 435, 96),
(365, 1, '0013VM', 271, 392),
(366, 2, '0162CU', 216, 2),
(367, 3, '0250AE', 273, 4),
(368, 4, '0304BI', 403, 14),
(369, 5, '0355DE', 446, 41),
(370, 6, '0493TY', 456, 45),
(371, 7, '0588ZB', 275, 53),
(372, 1, '0637HX', 469, 15),
(373, 2, '0645UX', 224, 27),
(374, 3, '0717QY', 338, 60),
(375, 4, '0783BM', 364, 61),
(376, 5, '0930KO', 157, 65),
(377, 6, '1107YG', 158, 82),
(378, 7, '1334XX', 226, 9),
(379, 1, '1449FC', 81, 33),
(380, 2, '1666NZ', 227, 74),
(381, 3, '1688RW', 229, 87),
(382, 4, '1702ZN', 161, 115),
(383, 5, '1803EP', 87, 228),
(384, 6, '1805LT', 231, 35),
(385, 7, '1939IF', 4, 51),
(386, 1, '2077NX', 345, 52),
(387, 2, '2302US', 7, 76),
(388, 3, '2473PB', 8, 98),
(389, 4, '2616EG', 169, 246),
(390, 5, '2665NV', 483, 5),
(391, 6, '2703LA', 318, 10),
(392, 7, '2807AF', 96, 25),
(393, 1, '2904SL', 237, 44),
(394, 2, '2911OQ', 14, 68),
(395, 3, '2923ZH', 238, 162),
(396, 4, '3131ZE', 485, 11),
(397, 5, '3161XV', 100, 12),
(398, 6, '3229MQ', 497, 19),
(399, 7, '3246DY', 176, 22),
(400, 1, '3360UH', 103, 40),
(401, 2, '3499UB', 393, 66),
(402, 3, '3522JZ', 241, 1),
(403, 4, '3549CB', 395, 3),
(404, 5, '3822IX', 352, 31),
(405, 6, '3863TM', 182, 47),
(406, 7, '4000NH', 27, 58),
(407, 1, '4193VV', 493, 70),
(408, 2, '4292HQ', 30, 24),
(409, 3, '4607JD', 473, 56),
(410, 4, '4676KK', 288, 78),
(411, 5, '4857EP', 32, 100),
(412, 6, '4904PZ', 34, 119),
(413, 7, '4960JP', 36, 231),
(414, 1, '4960TJ', 113, 6),
(415, 2, '5046WB', 326, 7),
(416, 3, '5188SI', 294, 8),
(417, 4, '5346KX', 425, 28),
(418, 5, '5611VG', 39, 89),
(419, 6, '5753JJ', 190, 120),
(420, 7, '5932TJ', 192, 13);

-- --------------------------------------------------------

--
-- Table structure for table `course`
--

CREATE TABLE IF NOT EXISTS `course` (
  `course_code` varchar(255) NOT NULL,
  `course_name` varchar(255) NOT NULL,
  PRIMARY KEY (`course_code`)
) ENGINE=InnoDB DEFAULT CHARSET=latin1;

--
-- Dumping data for table `course`
--

INSERT INTO `course` (`course_code`, `course_name`) VALUES
('0013VM', 'Small Intestinal Endoscopy (Balloon Endoscopy)'),
('0026WG', 'Mean Platelet Volume (Complete Blood Count)'),
('0037FG', 'GTT (Glucose Tolerance Test)'),
('0056DO', 'Fluorescent Antinuclear Antibody (Antinuclear Antibody)'),
('0111AV', 'Transcutaneous Electrical Nerve Stimulation'),
('0143CE', 'Prophylactic Mastectomy (Preventive Mastectomy)'),
('0162CU', 'Seizure Test (EEG - Electroencephalogram)'),
('0171ZS', 'Chemotherapy Treatment for Breast Cancer'),
('0173PL', 'ECG (Electrocardiogram (ECG or EKG))'),
('0178ZK', 'Vacuum Assisted Breast Biopsy (Breast Biopsy)'),
('0187XN', 'Erythropheresis (Hemapheresis)'),
('0210KX', 'LTK Laser Eye Surgery'),
('0210RD', 'M2 Antigen (Antimitochondrial Antibodies)'),
('0250AE', 'Joint Injection (Joint Aspiration)'),
('0290TQ', 'Otoplasty'),
('0304BI', 'Plan B Contraception (Contraceptive Measures After Unprotected Sex)'),
('0317FU', 'EA (Endometrial Ablation)'),
('0319JS', 'Thecal Puncture (Lumbar Puncture)'),
('0327NP', 'Pulse Oximetry (Oximetry)'),
('0350JC', 'Left Ventricular Assist Device (LVAD)'),
('0351KV', 'Transfusion'),
('0355DE', 'Mammogram'),
('0362TF', 'Sed Rate (Sedimentation Rate)'),
('0406SD', 'Laparoscopy-Assisted Vaginal Hysterectomy (Hysterectomy)'),
('0426BW', 'Endoscopy'),
('0436BE', 'Breast Reconstruction Without Implants'),
('0442OQ', 'Multiple Subpial Transection'),
('0447SG', 'Kidney Function (Creatinine Blood Test)'),
('0476IN', 'Peripheral Blood Stem Cell Transplant'),
('0479WW', 'Plastic Surgery'),
('0493TY', 'Creatinine Blood Test'),
('0494AL', 'Douche'),
('0508YG', 'Sterilization'),
('0519NC', 'CABG (Coronary Artery Bypass Graft)'),
('0537UQ', 'Thallium (Nuclear) (Exercise Stress Test)'),
('0544BB', 'Monitoring'),
('0570NC', 'Lumbar Spinal Fusion (Minimally Invasive Lumbar Spinal Fusion)'),
('0588ZB', 'Childhood Vaccination Schedule'),
('0593RE', 'Cortisone Injection'),
('0604RU', 'Parenting Classes (Pregnancy: Birthing and Parenting Classes)'),
('0630OH', 'Cheek Implant (Chin'),
('0637HX', 'EUS (Endoscopic Ultrasound)'),
('0643XG', 'Potassium (Electrolytes)'),
('0645UX', 'AST Test (Liver Blood Tests)'),
('0654OQ', 'Bone Marrow Transplant (Peripheral Blood Stem Cell Transplant)'),
('0705RS', 'Creatinine Blood Test'),
('0717QY', 'Penis Prosthesis'),
('0758QL', 'Glucose Tolerance Test'),
('0783BM', 'CVS (Chorionic Villus Sampling)'),
('0827DG', 'Cesarean Birth (C-Section (Cesarean Birth))'),
('0841WA', 'Enema'),
('0845UY', 'Biopsy'),
('0868PG', 'Breast Augmentation'),
('0875AQ', 'Lower GI (Barium Enema)'),
('0881WO', 'Small Intestine Resction (Bowel Diversion Surgery Ileostomy'),
('0930KO', 'Valve'),
('0968EP', 'Thyroid Peroxidase Autoantibody Test (Thyroid Peroxidase Test)'),
('0975PS', 'Clitoral Therapy Device'),
('0992SO', 'Electromyogram'),
('1001OF', 'Breast Reconstruction'),
('1026BR', 'Photorefractive Keratectomy'),
('1034IP', 'Photorefractive Keratectomy'),
('1106AH', 'Surgery Questions'),
('1107YG', 'Sigmoidoscopy (Flexible Sigmoidoscopy)'),
('1120AO', 'Oximetry'),
('1147ZJ', 'preoperative questions (Surgery Questions)'),
('1161AL', 'Colostomy: A Patient''s Perspective'),
('1174EQ', 'Somnoplasty'),
('1183CK', 'Vaginal Hysterectomy (Laparoscopically Assisted Vaginal Hysterectomy)'),
('1237IJ', 'Ear'),
('1250LA', 'Mean Cell Volume (Complete Blood Count)'),
('1261UI', 'Esophageal pH Monitoring'),
('1334XX', 'Hemoglobin (Complete Blood Count)'),
('1339ZT', 'Pneumococcal Vaccination'),
('1346VP', 'EKG (Electrocardiogram (ECG or EKG))'),
('1351SY', 'Caring for Your Dentures'),
('1355CZ', 'pH Monitoring'),
('1399ZT', 'Gallbladder Scan (Cholescintigraphy)'),
('1428WK', 'Lip Augmentation'),
('1445NM', 'Ileostomy (Caring for a Continent Ileostomy)'),
('1449FC', 'Lower GI (Barium Enema)'),
('1508IC', 'Eyelid Surgery (Blepharoplasty (Eyelid Surgery))'),
('1520MG', 'Liver Enzymes (Liver Blood Tests)'),
('1525JU', 'Intrauterine Device (IUD)'),
('1533JI', 'Vaginal Birth after C-Section (C-Section (Cesarean Birth))'),
('1666NZ', 'Epilepsy Surgery (Surgical Options for Epilepsy)'),
('1688RW', 'Core Needle Breast Biopsy (Breast Biopsy)'),
('1692QJ', 'Cervical Cap (Barrier Methods of Birth Control)'),
('1702ZN', 'Adenoidectomy Surgical Instructions'),
('1728YY', 'Endoscopic Ultrasound'),
('1768NF', 'Decalcification (Heart Valve Disease Treatment)'),
('1779NN', 'ICD (Implantable Cardiac Defibrillator)'),
('1780WY', 'Transjugular Intrahepatic Portosystemic Shunt'),
('1803EP', 'Ear'),
('1805LT', 'Hormone Replacement Therapy (Hormone Therapy)'),
('1830GX', 'Breast Biopsy'),
('1831VG', 'Labor and Delivery'),
('1843JH', 'Transcutaneous Electrical Nerve Stimulation'),
('1846ZN', 'Breast Cancer Follow-Up Self-Exam'),
('1875LT', 'CAT Scan'),
('1889IR', 'Breast Reconstruction'),
('1923HH', 'Salpingo-Oophorectomy (Hysterectomy)'),
('1939IF', 'Electrocardiogram (ECG or EKG)'),
('2005YP', 'Liver Enzymes (Liver Blood Tests)'),
('2031AP', 'ERCP'),
('2036DW', 'Flexible Sigmoidoscopy'),
('2077NX', 'Arthrocentesis (Joint Aspiration)'),
('2130XP', 'Womb Biopsy (Endometrial Biopsy)'),
('2146IU', 'Silicone Joint Replacement (Joint Replacement Surgery Of The Hand)'),
('2165RG', 'NCV (Nerve Conduction Velocity Test)'),
('2265MB', 'Stress Throat Test'),
('2272HT', 'Jaw Implant (Chin'),
('2302US', 'Analysis of Urine (Urinalysis)'),
('2316ML', 'Seizure Test (EEG - Electroencephalogram)'),
('2322UC', 'Tonometry'),
('2343FU', 'Birth Control Pills (Hormonal Methods of Birth Control)'),
('2345KQ', 'Cosmetic Surgery (Face Lift)'),
('2403BE', 'Tattoo Removal'),
('2434YU', 'Islet Cell Transplantation'),
('2452YW', 'Immunizations'),
('2473PB', 'Valve'),
('2479OI', 'ICD (Implantable Cardiac Defibrillator)'),
('2497NJ', 'Plateletcytapheresis (Hemapheresis)'),
('2515UE', 'Thyroid Needle Biopsy (Fine-Needle Aspiration Biopsy of the Thyroid)'),
('2541IZ', 'Manometry'),
('2544ZK', 'Blue Light Therapy (Photodynamic Therapy)'),
('2597WJ', 'Cryotherapy'),
('2610XF', 'ESR (Sedimentation Rate)'),
('2616BX', 'Cesarean Birth (C-Section (Cesarean Birth))'),
('2616EG', 'Mean Platelet Volume (Complete Blood Count)'),
('2644IP', 'Marrow Transplant (Peripheral Blood Stem Cell Transplant)'),
('2665NV', 'LASIK (LASIK Eye Surgery)'),
('2695GA', 'Test'),
('2703LA', 'Exercise Cardiac Stress Test (Coronary Artery Disease Screening Tests (CAD))'),
('2706NF', 'Arthroplasty (Joint Replacement Surgery Of The Hand)'),
('2742HY', 'Botox Treatment'),
('2768KB', 'OT for Arthritis (Arthritis Physical and Occupational Therapy)'),
('2778BT', 'Dental Care (Teeth and Gum Care)'),
('2796MR', 'Douche'),
('2807AF', 'Citrulline Antibody'),
('2854SD', 'Stomach Bypass (Gastric Bypass Surgery)'),
('2857CQ', 'Episiotomy'),
('2862DD', 'CT Colonosopy (Virtual Colonoscopy)'),
('2865VH', 'Mammogram'),
('2899CM', 'Nerve Blocks'),
('2902FT', 'AST Test (Liver Blood Tests)'),
('2904SL', 'Astigmatic Keratotomy Eye Surgery'),
('2911OQ', 'Adenosine (Exercise Stress Test)'),
('2923ZH', 'Partial Hysterectomy (Hysterectomy)'),
('2931AG', 'Treadmill Stress Test (Exercise Stress Test)'),
('2943JK', 'Extratemporal Cortical Resection'),
('3021SS', 'Face Lift'),
('3023HX', 'EGD (Endoscopy)'),
('3043IM', 'Extratemporal Cortical Resection'),
('3051WK', 'Breast Augmentation'),
('3066OS', 'pre-op questions (Surgery Questions)'),
('3109HA', 'Transfusion'),
('3131ZE', 'Echogram (Ultrasound)'),
('3144OZ', 'Snoring Surgery (Somnoplasty)'),
('3161XV', 'Barrier Methods of Birth Control'),
('3180IA', 'Bicarbonate (Electrolytes)'),
('3185YF', 'Liposculpture (Liposuction)'),
('3222SP', 'Multiple Subpial Transection'),
('3229MQ', 'Ileostomy (Caring for a Continent Ileostomy)'),
('3246DY', 'Turbinectomy (Nasal Airway Surgery)'),
('3264EO', 'ERG (Electroretinography)'),
('3334XM', 'Developmental Screening'),
('3348MY', 'GERD Surgery (Fundoplication)'),
('3350ZA', 'Endometrial Biopsy'),
('3360UH', 'Kidney Function (Creatinine Blood Test)'),
('3397WK', 'Cystic Fibrosis Test (Sweat Chloride Test)'),
('3403OO', 'Nerve Conduction Velocity Test'),
('3438QH', 'Urinalysis'),
('3454CP', 'Trigger Point Injection'),
('3472FT', 'Echocardiogram'),
('3476EQ', 'Stool Test'),
('3476SF', 'Myocardial Biopsy'),
('3499UB', 'C-Section (Cesarean Birth)'),
('3522JZ', 'childhood immunization schedule (Childhood Vaccination Schedule)'),
('3549CB', 'Sutures (Stitches)'),
('3623KD', 'ERCP'),
('3630IX', 'Gallbladder Scan (Cholescintigraphy)'),
('3646SS', 'Electroretinography'),
('3659IQ', 'Electrothermal Therapy (Transcutaneous Electrical Nerve Stimulation)'),
('3717OM', 'Surgery Questions'),
('3803MH', 'Prostate Cancer Screening'),
('3818KM', 'Breast Implants (Breast Augmentation)'),
('3821BN', 'Basal Body Temperature Method of Birth Control (Natural Methods of Birth Control)'),
('3822BN', 'Dental Care (Teeth and Gum Care)'),
('3822IX', 'Cosmetic Surgery'),
('3833FI', 'Transvenous Liver Biopsy (Liver Biopsy)'),
('3839ZI', 'Bioelectric Therapy'),
('3863TM', 'Suction Assisted Lipoplasty (Lipoplasty (Ultrasonic Assisted))'),
('3897LC', 'Pap Test (Pap Smear)'),
('3911JD', 'Occupational Therapy for Arthritis (Arthritis Physical and Occupational Therapy)'),
('3928LK', 'Cortisone Injection'),
('3929GU', 'Jaw Implant (Chin'),
('3935JD', 'IVC (Intravenous Cholangiogram)'),
('3955HG', 'Stress Echocardiogram (Coronary Artery Disease Screening Tests (CAD))'),
('3968MP', 'Fluorescent Antinuclear Antibody (Antinuclear Antibody)'),
('3980HF', 'Endoscopic Retrograde Cholangio-Pancreatography (ERCP)'),
('4000NH', 'Ultrasonography (Ultrasound)'),
('4019XI', 'Upper GI Series'),
('4041QE', 'Immunotherapy (Biological Therapy)'),
('4080PE', 'Stress Echocardiogram (Coronary Artery Disease Screening Tests (CAD))'),
('4081FB', 'Tilt-table Test'),
('4109GZ', 'ECG (Electrocardiogram (ECG or EKG))'),
('4123WE', 'Endotracheal Intubation'),
('4162WE', 'Hysterectomy'),
('4179BU', 'Diaphragm (Birth Control) (Barrier Methods of Birth Control)'),
('4193VV', 'Joint Replacement Surgery Of The Hand'),
('4207MU', 'Injection'),
('4228BE', 'Breast Reconstruction Without Implants'),
('4239XY', 'Chiropractic (Alternative Medicine)'),
('4266UX', 'Surgery Questions'),
('4269DZ', 'Stool Acidity Test'),
('4272ZZ', 'Endoscopy'),
('4281VI', 'Lymph Node Biopsy'),
('4283OL', 'Computerized Axial Tomography (CAT Scan)'),
('4289OO', 'Blue Light Therapy (Photodynamic Therapy)'),
('4292HQ', 'Ultrafast CT (Electron Beam Computerized Tomography)'),
('4302GK', 'Intrauterine Device (IUD)'),
('4319QV', 'Abdominoplasty (Tummy Tuck ( Abdominoplasty))'),
('4349KR', 'Prostate Cancer Screening'),
('4414NY', 'Laparoscopy-Assisted Vaginal Hysterectomy (Hysterectomy)'),
('4512KC', 'Fine Needle Aspiration Breast Biopsy (Breast Biopsy)'),
('4530HT', 'Tumor Necrosis Factor (Biological Therapy)'),
('4582IS', 'Immunizations'),
('4607JD', 'Esophageal pH Monitoring'),
('4624GT', 'Heart Lead Extraction'),
('4630NH', 'Pheresis (Hemapheresis)'),
('4656PK', 'Dental Bridges (Bridges)'),
('4668RA', 'Adenoidectomy (Tonsillectomy)'),
('4676KK', 'Vaccination'),
('4679AN', 'Cosmetic Surgery'),
('4695KA', 'Bicarbonate (Electrolytes)'),
('4708ZV', 'Electrogastrogram'),
('4710LI', 'Partial Dentures (Dentures)'),
('4732RH', 'Hysterectomy'),
('4769WA', 'Occult Fecal Blood Test (Fecal Occult Blood Tests)'),
('4785GH', 'Electrolysis'),
('4801HH', 'Mucus Inspection Method of Birth Control (Natural Methods of Birth Control)'),
('4842NC', 'Endoscopic Retrograde Cholangio-Pancreatography (ERCP)'),
('4857EP', 'Percutaneous Endoscopic Gastrostomy'),
('4866UK', 'Chest X-ray'),
('4867FO', 'Electrocardiogram (ECG or EKG)'),
('4877DE', 'Enteroscopy'),
('4880TC', 'Microdermabrasion (Dermabrasion)'),
('4904PZ', 'Eyebrow Lift (Brow Lift Cosmetic Surgery)'),
('4910YF', 'Parathyroidectomy'),
('4928KS', 'Baclofen Pump Therapy'),
('4933KL', 'Pregnancy Test'),
('4934JF', 'Penis Prosthesis'),
('4959CB', 'Citrulline Antibody'),
('4960JP', 'Acupuncture'),
('4960TJ', 'Alternative Medicine'),
('4963ZR', 'Blood'),
('4964KD', 'Plastic Surgery'),
('4967YE', 'Joint Aspiration'),
('4974MO', 'Coronary Angioplasty'),
('4982WN', 'Pump for Insulin (Insulin Pump For Diabetes Mellitus)'),
('5011SF', 'Thecal Puncture (Lumbar Puncture)'),
('5012GA', 'Barrier Methods of Birth Control'),
('5022TM', 'Salpingo-Oophorectomy (Hysterectomy)'),
('5046WB', 'WBC (Complete Blood Count)'),
('5063AY', 'Blood'),
('5064XU', 'Alternative Medicine'),
('5070WM', 'Dobutamine (Exercise Stress Test)'),
('5100KF', 'Chloride (Electrolytes)'),
('5145II', 'OT for Arthritis (Arthritis Physical and Occupational Therapy)'),
('5163KT', 'Balloon Angioplasty Of Heart (Coronary Angioplasty)'),
('5188SI', 'Cystic Fibrosis Test (Sweat Chloride Test)'),
('5209NO', 'Sutures (Stitches)'),
('5218GB', 'Joint Replacement of Knee (Total Knee Replacement)'),
('5227QG', 'Gastroesophageal Reflux Disease Test (Esophageal pH Monitoring)'),
('5247QO', 'HRT (Hormone Therapy)'),
('5257NJ', 'Test'),
('5284IG', 'Chemotherapy Treatment for Breast Cancer'),
('5296ZB', 'Stress Echocardiogram (Exercise Stress Test)'),
('5298FT', 'Quad Marker Screen Test'),
('5307QJ', 'Bicarbonate (Electrolytes)'),
('5346KX', 'LTK Laser Eye Surgery'),
('5403GL', 'Blood'),
('5405JG', 'Oral Surgery'),
('5432WP', 'Vaccination'),
('5540KP', 'Lumpectomy (Breast Biopsy)'),
('5546MQ', 'Tilt-table Test'),
('5558GI', 'Prophylactic Mastectomy (Preventive Mastectomy)'),
('5611VG', 'Ultrafast CT (Electron Beam Computerized Tomography)'),
('5692PZ', 'Electroencephalogram (EEG - Electroencephalogram)'),
('5738QE', 'Marrow Transplant (Peripheral Blood Stem Cell Transplant)'),
('5739CN', 'Calendar Rhythm Method of Birth Control (Natural Methods of Birth Control)'),
('5753JJ', 'Eros-CDT (Clitoral Therapy Device)'),
('5824DG', 'Virtual Colonoscopy'),
('5863DO', 'Pap Test (Pap Smear)'),
('5909PE', 'Test'),
('5910BP', 'TNF (Biological Therapy)'),
('5918HX', 'Sweat Chloride Test'),
('5932TJ', 'Ventilation Tube (Endotracheal Intubation)'),
('5966NW', 'Cosmetic Surgery - Lipoplasty (Lipoplasty (Ultrasonic Assisted))'),
('6023GH', 'PCV7 (Pneumococcal Vaccination)'),
('6024EK', 'Testosterone Therapy to Treat ED'),
('6039MR', 'Diabetes Urine Tests (Urine Tests for Diabetes)'),
('6082NQ', 'Gastric Bypass Surgery'),
('6092HN', 'GAS Test (Rapid Strep Test)'),
('6093BF', 'Liver Enzymes (Liver Blood Tests)'),
('6094YK', 'Pap Test (Pap Smear)'),
('6096MR', 'Arthritis Physical and Occupational Therapy'),
('6097NS', 'Hysteroscopic Sterilization (Surgical Sterilization)'),
('6099AL', 'Carcinoembryonic Antigen'),
('6121LT', 'CBC (Complete Blood Count)'),
('6132PE', 'Stem Cell Transplant (Peripheral Blood Stem Cell Transplant)'),
('6190TX', 'Fillings'),
('6196OW', 'Scan'),
('6207EB', 'Dual X-ray Absorptometry (Bone Density Scan)'),
('6208QF', 'Pulse Oximetry (Oximetry)'),
('6225MI', 'Joint Injection (Cortisone Injection)'),
('6243VE', 'Blood'),
('6250SM', 'Continent Ileostomy (Caring for a Continent Ileostomy)'),
('6250ZO', 'Cosmetic Surgery'),
('6259SP', 'Massage Therapy (Alternative Medicine)'),
('6260YO', 'Electroretinography'),
('6266GL', 'Barrier Methods of Birth Control'),
('6314PR', 'Abstinence Method of Birth Control (Natural Methods of Birth Control)'),
('6338UR', 'Transvenous Liver Biopsy (Liver Biopsy)'),
('6346XJ', 'Plateletcytapheresis (Hemapheresis)'),
('6362CL', 'Lap Band Surgery (Gastric Banding)'),
('6391OQ', 'Birth Control Patch (Hormonal Methods of Birth Control)'),
('6410YS', 'Surface Electromyogram (Electromyogram)'),
('6418RK', 'Dental (Fillings)'),
('6419WK', 'Chemotherapy Treatment for Breast Cancer'),
('6461NS', 'Complete Dentures (Dentures)'),
('6500PD', 'Vaccination'),
('6542EU', 'Augmentation'),
('6563SD', 'D & C (Dilation and Curettage)'),
('6579AI', 'Thyroid Needle Biopsy (Fine-Needle Aspiration Biopsy of the Thyroid)'),
('6616DX', 'Breath Test'),
('6630NH', 'Sed Rate (Sedimentation Rate)'),
('6647GC', 'Chemotherapy Treatment for Breast Cancer'),
('6654VV', 'OT for Arthritis (Arthritis Physical and Occupational Therapy)'),
('6655ZH', 'Arrhythmia Treatment (Ablation Therapy for Arrhythmias)'),
('6677OC', 'Immunizations'),
('6695DQ', 'Cosmetic Surgery - Lipoplasty (Lipoplasty (Ultrasonic Assisted))'),
('6702OH', 'Augmentation'),
('6706LU', 'PT for Arthritis (Arthritis Physical and Occupational Therapy)'),
('6707JW', 'Urea Breath Test'),
('6715JF', 'Sigmoidoscopy (Flexible Sigmoidoscopy)'),
('6739YM', 'Balloon Enteroscopy (Balloon Endoscopy)'),
('6796WB', 'Echocardiogram'),
('6807RE', 'Potassium (Electrolytes)'),
('6811XK', 'Small Bowel Endoscopy (Balloon Endoscopy)'),
('6814UG', 'Toothpastes (Choosing a Toothpaste)'),
('6823XH', 'Aortic Heart Valve Replacement (Heart Valve Disease Treatment)'),
('6874CZ', 'Epilepsy Treatment'),
('6898WP', 'Imaging Colonoscopy (Virtual Colonoscopy)'),
('6913EA', 'EEG - Electroencephalogram'),
('6961SD', 'Hysterectomy'),
('6971QJ', 'The Minipill (Hormonal Methods of Birth Control)'),
('6971RY', 'Pneumococcal Immunization (Pneumococcal Vaccination)'),
('6992AM', 'Surgery'),
('6994MX', 'Electrolysis'),
('7011OU', 'CBC (Complete Blood Count)'),
('7018LO', 'Electrothermal Therapy (Transcutaneous Electrical Nerve Stimulation)'),
('7043LY', 'Plateletcytapheresis (Hemapheresis)'),
('7045UA', 'Tilt-table Test'),
('7059JY', 'Colostomy (Bowel Diversion Surgery Ileostomy'),
('7061PZ', 'Sutures (Stitches)'),
('7077DC', 'Pharmacologic Stress Test For Heart Disease (Coronary Artery Disease Screening Tests (CAD))'),
('7161NA', 'Gardasil HPV Vaccine'),
('7208BL', 'Birthing Classes (Pregnancy: Birthing and Parenting Classes)'),
('7221QR', 'Radiation Therapy'),
('7252DY', 'Lactose Tolerance Test for Infants (Stool Acidity Test)'),
('7275ZI', 'Chorionic Villus Sampling'),
('7286QA', 'Stool Test'),
('7308EL', 'Root Canal'),
('7315HF', 'Erythropheresis (Hemapheresis)'),
('7318PG', 'IVC (Intravenous Cholangiogram)'),
('7368RB', 'Biopsy'),
('7382WC', 'Choosing a Toothpaste'),
('7428BP', 'Vacuum Assisted Breast Biopsy (Breast Biopsy)'),
('7428JZ', 'Spider Veins'),
('7458XI', 'Streptococcus'),
('7468EQ', 'Cosmetic Surgery'),
('7501TM', 'Mean Platelet Volume (Complete Blood Count)'),
('7540SO', 'Mean Platelet Volume (Complete Blood Count)'),
('7546TV', 'Liposculpture (Liposuction)'),
('7595SF', 'Choosing a Toothbrush'),
('7623IZ', 'Lumpectomy (Breast Biopsy)'),
('7624TQ', 'Surgery Questions'),
('7626FI', 'Colostomy: A Patient''s Perspective'),
('7644YD', 'IV Drug Infusion FAQs'),
('7654BT', 'Cervical Cap (Barrier Methods of Birth Control)'),
('7655TE', 'Surgery'),
('7657FB', 'Surface Electromyogram (Electromyogram)'),
('7658CS', 'OCPs (Hormonal Methods of Birth Control)'),
('7683XL', 'TENS (Transcutaneous Electrical Nerve Stimulation)'),
('7744YQ', 'H&H (Hematocrit)'),
('7794PW', 'Esophageal pH Test (Esophageal pH Monitoring)'),
('7794QZ', 'Hct (Hematocrit)'),
('7829MP', 'Radionuclide Stress Test (Coronary Artery Disease Screening Tests (CAD))'),
('7836VJ', 'ET (Hormone Therapy)'),
('7854CE', 'Liposuction'),
('7876FP', 'Cystic Fibrosis Test (Sweat Chloride Test)'),
('7881EH', 'Diaphragm (Birth Control) (Barrier Methods of Birth Control)'),
('7893SY', 'Bone Density Scan'),
('7915TL', 'Continent Ileostomy (Bowel Diversion Surgery Ileostomy'),
('7940HX', 'Endoscopy'),
('7970EP', 'Resective Epilepsy Surgery (Pediatric Epilepsy Surgery)'),
('7996HB', 'Ablation'),
('8021LE', 'Vaginal Hysterectomy (Hysterectomy)'),
('8032VK', 'Choosing a Toothpaste'),
('8034LT', 'Esophageal pH Monitoring'),
('8063RC', 'Spinal Fusion (Minimally Invasive Lumbar Spinal Fusion)'),
('8089SY', 'Dobutamine Stress Test For Heart Disease (Coronary Artery Disease Screening Tests (CAD))'),
('8097LY', 'Surgery Breast Biopsy (Breast Biopsy)'),
('8155QV', 'Imaging Colonoscopy (Virtual Colonoscopy)'),
('8172IL', 'DXA Scan (Bone Density Scan)'),
('8176IO', 'Pregnancy: Birthing and Parenting Classes'),
('8194KG', 'Myocardial Biopsy'),
('8226FM', 'Brain Wave Test (EEG - Electroencephalogram)'),
('8303NL', 'Extratemporal Cortical Resection'),
('8306WA', 'Birth Control Pills (Hormonal Methods of Birth Control)'),
('8311YS', 'Dental Crowns'),
('8313VC', 'Spinal Tap (Lumbar Puncture)'),
('8356XX', 'Liver Enzymes (Liver Blood Tests)'),
('8360JE', 'Developmental Screening'),
('8389UP', 'Joint Tap (Joint Aspiration)'),
('8401HQ', 'Liver Transplant'),
('8405UA', 'Physical Therapy for Arthritis (Arthritis Physical and Occupational Therapy)'),
('8427HC', 'Tympanoplasty Tubes (Ear Tubes)'),
('8446QO', 'ECG (Electrocardiogram (ECG or EKG))'),
('8447DS', 'Tricuspid Heart Valve Replacement (Heart Valve Disease Treatment)'),
('8482AS', 'Bioelectric Therapy'),
('8494IM', 'Seizure Surgery'),
('8530ML', 'Triglyceride Test'),
('8537QE', 'AST Test (Liver Blood Tests)'),
('8540WE', 'Tuberculosis Skin Test (PPD Skin Test)'),
('8544PH', 'Homograft Valve (Heart Valve Disease Treatment)'),
('8560IX', 'Biopsy'),
('8583PF', 'Breast Augmentation'),
('8600YI', 'Polymerase Chain Reaction (PCR (Polymerase Chain Reaction))'),
('8690LL', 'HRT (Hormone Therapy)'),
('8701JV', 'Marrow (Bone Marrow)'),
('8724HT', 'Ear'),
('8754ZS', 'Skin Biopsy'),
('8756JO', 'Photodynamic Therapy'),
('8797KL', 'Laparoscopic Supra Cervical Hysterectomy (Hysterectomy)'),
('8804SL', 'Vagus Nerve Stimulator (Pediatric Epilepsy Surgery)'),
('8826BZ', 'Electrothermal Therapy (Transcutaneous Electrical Nerve Stimulation)'),
('8831PY', 'Blood'),
('8859ZC', 'Dialysis (Hemodialysis)'),
('8893BL', 'Epilepsy Test (EEG - Electroencephalogram)'),
('8905NA', 'Tilt-table Test'),
('8930UJ', 'VBAC (C-Section (Cesarean Birth))'),
('8942ZY', 'Hct (Hematocrit)'),
('8944FQ', 'Abnormal Liver Enzymes (Liver Blood Tests)'),
('8952DT', 'Lipoprotein Panel (Triglyceride Test)'),
('8957PW', 'Breath Test'),
('8999ZA', 'Uterus Biopsy (Endometrial Biopsy)'),
('9012AC', 'Breast Reconstruction'),
('9033NF', 'Breast Cancer Follow-Up Self-Exam'),
('9037CD', 'Marrow (Bone Marrow)'),
('9045II', 'Keratoplasty Eye Surgery (ALK)'),
('9045ZE', 'Pulmonic Heart Valve Replacement (Heart Valve Disease Treatment)'),
('9068TT', 'Commissurotomy (Heart Valve Disease Treatment)'),
('9100FB', 'Injection'),
('9117TQ', 'Blood'),
('9118YQ', 'Mouth Guards'),
('9160DO', 'Monitoring'),
('9208YY', 'Esophagogastroduodenoscopy (Endoscopy)'),
('9211ZZ', 'Antimicrosomal Antibody Test (Thyroid Peroxidase Test)'),
('9254JW', 'Balloon Valvuloplasty (Heart Valve Disease Treatment)'),
('9273AW', 'Virtual Colonoscopy'),
('9280ZL', 'Pulmonic Heart Valve Replacement (Heart Valve Disease Treatment)'),
('9289UF', 'Augmentation'),
('9332BJ', 'Cosmetic Surgery'),
('9369QP', 'LEEP (Loop Electrosurgical Excision Procedure)'),
('9373PR', 'Condoms'),
('9393QH', 'Lipoplasty (Ultrasonic Assisted)'),
('9403YR', 'Dermabrasion'),
('9472YN', 'Deviated Septum (Nasal Airway Surgery)'),
('9513NB', 'Female Sexual Dysfunction Treatment (Clitoral Therapy Device)'),
('9526IT', 'Sinus Surgery'),
('9532RM', 'Oximetry'),
('9545WO', 'Eyelid Surgery (Blepharoplasty (Eyelid Surgery))'),
('9572DY', 'Resection'),
('9592SS', 'Colon Cancer Screening'),
('9597VH', 'MCV (Complete Blood Count)'),
('9600LB', 'Stem Cell Transplant (Peripheral Blood Stem Cell Transplant)'),
('9623VS', 'Hysterectomy'),
('9660AB', 'Morning after Pill (Contraceptive Measures After Unprotected Sex)'),
('9703YZ', 'Myogram (Electromyogram)'),
('9741BB', 'Plastic Surgery'),
('9778WI', 'Seizure First Aid (First Aid for Seizures)'),
('9820EZ', 'Blood'),
('9869EP', 'Augmentation'),
('9872AV', 'Self Exam (Breast Cancer Follow-Up Self-Exam)'),
('9890DJ', 'Vaginal Hysterectomy (Laparoscopically Assisted Vaginal Hysterectomy)'),
('9943DZ', 'Homograft Valve (Heart Valve Disease Treatment)'),
('9978OQ', 'Cataract Surgery');

-- --------------------------------------------------------

--
-- Table structure for table `grade`
--

CREATE TABLE IF NOT EXISTS `grade` (
  `grade_id` int(11) NOT NULL AUTO_INCREMENT,
  `section` char(1) NOT NULL,
  `year` int(11) NOT NULL,
  PRIMARY KEY (`grade_id`)
) ENGINE=InnoDB  DEFAULT CHARSET=latin1 AUTO_INCREMENT=11 ;

--
-- Dumping data for table `grade`
--

INSERT INTO `grade` (`grade_id`, `section`, `year`) VALUES
(1, 'V', 2005),
(2, 'j', 2011),
(3, '3', 2003),
(4, '7', 1996),
(5, 'B', 2009),
(6, 'Q', 2026),
(7, 'I', 2011),
(8, '5', 2028),
(9, 'o', 1995),
(10, 'w', 2030);

-- --------------------------------------------------------

--
-- Table structure for table `grade_staff`
--

CREATE TABLE IF NOT EXISTS `grade_staff` (
  `grade_id` int(11) NOT NULL,
  `staff_id` int(11) NOT NULL,
  PRIMARY KEY (`grade_id`,`staff_id`),
  UNIQUE KEY `UK_d70kh155r840535vkqstd24e7` (`staff_id`),
  KEY `FK_d70kh155r840535vkqstd24e7` (`staff_id`),
  KEY `FK_rbprbs3v30kxmpgmnf6ppy89r` (`grade_id`)
) ENGINE=InnoDB DEFAULT CHARSET=latin1;

--
-- Dumping data for table `grade_staff`
--

INSERT INTO `grade_staff` (`grade_id`, `staff_id`) VALUES
(9, 1),
(7, 2),
(2, 3),
(7, 4),
(7, 5),
(1, 6),
(10, 7),
(7, 8),
(10, 9),
(9, 10),
(10, 11),
(1, 12),
(10, 13),
(2, 14),
(3, 15),
(10, 16),
(7, 17),
(8, 18),
(6, 19),
(5, 20),
(9, 21),
(4, 22),
(5, 23),
(9, 24),
(2, 25),
(8, 26),
(7, 27),
(5, 28),
(5, 29),
(6, 30),
(1, 31),
(5, 32),
(10, 33),
(3, 34),
(7, 35),
(5, 36),
(7, 37),
(7, 38),
(3, 39),
(10, 40),
(3, 41),
(5, 42),
(4, 43),
(4, 44),
(6, 45),
(4, 46),
(7, 47),
(5, 48),
(9, 49),
(8, 50),
(8, 51),
(8, 52),
(9, 53),
(9, 54),
(2, 55),
(2, 56),
(10, 57),
(6, 58),
(1, 59),
(1, 60),
(5, 61),
(6, 62),
(6, 63),
(7, 64),
(6, 65),
(5, 66),
(1, 67),
(10, 68),
(6, 69),
(6, 70),
(8, 71),
(3, 72),
(4, 73),
(1, 74),
(8, 75),
(8, 76),
(4, 77),
(2, 78),
(7, 79),
(3, 80),
(10, 81),
(1, 82),
(5, 83),
(9, 84),
(6, 85),
(2, 86),
(5, 87),
(8, 88),
(3, 89),
(3, 90),
(6, 91),
(1, 92),
(9, 93),
(9, 94),
(1, 95),
(7, 96),
(3, 97),
(6, 98),
(6, 99),
(8, 100),
(4, 101),
(7, 102),
(7, 103),
(9, 104),
(5, 105),
(4, 106),
(2, 107),
(2, 108),
(8, 109),
(7, 110),
(4, 111),
(4, 112),
(2, 113),
(7, 114),
(4, 115),
(2, 116),
(1, 117),
(10, 118),
(8, 119),
(9, 120),
(5, 121),
(6, 122),
(3, 123),
(8, 124),
(8, 125),
(4, 126),
(7, 127),
(1, 128),
(4, 129),
(9, 130),
(9, 131),
(1, 132),
(4, 133),
(3, 134),
(5, 135),
(10, 136),
(1, 137),
(4, 138),
(5, 139),
(2, 140),
(5, 141),
(9, 142),
(4, 143),
(1, 144),
(8, 145),
(6, 146),
(5, 147),
(2, 148),
(7, 149),
(1, 150),
(3, 151),
(1, 152),
(9, 153),
(9, 154),
(5, 155),
(4, 156),
(7, 157),
(3, 158),
(8, 159),
(9, 160),
(10, 161),
(7, 162),
(4, 163),
(4, 164),
(4, 165),
(9, 166),
(10, 167),
(1, 168),
(8, 169),
(4, 170),
(6, 171),
(7, 172),
(9, 173),
(4, 174),
(6, 175),
(1, 176),
(6, 177),
(9, 178),
(9, 179),
(1, 180),
(10, 181),
(8, 182),
(6, 183),
(9, 184),
(1, 185),
(9, 186),
(1, 187),
(6, 188),
(9, 189),
(6, 190),
(8, 191),
(5, 192),
(5, 193),
(9, 194),
(9, 195),
(6, 196),
(2, 197),
(2, 198),
(7, 199),
(5, 200),
(8, 201),
(8, 202),
(10, 203),
(10, 204),
(8, 205),
(2, 206),
(9, 207),
(7, 208),
(4, 209),
(9, 210),
(9, 211),
(8, 212),
(5, 213),
(9, 214),
(10, 215),
(9, 216),
(5, 217),
(7, 218),
(10, 219),
(8, 220),
(9, 221),
(9, 222),
(8, 223),
(9, 224),
(7, 225),
(7, 226),
(1, 227),
(8, 228),
(4, 229),
(2, 230),
(9, 231),
(3, 232),
(5, 233),
(6, 234),
(2, 235),
(10, 236),
(6, 237),
(3, 238),
(7, 239),
(10, 240),
(2, 241),
(10, 242),
(10, 243),
(7, 244),
(1, 245),
(7, 246),
(1, 247),
(2, 248),
(6, 249),
(10, 250),
(9, 251),
(2, 252),
(3, 253),
(5, 254),
(3, 255),
(7, 256),
(9, 257),
(7, 258),
(1, 259),
(6, 260),
(5, 261),
(9, 262),
(3, 263),
(3, 264),
(1, 265),
(9, 266),
(5, 267),
(9, 268),
(9, 269),
(5, 270),
(10, 271),
(10, 272),
(4, 273),
(1, 274),
(9, 275),
(6, 276),
(10, 277),
(5, 278),
(10, 279),
(6, 280),
(10, 281),
(10, 282),
(6, 283),
(2, 284),
(10, 285),
(2, 286),
(1, 287),
(4, 288),
(10, 289),
(3, 290),
(2, 291),
(7, 292),
(10, 293),
(1, 294),
(1, 295),
(7, 296),
(4, 297),
(9, 298),
(7, 299),
(7, 300),
(8, 301),
(10, 302),
(9, 303),
(4, 304),
(5, 305),
(6, 306),
(2, 307),
(6, 308),
(10, 309),
(10, 310),
(2, 311),
(6, 312),
(4, 313),
(5, 314),
(2, 315),
(7, 316),
(7, 317),
(1, 318),
(4, 319),
(3, 320),
(4, 321),
(5, 322),
(2, 323),
(8, 324),
(5, 325),
(5, 326),
(7, 327),
(1, 328),
(9, 329),
(10, 330),
(1, 331),
(10, 332),
(9, 333),
(8, 334),
(4, 335),
(3, 336),
(10, 337),
(6, 338),
(1, 339),
(7, 340),
(10, 341),
(10, 342),
(9, 343),
(3, 344),
(7, 345),
(9, 346),
(10, 347),
(7, 348),
(4, 349),
(3, 350),
(6, 351),
(4, 352),
(10, 353),
(2, 354),
(3, 355),
(9, 356),
(2, 357),
(10, 358),
(3, 359),
(1, 360),
(7, 361),
(5, 362),
(2, 363),
(2, 364),
(2, 365),
(1, 366),
(4, 367),
(3, 368),
(7, 369),
(3, 370),
(9, 371),
(6, 372),
(8, 373),
(7, 374),
(9, 375),
(6, 376),
(3, 377),
(7, 378),
(1, 379),
(7, 380),
(7, 381),
(10, 382),
(4, 383),
(1, 384),
(6, 385),
(5, 386),
(3, 387),
(4, 388),
(9, 389),
(8, 390),
(10, 391),
(9, 392),
(6, 393),
(5, 394),
(3, 395),
(10, 396),
(5, 397),
(5, 398),
(3, 399),
(2, 400),
(5, 401),
(8, 402),
(10, 403),
(8, 404),
(4, 405),
(7, 406),
(7, 407),
(6, 408),
(1, 409),
(6, 410),
(5, 411),
(7, 412),
(4, 413),
(4, 414),
(10, 415),
(4, 416),
(7, 417),
(6, 418),
(6, 419),
(8, 420),
(7, 421),
(4, 422),
(6, 423),
(10, 424),
(4, 425),
(10, 426),
(10, 427),
(5, 428),
(10, 429),
(4, 430),
(8, 431),
(4, 432),
(9, 433),
(5, 434),
(7, 435),
(9, 436),
(3, 437),
(3, 438),
(6, 439),
(8, 440),
(5, 441),
(8, 442),
(4, 443),
(3, 444),
(6, 445),
(9, 446),
(1, 447),
(9, 448),
(7, 449),
(8, 450),
(9, 451),
(10, 452),
(5, 453),
(1, 454),
(5, 455),
(8, 456),
(4, 457),
(10, 458),
(1, 459),
(6, 460),
(5, 461),
(10, 462),
(4, 463),
(8, 464),
(2, 465),
(4, 466),
(6, 467),
(8, 468),
(8, 469),
(7, 470),
(7, 471),
(3, 472),
(5, 473),
(2, 474),
(1, 475),
(2, 476),
(10, 477),
(4, 478),
(6, 479),
(5, 480),
(6, 481),
(10, 482),
(3, 483),
(5, 484),
(8, 485),
(1, 486),
(5, 487),
(2, 488),
(1, 489),
(9, 490),
(2, 491),
(4, 492),
(10, 493),
(1, 494),
(5, 495),
(2, 496),
(6, 497),
(5, 498),
(2, 499),
(9, 500);

-- --------------------------------------------------------

--
-- Table structure for table `groups`
--

CREATE TABLE IF NOT EXISTS `groups` (
  `group_id` int(11) NOT NULL AUTO_INCREMENT,
  `group_name` varchar(255) NOT NULL,
  PRIMARY KEY (`group_id`),
  UNIQUE KEY `UK_7o859iyhxd19rv4hywgdvu2v4` (`group_name`)
) ENGINE=InnoDB  DEFAULT CHARSET=latin1 AUTO_INCREMENT=5 ;

--
-- Dumping data for table `groups`
--

INSERT INTO `groups` (`group_id`, `group_name`) VALUES
(1, 'admin'),
(3, 'dataentry'),
(2, 'user'),
(4, 'viewer');

-- --------------------------------------------------------

--
-- Table structure for table `presentation`
--

CREATE TABLE IF NOT EXISTS `presentation` (
  `presentation_id` int(11) NOT NULL AUTO_INCREMENT,
  `presentation_name` varchar(255) NOT NULL,
  PRIMARY KEY (`presentation_id`)
) ENGINE=InnoDB  DEFAULT CHARSET=latin1 AUTO_INCREMENT=101 ;

--
-- Dumping data for table `presentation`
--

INSERT INTO `presentation` (`presentation_id`, `presentation_name`) VALUES
(1, 'Japanese Green Tea'),
(2, 'PEPPERS RED DRY STRING'),
(3, 'Currant Tomatoes'),
(4, 'Chasteberry Tea'),
(5, 'JUICE LEMON 4GR'),
(6, 'Emu Bath & Shower Gel'),
(7, 'Squash'),
(8, 'Purple Tomatoes'),
(9, 'PIONEER MEDIACENTER TYPSW258'),
(10, 'Herbal Tea Basket'),
(11, 'Emu Body Lotion'),
(12, 'Perennial Onions'),
(13, 'Cayenne'),
(14, 'Speciality Beans'),
(15, 'TABLE BASE 4 PRONG'),
(16, 'Corn'),
(17, 'SAUCE MARINARA CUPS'),
(18, 'Saw Palmetto'),
(19, 'Dent Corn'),
(20, 'BUTCHER PAPER WHITE'),
(21, 'Dreams Leave-In Protein'),
(22, 'TABLECOVER CLOSEOUT'),
(23, 'Snow Peas'),
(24, 'Cinnamon Spice'),
(25, 'COATING CANDY APPLE'),
(26, 'MANDARIN ORANGES'),
(27, 'Onions'),
(28, 'Garlic'),
(29, 'CHIP DISH SHELL'),
(30, 'Watermelon'),
(31, 'Feverfew'),
(32, 'Coenzyme (CoQ-10)'),
(33, 'COOKING WINE RED BURGUNDY'),
(34, 'Beans'),
(35, 'Emu Bath & Shower Gel'),
(36, 'Celery'),
(37, 'Red Tomatoes'),
(38, 'ELEPHANT GARLIC'),
(39, 'Citrin'),
(40, 'Elephant Garlic'),
(41, 'TABLE BLACK LARGE'),
(42, 'Spice Basket'),
(43, 'Goto Kola'),
(44, 'Books'),
(45, 'TACO SEASONING MIX'),
(46, 'Softneck (Braidable) Garlic'),
(47, 'Lavender Oil'),
(48, 'Tanning Accelerator'),
(49, 'PUDDING VANILLA DEAN'),
(50, 'Currant Tomatoes'),
(51, 'Hyssop Tea'),
(52, 'Snap Pole Beans'),
(53, 'PEACHES SLICED'),
(54, 'SHARK LOIN MAKO'),
(55, 'Aloe Vera'),
(56, 'KNIFE SAFTEY COVER'),
(57, 'Super Herb Diet Formula'),
(58, 'Emu Bath & Shower Gel'),
(59, 'Sweet Non-Bell Peppers'),
(60, 'Snow Peas'),
(61, 'JERKY BEEF PEPPERED'),
(62, 'Cayenne'),
(63, 'Bi-Color Tomatoes'),
(64, 'Cinnamon Spice'),
(65, 'BEEF JERKY ORIGINAL'),
(66, 'Storage Tomatoes'),
(67, 'Japanese Green Tea'),
(68, 'Storage Tomatoes'),
(69, 'Devils Claw'),
(70, 'Dry Blub Onions'),
(71, 'PEPPERS RED DRY STRING'),
(72, 'RAISIN COOKIE FILLED'),
(73, 'Herbal Tea Basket'),
(74, 'BEVERAGE CUP'),
(75, 'Bunching Onions'),
(76, 'Chickweed'),
(77, 'Southern/Cow Peas'),
(78, 'GREEN LENTILS'),
(79, 'Beans'),
(80, 'JERKY BEEF PEPPERED'),
(81, 'Acidophilus'),
(82, 'COASTERS PPR'),
(83, 'Spice Peppers'),
(84, 'Dry Blub Onions'),
(85, 'BAGS FOODSAVER 6-PACK'),
(86, 'Rosemary'),
(87, 'HAMBURG DILL CHIPS'),
(88, 'Beets'),
(89, 'Chamomile Tea'),
(90, 'TEA GREEN BAGS BOX'),
(91, 'TABLE BLACK MEDIUM'),
(92, 'Lettuce'),
(93, 'Evening Primrose Oil'),
(94, 'Sorghum'),
(95, 'Yucca Root'),
(96, 'JUICE GRAPEFRUIT'),
(97, 'Cucumbers'),
(98, 'Posters'),
(99, 'Milk Thistle'),
(100, 'Red Raspberry');

-- --------------------------------------------------------

--
-- Table structure for table `staff`
--

CREATE TABLE IF NOT EXISTS `staff` (
  `staff_id` int(11) NOT NULL AUTO_INCREMENT,
  `email` varchar(255) NOT NULL,
  `date_of_birth` date DEFAULT NULL,
  `first_name` varchar(255) NOT NULL,
  `last_name` varchar(255) NOT NULL,
  `salary` double DEFAULT NULL,
  `auth_id` int(11) NOT NULL,
  `group_id` int(11) NOT NULL,
  PRIMARY KEY (`staff_id`),
  UNIQUE KEY `UK_pvctx4dbua9qh4p4s3gm3scrh` (`email`),
  KEY `FK_kg0gftkoh3gkwji5u7hxuuirp` (`auth_id`),
  KEY `FK_rb2jyod8hnynb8lo8vnsdfwp3` (`group_id`)
) ENGINE=InnoDB  DEFAULT CHARSET=latin1 AUTO_INCREMENT=501 ;

--
-- Dumping data for table `staff`
--

INSERT INTO `staff` (`staff_id`, `email`, `date_of_birth`, `first_name`, `last_name`, `salary`, `auth_id`, `group_id`) VALUES
(1, 'TonWong1@aol.ca', '2005-01-03', 'Jean', 'Goodnight', 952818.32, 6, 1),
(2, 'HMcDaniel4@libero.de', '2000-02-13', 'Wilma', 'Herring', 9981.94, 8, 1),
(3, 'WPatricelli@live.co.uk', '2009-12-12', 'Joshua', 'Crocetti', 49.36, 18, 1),
(4, 'P.Igolavski@excite.dk', '2000-05-08', 'Esther', 'Wooten', 793501.52, 25, 3),
(5, 'E.Franklin2@web.co.uk', '2011-06-04', 'Ulla', 'Archer', 2.43, 26, 3),
(6, 'H.Moreau2@gmail.it', '2012-12-26', 'Edwyn', 'Hancock', 5922.74, 34, 4),
(7, 'IHedgecock@telefonica.nl', '2008-06-14', 'Sid', 'Zurich', 1270.4, 41, 4),
(8, 'RickStockton2@myspace.fr', '2011-06-06', 'Jaap', 'Slocum', 247073.58, 51, 1),
(9, 'MikeLeGrand@web.it', '2008-03-05', 'Pablo', 'Kepler', 247.96, 56, 2),
(10, 'E.Wilson@mobileme.es', '2004-06-15', 'Cathy', 'Deans', 242.62, 64, 2),
(11, 'Johan.Wolpert@excite.fr', '2007-11-01', 'Lewis', 'Royal', 879.63, 72, 4),
(12, 'Hans.Orcutt@freeweb.it', '2004-09-11', 'Sofia', 'Donatelli', 2.55, 79, 4),
(13, 'NickKellock@freeweb.us', '2006-05-12', 'Cian', 'Mitchell', 3.02, 86, 2),
(14, 'Peter.Wolpert@telefonica.ca', '2003-11-23', 'Bess', 'Foreman', 5090.8, 90, 4),
(15, 'I.Ostanik@aol.com', '2005-05-11', 'Sergio', 'McCrary', 7.82, 92, 4),
(16, 'KayGlanswol@live.it', '2011-05-13', 'Sharon', 'Paul', 603798.11, 102, 4),
(17, 'PeterHarness@weboffice.cn', '2011-07-25', 'Jaclyn', 'Matthew', 7957.63, 108, 1),
(18, 'H.Cramer@freeweb.us', '2008-05-11', 'Herb', 'Pengilly', 32.32, 112, 4),
(19, 'YWood3@kpn.com', '2012-09-24', 'Lucas', 'Brady', 7434.29, 113, 1),
(20, 'Frans.Prior@aol.dk', '2010-07-19', 'Ed', 'Imhoff', 2.69, 115, 1),
(21, 'FrankShapiro@mymail.nl', '2002-08-09', 'Sid', 'Stannard', 8, 118, 1),
(22, 'RickGibson@dolfijn.fr', '2005-07-03', 'Jan', 'Maribarski', 3293.9, 125, 2),
(23, 'GPaddock@kpn.be', '2001-06-30', 'Daniela', 'Daughtery', 54.31, 131, 1),
(24, 'K.Orcutt3@freeweb.be', '2002-06-26', 'Benjy', 'Langham	', 9.45, 133, 1),
(25, 'R.Hancock4@telfort.ca', '2005-01-05', 'Cristian', 'Harder', 9.85, 143, 1),
(26, 'RichardWood@lycos.dk', '2002-08-15', 'Alba', 'Carlos', 19.38, 150, 2),
(27, 'Jean.Howe@myspace.be', '2006-08-27', 'Krystyna', 'Bruno', 1.57, 160, 2),
(28, 'Rick.Manson1@mail.gov', '2001-01-15', 'Dave', 'Haynes', 528.31, 164, 2),
(29, 'BrentLamere@lycos.com', '2001-01-04', 'Herbert', 'Deleo', 438.79, 171, 1),
(30, 'Maddy.Makelaar@kpn.us', '2001-06-27', 'Iris', 'Langham	', 7.65, 173, 1),
(31, 'Frans.Wong3@myspace.net', '2003-02-07', 'Ciska', 'Mulders', 958635.4, 181, 3),
(32, 'Suus.Moore@lycos.gov', '2003-02-19', 'Tony', 'Prior', 680.33, 184, 3),
(33, 'Bas.Long5@mail.be', '2002-07-09', 'Emily', 'Beckbau', 114.58, 185, 4),
(34, 'AnnWeinstein@myspace.es', '2001-05-11', 'Izzy', 'Sirabella', 659.83, 194, 3),
(35, 'Rogier.Langham2@telfort.cn', '2010-06-24', 'Camilla', 'Orcutt', 414127.44, 196, 3),
(36, 'Johan.Wargula4@myspace.dk', '2009-01-01', 'Johnny', 'Ayers', 1.44, 204, 3),
(37, 'P.Ayers2@hotmail.es', '2001-11-23', 'Lincoln', 'Antonucci', 960.61, 213, 3),
(38, 'Richard.Franklin@libero.net', '2002-12-06', 'Ross', 'Allison', 79380.97, 218, 2),
(39, 'EJohnson@gmail.co.uk', '2005-05-16', 'Victor', 'Depew', 56509.17, 226, 4),
(40, 'T.Thompson@weboffice.dk', '2009-02-08', 'Charlotte', 'Pearlman', 34382.17, 234, 3),
(41, 'N.Markovi3@dolfijn.com', '2010-07-01', 'Mathilde', 'Wargula', 45.61, 236, 3),
(42, 'E.Evans5@telfort.co.uk', '2001-07-24', 'Kimberly', 'Brendjens', 9999.59, 239, 3),
(43, 'Madelein.Waldo@mail.cc', '2002-12-05', 'Bas', 'Symbouras', 5761.34, 242, 2),
(44, 'RichardCappello@lycos.net', '2002-04-16', 'Steph', 'Alspaugh', 7098.64, 249, 2),
(45, 'Sven.Baltec1@telfort.fr', '2011-06-30', 'Pip', 'Waldo', 1432.24, 252, 2),
(46, 'Kylie.Grote@msn.nl', '2006-03-30', 'Ashley', 'Wood', 43.82, 258, 4),
(47, 'JennySchmidt5@dolfijn.fr', '2000-03-05', 'Jaclyn', 'Stewart', 56305.88, 261, 1),
(48, 'Suus.Alspaugh@kpn.no', '2013-05-08', 'Erik', 'Goodman', 2.02, 264, 1),
(49, 'Agnes.Brylle@yahoo.net', '2002-03-04', 'David', 'Carlos', 898.32, 266, 1),
(50, 'Peter.Imhoff1@mymail.co.uk', '2004-12-11', 'GertJan', 'Foreman', 69.9, 276, 1),
(51, 'GHarness4@mymail.ca', '2005-01-17', 'Erik', 'Kidd', 21.21, 286, 1),
(52, 'Mick.Arden@gawab.co.uk', '2008-08-06', 'Patricia', 'Hedgecock', 7883.37, 289, 1),
(53, 'PeterWillis5@msn.co.uk', '2003-08-24', 'Jeanette', 'Reames', 29729.73, 296, 2),
(54, 'Y.Wong2@freeweb.org', '2012-07-25', 'Marco', 'Raines', 62375.93, 298, 1),
(55, 'JennyHerring1@libero.net', '2009-03-25', 'Alexis', 'Orcutt', 69772.76, 306, 1),
(56, 'HKing5@myspace.de', '2000-03-11', 'Catharine', 'Wilson', 9026.96, 316, 3),
(57, 'Ron.Olson@lycos.gov', '2000-09-10', 'Martina', 'Lee', 2851.14, 323, 2),
(58, 'Mattijs.Cantere4@msn.be', '2000-12-06', 'Leon', 'Massingill', 42472.89, 324, 2),
(59, 'RHulshof3@aol.gov', '2008-09-25', 'Joe', 'Jessen', 66.09, 330, 2),
(60, 'Nadine.Grote4@myspace.co.uk', '2007-12-18', 'Sally', 'van der Laar', 53742.55, 338, 3),
(61, 'RickSlemp2@dolfijn.fr', '2005-06-07', 'Nigel', 'Morton', 71.68, 345, 4),
(62, 'Bianca.Hoyt@web.us', '2010-06-11', 'Philip', 'Symbouras', 84234.58, 353, 4),
(63, 'Bart.Blacher@live.no', '2009-01-02', 'Julian', 'Baltec', 8.33, 363, 4),
(64, 'LFrancis1@weboffice.dk', '2011-04-14', 'Dylan', 'Watson', 37550.3, 371, 1),
(65, 'Peter.Angarano@msn.us', '2002-09-16', 'Martina', 'Chwatal', 43.04, 380, 1),
(66, 'SDavis2@hotmail.nl', '2002-07-08', 'Rolla', 'Kellock', 7182.22, 386, 2),
(67, 'KAnderson4@telefonica.es', '2001-08-30', 'Mathilde', 'Depew', 83.23, 388, 2),
(68, 'BiancaMiller5@mail.it', '2005-01-28', 'Thelma', 'Ray', 8.63, 395, 4),
(69, 'Richard.King@telfort.net', '2007-08-18', 'Alba', 'Crocetti', 973453.84, 404, 4),
(70, 'EmmaNoteboom3@gawab.es', '2011-03-19', 'Hanna', 'McCormick', 512573.06, 407, 1),
(71, 'LLangham5@aol.ca', '2012-10-04', 'Tommy', 'Crocetti', 41329.37, 416, 3),
(72, 'I.Liddle2@aol.com', '2008-10-24', 'Matthijs', 'Byrnes', 863786.81, 426, 2),
(73, 'Roger.Hollman@freeweb.com', '2006-11-05', 'Kay', 'Hoogbandt', 207.83, 432, 2),
(74, 'LiamEcchevarri5@msn.es', '2009-06-07', 'Elin', 'Cain', 758999.15, 440, 1),
(75, 'Lynn.Browne@yahoo.dk', '2012-11-06', 'Thelma', 'Freeman', 438524.75, 444, 1),
(76, 'VArnold@freeweb.no', '2011-02-24', 'Babet', 'Stockton', 63489.51, 448, 3),
(77, 'J.Imhoff4@mail.us', '2005-10-11', 'Francisco', 'van Dijk', 823.72, 450, 3),
(78, 'Bianca.Willis4@dolfijn.fr', '2003-01-20', 'Will', 'Caouette', 9709.43, 460, 3),
(79, 'Richard.Herzog3@yahoo.it', '2004-03-20', 'Anthony', 'Baltec', 816, 470, 2),
(80, 'MandyGoodman@web.de', '2011-07-20', 'Sjon', 'Johnson', 908889.37, 480, 2),
(81, 'K.Hedgecock1@msn.nl', '2003-10-21', 'Siska', 'Waddell', 420071.19, 489, 2),
(82, 'Matt.Markovi@libero.nl', '2011-01-10', 'Olivia', 'Depew', 91085.3, 493, 2),
(83, 'JLaudanski2@freeweb.dk', '2007-05-20', 'Luka', 'Gunter', 1.57, 494, 2),
(84, 'B.Donatelli@myspace.be', '2001-08-12', 'Ryan', 'Moore', 13987.18, 1, 4),
(85, 'MadeleinReames2@gmail.fr', '2005-09-26', 'Filip', 'Waldo', 1.52, 3, 4),
(86, 'Sjors.Hancock1@telfort.gov', '2001-03-07', 'Rachael', 'Seibel', 550.56, 7, 4),
(87, 'Freddy.Williamson@live.dk', '2012-04-04', 'Marco', 'Stewart', 1110.24, 14, 3),
(88, 'Amber.Korkovski@telefonica.gov', '2013-05-04', 'Amy', 'Buchholz', 3539.82, 21, 3),
(89, 'Bas.Wicks4@lycos.it', '2003-01-21', 'Javier', 'Guethlein', 2.77, 29, 3),
(90, 'Geoffry.Cooper@msn.gov', '2012-06-11', 'Luca', 'Slocum', 2.02, 39, 2),
(91, 'Isolde.Howe@weboffice.cc', '2006-06-02', 'Julie', 'Yinger', 3.41, 49, 1),
(92, 'William.Gaskins5@telefonica.cn', '2011-10-08', 'Fabian', 'Otto', 2.98, 53, 1),
(93, 'PierreAlspaugh@mail.org', '2005-01-18', 'Saskia', 'Huffsmitt', 1.75, 61, 4),
(94, 'Hans.Voigt@msn.nl', '2008-12-04', 'Ike', 'Daughtery', 1276.14, 70, 4),
(95, 'Peter.White4@dolfijn.no', '2010-12-27', 'Magnus', 'McCormick', 1.71, 78, 4),
(96, 'PeterClark4@live.org', '2009-10-13', 'Pauline', 'Robinson', 8.13, 81, 4),
(97, 'TreesForeman2@excite.us', '2000-09-15', 'Michel', 'Robinson', 79688.6, 87, 2),
(98, 'Victor.Fernandez@lycos.dk', '2010-11-10', 'Tonnie', 'Meterson', 19661.57, 93, 2),
(99, 'H.Conley3@msn.ca', '2013-02-21', 'Elzbieta', 'Helbush', 10.85, 99, 1),
(100, 'MilanGonzalez3@mail.gov', '2008-02-03', 'Ashley', 'Noteboom', 1053.09, 104, 1),
(101, 'J.Willis5@libero.net', '2007-11-06', 'Camilla', 'Haynes', 4585.12, 106, 1),
(102, 'Ton.Weaver@msn.cn', '2008-04-05', 'Joost', 'Simonent', 96312.93, 109, 4),
(103, 'BillLamere1@dolfijn.de', '2007-04-15', 'Jo', 'Krutkov', 97.73, 122, 4),
(104, 'H.Sakurai@hotmail.be', '2008-05-31', 'Betty', 'Wicks', 82.81, 132, 4),
(105, 'Milan.Meterson@mymail.com', '2009-01-12', 'Lauren', 'Mejia', 17143.44, 141, 3),
(106, 'Lindsy.Cain@kpn.co.uk', '2006-12-15', 'Kees', 'Wood', 7, 146, 3),
(107, 'Peter.Shapiro5@weboffice.es', '2006-12-24', 'Viktor', 'Mejia', 773918.06, 155, 3),
(108, 'Rick.Weaver3@libero.net', '2002-11-12', 'William', 'Imhoff', 152773.05, 166, 1),
(109, 'PetraGoodnight@freeweb.cc', '2007-09-09', 'Luke', 'Blount', 5.69, 174, 1),
(110, 'Freddy.Overton@web.fr', '2002-06-13', 'PieterJan', 'Turk', 57.23, 188, 1),
(111, 'R.Nadalin@yahoo.us', '2002-07-01', 'Ike', 'Phelps', 42.4, 195, 4),
(112, 'Basvan Goes2@kpn.es', '2010-11-21', 'Toon', 'Emerson', 55.41, 201, 4),
(113, 'V.Brown@telefonica.co.uk', '2011-12-28', 'Marta', 'Huston', 3.78, 209, 4),
(114, 'D.Cross@gmail.co.uk', '2006-04-20', 'Isak', 'Slater', 51142.25, 211, 2),
(115, 'T.Kepler@libero.net', '2008-01-03', 'Max', 'Dean', 1.01, 217, 2),
(116, 'R.Hopper@lycos.com', '2000-10-16', 'Ricardo', 'Mejia', 95.25, 227, 2),
(117, 'Mart.Byrnes2@msn.cc', '2012-10-23', 'Ana', 'Allison', 925.68, 233, 3),
(118, 'RogerLadaille2@freeweb.nl', '2002-02-15', 'Mick', 'Maribarski', 963618.01, 241, 3),
(119, 'H.Nahay2@freeweb.de', '2001-04-30', 'Leontien', 'Stevens', 382.97, 247, 3),
(120, 'NVan Toorenbeek3@excite.dk', '2004-01-10', 'Edwina', 'Pearlman', 70.1, 257, 3),
(121, 'GeorgeMakelaar@hotmail.net', '2003-08-17', 'Oscar', 'Waddell', 524591.07, 260, 3),
(122, 'FrankWong@mobileme.no', '2004-06-30', 'Pieter', 'Knopp', 5.75, 262, 3),
(123, 'MaddyNelson2@weboffice.cn', '2006-11-29', 'Joseph', 'Freed', 61.45, 270, 4),
(124, 'Patty.van Dijk@gmail.no', '2008-10-19', 'Leon', 'Wood', 3.31, 277, 4),
(125, 'FreddySpensley3@mymail.be', '2012-03-12', 'Dorothy', 'Hummel', 6445.22, 283, 2),
(126, 'KRivers@kpn.co.uk', '2006-12-27', 'Dorothy', 'DeBerg', 75249.66, 284, 3),
(127, 'Mandy.Whitehurst1@gawab.us', '2008-08-16', 'Olivia', 'Brown', 8.06, 294, 3),
(128, 'AnnDeBuck@kpn.de', '2011-05-20', 'Tomasz', 'Geoppo', 30.8, 302, 3),
(129, 'BiancaHedgecock2@lycos.cn', '2011-08-18', 'Ciska', 'van Dijk', 32.05, 304, 2),
(130, 'Sjors.Hummel@lycos.us', '2009-05-26', 'Joshua', 'Raines', 474.8, 309, 1),
(131, 'Victor.Pengilly4@mail.no', '2004-06-26', 'Patty', 'Frega', 593596.42, 311, 1),
(132, 'YDavis5@mobileme.net', '2006-10-02', 'Joe', 'Angarano', 4559.44, 318, 1),
(133, 'VictoriaFramus@telfort.gov', '2001-08-05', 'Joshua', 'Bertelson', 8803.36, 326, 1),
(134, 'HankOtto3@libero.ca', '2013-06-10', 'Raul', 'Toreau', 313.06, 329, 1),
(135, 'TreesDulisse3@gmail.es', '2012-03-09', 'Katie', 'Yinger', 904.78, 336, 2),
(136, 'T.Anderson1@msn.it', '2001-11-04', 'Steven', 'Davis', 131982.83, 344, 4),
(137, 'YForeman@aol.cn', '2003-09-09', 'Margaret', 'DelRosso', 45.12, 348, 4),
(138, 'Maddy.Duvall@mail.cc', '2001-10-26', 'Sjanie', 'Bright', 329422.51, 356, 2),
(139, 'Fred.Pyland@gawab.com', '2013-06-25', 'Sammy', 'Moreau', 886811, 357, 2),
(140, 'WillDaughtery2@telfort.fr', '2007-03-21', 'Bram', 'Beckbau', 8548.05, 365, 2),
(141, 'W.Dittrich@yahoo.co.uk', '2006-07-21', 'Laura', 'Chapman', 9.75, 372, 2),
(142, 'LeonBeckbau5@web.gov', '2001-08-01', 'Conor', 'Crocetti', 643.45, 377, 2),
(143, 'William.Dean2@aol.it', '2010-02-13', 'Ivan', 'Nobles', 301265.11, 382, 2),
(144, 'Freddy.White1@msn.net', '2013-02-07', 'Zoe', 'Roger', 6.52, 391, 2),
(145, 'Victor.Pengilly@hotmail.nl', '2008-10-08', 'Sanne', 'Suszantor', 895.57, 397, 2),
(146, 'MadeleinBrendjens1@excite.fr', '2001-05-23', 'Jozef', 'Liddle', 88.54, 405, 2),
(147, 'RichardLamere5@telefonica.it', '2001-07-04', 'Camilla', 'Herrin', 629774.24, 406, 2),
(148, 'KDeWald@web.org', '2005-05-21', 'Jamie', 'Lannigham', 515882.98, 410, 4),
(149, 'PeterCappello4@msn.nl', '2008-11-03', 'Pieter', 'Climent', 443.13, 433, 4),
(150, 'V.Pengilly1@freeweb.net', '2000-07-06', 'Geoffery', 'Oyler', 373.06, 437, 4),
(151, 'HankWilson@live.de', '2001-10-04', 'Marty', 'Petrzelka', 27.58, 446, 4),
(152, 'Y.Cragin5@mymail.es', '2001-10-06', 'Jules', 'Tudisco', 46099.01, 457, 4),
(153, 'FonsWood@msn.us', '2008-07-26', 'Pieter', 'Herring', 594.61, 467, 1),
(154, 'Dick.Noteboom5@telefonica.es', '2007-05-17', 'Coby', 'Van Dinter', 80.32, 468, 1),
(155, 'SvenMarkovi2@gawab.dk', '2005-09-16', 'Jamie', 'Beckbau', 444.99, 474, 1),
(156, 'I.Scheffold@kpn.be', '2002-01-04', 'Anne', 'Bergdahl', 739508.13, 482, 2),
(157, 'PetraZimmerman@kpn.net', '2005-01-12', 'Florian', 'Fernandez', 2.16, 483, 2),
(158, 'BiancaKing@hotmail.de', '2002-03-18', 'Ewa', 'Heyn', 338583.62, 485, 1),
(159, 'Ciska.Ahlgren4@msn.be', '2012-09-29', 'Aoife', 'Conley', 7983.51, 490, 1),
(160, 'Camilla.Ditmanen@aol.nl', '2012-03-02', 'William', 'Marra', 275691.71, 499, 1),
(161, 'NickJones@lycos.nl', '2011-02-19', 'Duncan', 'Bloom', 711.52, 5, 4),
(162, 'PaulineWhitehurst@freeweb.be', '2007-01-27', 'Leonie', 'Shapiro', 2.13, 11, 4),
(163, 'Bas.Watson@freeweb.nl', '2004-08-22', 'Ronald', 'Reames', 886425.72, 13, 4),
(164, 'BiancaDean@libero.org', '2008-01-15', 'Chloe', 'Allison', 963.58, 16, 4),
(165, 'WillComeau@telefonica.be', '2003-01-22', 'Bo', 'Kepler', 34.18, 40, 4),
(166, 'Carla.Glanswol@freeweb.ca', '2003-09-19', 'Michael', 'Brumley', 587195.83, 43, 4),
(167, 'Michael.Mcgrew4@weboffice.co.uk', '2006-01-02', 'Rob', 'Zurich', 67.91, 47, 4),
(168, 'G.Antonucci5@gawab.dk', '2009-02-20', 'Sean', 'Noteboom', 57.87, 50, 3),
(169, 'RSuszantor@gawab.org', '2004-09-23', 'Callum', 'Anderson', 8.65, 58, 1),
(170, 'S.van Dijk3@mail.es', '2010-04-21', 'Thomas', 'Climent', 3007.2, 74, 1),
(171, 'NickSirabella@live.it', '2002-07-16', 'GertJan', 'Johnson', 283.58, 75, 2),
(172, 'K.Jones@yahoo.cc', '2010-11-30', 'Bert', 'Helbush', 5.9, 76, 2),
(173, 'Fons.Poole2@live.de', '2000-08-22', 'Bengie', 'Archer', 3509.4, 84, 2),
(174, 'K.Hoyt@lycos.it', '2013-06-13', 'Babette', 'Cramer', 16194.49, 97, 4),
(175, 'Rogervan Dijk5@kpn.org', '2002-04-20', 'Eleanor', 'Muench', 9.3, 105, 4),
(176, 'TMalone4@mail.ca', '2013-05-25', 'Christopher', 'Brennan', 49.65, 114, 4),
(177, 'YWolpert1@live.org', '2009-09-02', 'Sofia', 'Lejarette', 6829.8, 121, 4),
(178, 'RBarbee@kpn.it', '2007-04-11', 'Robert', 'Korkovski', 57.81, 135, 3),
(179, 'NorbertGerschkow@web.it', '2010-01-27', 'Jonas', 'Sharp', 2713.57, 145, 3),
(180, 'William.Moreau3@mobileme.co.uk', '2000-07-18', 'Erik', 'Wood', 6.83, 147, 3),
(181, 'NorbertSwaine@aol.de', '2004-06-23', 'Nerea', 'Cragin', 97843.55, 152, 3),
(182, 'Bas.Petrzelka1@myspace.com', '2001-05-16', 'Aoife', 'Koss', 290.11, 157, 4),
(183, 'OliverKrutkov1@weboffice.us', '2004-01-25', 'Izzy', 'Kuehn', 2498.57, 163, 4),
(184, 'Ton.Williamson@mymail.fr', '2007-12-19', 'Leo', 'Mejia', 143.4, 170, 4),
(185, 'William.Cramer2@weboffice.gov', '2001-03-17', 'Luca', 'Simonent', 9870.21, 179, 3),
(186, 'DaveLejarette@msn.be', '2009-02-13', 'Lucia', 'Poplock', 328175.43, 191, 2),
(187, 'Petra.Daley@yahoo.co.uk', '2009-09-10', 'Lars', 'Lezniak', 49.73, 208, 1),
(188, 'JackBrennan@aol.net', '2008-02-22', 'Herman', 'Hancock', 64.3, 222, 1),
(189, 'Bas.Cappello@telfort.com', '2002-04-17', 'Chris', 'Thompson', 36816.01, 229, 3),
(190, 'Lynn.Turk@yahoo.co.uk', '2003-07-30', 'Nicholas', 'Guethlein', 358506.15, 230, 3),
(191, 'R.Stockton1@kpn.fr', '2001-12-31', 'Bas', 'Visentini', 8.25, 237, 3),
(192, 'IWong@yahoo.gov', '2012-06-15', 'Harry', 'Caouette', 2345.63, 240, 2),
(193, 'L.Lezniak@myspace.nl', '2013-04-08', 'Ricardo', 'Arnold', 93557.09, 263, 2),
(194, 'Freddy.Franklin5@mail.gov', '2005-10-14', 'Pieter', 'Bertelson', 7342.05, 273, 4),
(195, 'J.Kidd@weboffice.dk', '2008-11-27', 'Ivan', 'Lee', 6.47, 281, 4),
(196, 'DickNithman@yahoo.no', '2003-09-21', 'Jolanda', 'Keller', 4711.59, 287, 3),
(197, 'HankGreen@gawab.gov', '2013-05-25', 'Leo', 'Hulshof', 5599.4, 295, 4),
(198, 'TreesCaouette@hotmail.be', '2001-10-15', 'Leon', 'Watson', 112587.04, 301, 4),
(199, 'HPrior@gawab.it', '2002-12-08', 'Jaclyn', 'Gaskins', 6.74, 310, 3),
(200, 'GHarder2@aol.nl', '2006-06-08', 'Alexander', 'Ostanik', 587.13, 314, 1),
(201, 'A.Menovosa@freeweb.de', '2011-03-28', 'Alba', 'Francis', 57476.21, 331, 1),
(202, 'Frans.Massingill1@gmail.dk', '2011-01-19', 'Giel', 'Millikin', 547.66, 334, 3),
(203, 'Will.Imhoff4@mymail.net', '2008-02-13', 'Jace', 'Hankins', 4.5, 341, 3),
(204, 'WilliamMillikin@yahoo.es', '2011-12-14', 'Marie', 'van Goes', 70.08, 342, 4),
(205, 'VictoriaPhelps4@hotmail.dk', '2012-10-18', 'Lukas', 'Evans', 97730.15, 349, 4),
(206, 'H.Hendrix@mail.es', '2012-10-22', 'Liam', 'Press', 542.54, 350, 4),
(207, 'Ton.White@telefonica.org', '2012-10-31', 'Richard', 'White', 257.98, 355, 4),
(208, 'AnnLangham@mymail.us', '2006-08-14', 'Conor', 'Waldo', 9.59, 358, 4),
(209, 'FonsPaul@libero.gov', '2007-06-03', 'Leontien', 'Petterson', 1613.52, 368, 4),
(210, 'CiskaArden5@excite.cc', '2007-12-05', 'Bert', 'Barnett', 464567.52, 374, 4),
(211, 'FrankAngarano2@web.cn', '2012-07-23', 'Hanna', 'Weinstein', 161915.89, 384, 4),
(212, 'GeoffryDeBuck@weboffice.co.uk', '2004-04-24', 'Nicholas', 'Davis', 177679.79, 390, 3),
(213, 'Richard.McCrary3@aol.ca', '2006-10-11', 'Kay', 'Knopp', 20563.05, 415, 3),
(214, 'FransWargula@libero.ca', '2008-03-27', 'PieterJan', 'Brown', 93532.99, 418, 4),
(215, 'TonKoch5@mail.ca', '2003-09-13', 'Marcin', 'van Doorn', 56.52, 429, 4),
(216, 'SuzanneOlson@gawab.gov', '2013-03-20', 'Christian', 'van Dijk', 789354.87, 431, 4),
(217, 'NickWeaver@kpn.co.uk', '2012-06-07', 'Scott', 'Hendrix', 63.96, 435, 3),
(218, 'HankHarder@myspace.be', '2006-11-20', 'Coby', 'Van Toorenbeek', 17.09, 436, 3),
(219, 'EJessen@telfort.us', '2002-09-12', 'Zofia', 'Kepler', 412774.29, 443, 1),
(220, 'Trees.Mitchell@gmail.org', '2000-03-27', 'Philip', 'Manson', 69616.72, 451, 1),
(221, 'JYinger@live.es', '2001-09-03', 'Vanessa', 'Franklin', 42101.23, 461, 4),
(222, 'Jean.Wood@excite.fr', '2010-10-19', 'Piet', 'Hoyt', 6315.26, 462, 4),
(223, 'Roger.Hoogbandt3@mobileme.us', '2006-09-10', 'Charlie', 'Mulders', 78149.97, 471, 4),
(224, 'Emma.Noteboom@hotmail.no', '2008-02-27', 'Jeanne', 'Comeau', 5111.02, 475, 1),
(225, 'Freddy.Archer@telefonica.es', '2007-07-11', 'Kayleigh', 'Mulders', 1.34, 486, 1),
(226, 'BiancaStewart5@mymail.us', '2002-08-06', 'Rachel', 'Nahay', 2312.94, 487, 1),
(227, 'Will.Jessen@mail.it', '2001-03-10', 'Bengie', 'Oyler', 337187.92, 492, 1),
(228, 'GPress@web.com', '2008-03-05', 'Sandra', 'Daniel', 61.92, 496, 1),
(229, 'H.Mairy3@gmail.cc', '2003-05-30', 'Sherman', 'Maribarski', 1.9, 498, 1),
(230, 'SydneyHerring2@telfort.org', '2004-03-12', 'Elzbieta', 'Cragin', 191.26, 9, 1),
(231, 'EDulisse1@myspace.no', '2011-03-06', 'Albert', 'Crocetti', 295.26, 22, 1),
(232, 'Peter.Sirabella3@telfort.net', '2013-02-27', 'Maria', 'Cappello', 379.29, 32, 2),
(233, 'Eric.Roger2@myspace.it', '2006-04-19', 'Piotr', 'Wakefield', 62390.56, 44, 3),
(234, 'I.Petrzelka1@freeweb.es', '2005-11-19', 'Matthew', 'Wicks', 760.37, 57, 2),
(235, 'Maarten.van Goes@excite.co.uk', '2001-02-06', 'Karin', 'Moore', 2390.91, 69, 2),
(236, 'Martvan der Laar@lycos.nl', '2011-03-12', 'Nigel', 'Boyer', 42.75, 73, 2),
(237, 'Bas.Pyland@gawab.net', '2004-05-19', 'Siem', 'Schlee', 709275.17, 85, 1),
(238, 'JMcnally@excite.net', '2009-11-16', 'Godfrey', 'Slemp', 45766.75, 91, 1),
(239, 'George.Vanderoever@mymail.cc', '2007-07-31', 'Manuel', 'Morgan', 3.39, 116, 3),
(240, 'Patty.Ward2@excite.be', '2008-06-22', 'Juana', 'Hardoon', 13531.56, 124, 2),
(241, 'GLinhart5@web.com', '2005-09-11', 'Luca', 'Cross', 99.88, 136, 2),
(242, 'BenLejarette@telfort.dk', '2009-01-22', 'Alba', 'Richter', 73968.72, 142, 1),
(243, 'Frans.Sterrett3@kpn.cc', '2000-02-24', 'Kees', 'Braconi', 258763.69, 161, 3),
(244, 'R.Kuehn1@gmail.it', '2007-12-13', 'Ida', 'Brumley', 7384.89, 183, 3),
(245, 'Bill.Deans@weboffice.be', '2005-07-07', 'Megan', 'Korkovski', 84.81, 192, 2),
(246, 'DanDeWilde5@live.com', '2009-10-03', 'Mathias', 'Raines', 92.28, 198, 2),
(247, 'BrentTroher1@mymail.net', '2006-04-03', 'Ana', 'Comeau', 266863.51, 203, 4),
(248, 'Geoffry.Cantere5@telefonica.cn', '2001-09-28', 'Ben', 'Hankins', 6.74, 220, 4),
(249, 'BillArcher1@yahoo.no', '2011-12-24', 'Izzy', 'Schmidt', 82.15, 224, 4),
(250, 'Bill.Wakefield@telefonica.de', '2003-01-29', 'Martin', 'Maribarski', 588303.49, 232, 3),
(251, 'MaddyMakelaar1@telefonica.org', '2000-05-23', 'Margo', 'Moore', 4041.99, 243, 1),
(252, 'WilliamStevenson@web.us', '2012-11-21', 'Lukas', 'Beckbau', 161.92, 250, 1),
(253, 'BenBright@mymail.it', '2000-01-17', 'Mary', 'Hancock', 50.32, 268, 1),
(254, 'BillAyers@live.com', '2004-07-02', 'Wilma', 'Pekagnan', 33932.34, 278, 3),
(255, 'T.Langham@lycos.gov', '2007-10-18', 'Chloe', 'Nahay', 28.51, 290, 3),
(256, 'Ton.Slater5@gawab.no', '2011-06-13', 'Nicholas', 'Cramer', 87691.76, 292, 3),
(257, 'E.Mitchell@excite.com', '2001-03-17', 'Syd', 'Deans', 74.99, 293, 2),
(258, 'FransWarner@gmail.cc', '2006-02-03', 'Nathan', 'King', 4.95, 305, 2),
(259, 'J.Wong@msn.be', '2013-01-31', 'JanCees', 'Cramer', 2353.87, 315, 2),
(260, 'PeterJones@excite.be', '2005-11-10', 'Max', 'Mayberry', 59.59, 327, 1),
(261, 'Alice.Menovosa2@dolfijn.cn', '2010-12-08', 'Sigrid', 'DeBerg', 3391.23, 332, 1),
(262, 'KNadalin@gmail.dk', '2001-10-10', 'Steph', 'Visentini', 6659.89, 337, 1),
(263, 'L.Lawton4@yahoo.us', '2010-12-06', 'Harry', 'Hoyt', 99.94, 359, 2),
(264, 'DRoche1@telfort.no', '2005-10-31', 'Martien', 'Williamson', 6.78, 362, 4),
(265, 'Richard.Otto@kpn.no', '2004-12-04', 'Mario', 'Bogdanovich', 5898.38, 389, 2),
(266, 'NickWhite@mail.es', '2006-09-30', 'Margarita', 'DeWald', 3374.27, 394, 2),
(267, 'Richard.Jones@kpn.gov', '2004-09-04', 'Carlos', 'Guethlein', 510835.71, 400, 1),
(268, 'Kim.Simonent@dolfijn.ca', '2001-07-19', 'Francisco', 'Francis', 602.17, 412, 2),
(269, 'Sjors.Reames5@yahoo.es', '2000-01-31', 'Jules', 'Sakurai', 503471.71, 420, 2),
(270, 'NigelLannigham3@excite.be', '2001-03-12', 'Colin', 'Bernstein', 9.7, 423, 2),
(271, 'Bill.Millikin@lycos.cn', '2012-10-16', 'Dave', 'Jones', 3927.63, 428, 2),
(272, 'TreesLinhart5@gawab.com', '2008-08-15', 'Jozef', 'Stannard', 6866.94, 430, 2),
(273, 'RichardBogdanovich2@mail.ca', '2006-04-29', 'Lucia', 'Waldo', 31021.34, 434, 2),
(274, 'RogerVan Dinter@telefonica.ca', '2004-09-28', 'Camila', 'Moreau', 627.23, 453, 2),
(275, 'Mart.Ward3@mail.dk', '2003-02-22', 'Sherm', 'Novratni', 43.86, 459, 2),
(276, 'Will.Huston5@yahoo.ca', '2011-05-13', 'Pieter', 'Daley', 8619, 469, 1),
(277, 'Fred.Aldritch1@telfort.it', '2006-02-21', 'Patty', 'van het Hof', 54.45, 476, 1),
(278, 'Martin.Whitehurst5@hotmail.be', '2011-08-19', 'Pauline', 'Makelaar', 22.94, 30, 2),
(279, 'I.Howe@yahoo.es', '2011-03-31', 'Lauren', 'Riegel', 1447.61, 36, 2),
(280, 'HankRivers@weboffice.nl', '2006-07-22', 'Daan', 'Zapetis', 7200.92, 60, 2),
(281, 'Hank.King4@live.co.uk', '2010-11-28', 'Stephen', 'Poplock', 15182.91, 68, 4),
(282, 'TreesWilliamson@telfort.org', '2012-11-19', 'Philippa', 'Naff', 4.6, 82, 1),
(283, 'Lynn.Browne@telefonica.ca', '2009-10-16', 'Hanna', 'Brisco', 845.62, 96, 2),
(284, 'Richard.White@myspace.de', '2001-06-26', 'Lisa', 'Brady', 3.41, 107, 4),
(285, 'WilliamHopper@msn.de', '2000-09-09', 'Janet', 'Koch', 5878.43, 111, 4),
(286, 'J.Long4@mail.cc', '2003-02-24', 'Michel', 'Hummel', 21.49, 154, 4),
(287, 'L.Cain@gawab.cc', '2005-07-11', 'Eleanor', 'Anderson', 1471.76, 177, 3),
(288, 'Fred.Griffith@live.no', '2011-09-22', 'Michel', 'Watson', 6914.65, 182, 3),
(289, 'FredForeman@freeweb.us', '2005-05-13', 'Margaret', 'Archer', 3.68, 189, 3),
(290, 'PaulMoore@kpn.be', '2012-07-08', 'Tomasz', 'Overton', 534.7, 190, 3),
(291, 'EricFernandez@msn.be', '2007-04-10', 'Theo', 'Griffith', 8926.64, 193, 1),
(292, 'IDepew@hotmail.de', '2007-06-01', 'Isak', 'Beckbau', 820.94, 210, 3),
(293, 'JohanDaughtery@telfort.cn', '2004-06-11', 'Rik', 'Cohen', 20.25, 219, 1),
(294, 'JohnFrancis@aol.us', '2012-12-10', 'Jessica', 'Climent', 6097.07, 223, 1),
(295, 'Will.Jones@dolfijn.cc', '2011-08-09', 'Peggy', 'Koss', 95604.43, 235, 1),
(296, 'MartinWooten1@mail.gov', '2008-03-12', 'Helma', 'Prior', 262368.1, 251, 1),
(297, 'FreddyBloom@aol.no', '2006-02-10', 'Jose', 'Anderson', 66544.94, 271, 3),
(298, 'N.Pekaban@msn.com', '2005-09-20', 'Jose', 'Stevens', 227482.39, 275, 3),
(299, 'FransEmerson@libero.es', '2008-08-29', 'Charlotte', 'Angarano', 10829.02, 282, 3),
(300, 'Fred.Laudanski1@live.it', '2009-02-14', 'Fabian', 'Huston', 565.82, 291, 3),
(301, 'RickFreed@live.gov', '2012-11-25', 'Eleanor', 'Chwatal', 72.34, 299, 4),
(302, 'MandySchubert1@msn.net', '2005-10-30', 'Erin', 'Marra', 285155.85, 313, 4),
(303, 'FredShapiro4@myspace.gov', '2005-05-21', 'Richard', 'Zapetis', 243.22, 351, 4),
(304, 'FrankyJohnson@mail.no', '2005-08-27', 'Ben', 'Chwatal', 596031.8, 352, 2),
(305, 'Pauline.Cantere5@live.de', '2005-12-05', 'Luca', 'Young', 124.48, 360, 4),
(306, 'William.Wolpert@web.es', '2004-11-11', 'Tim', 'Archer', 7.16, 370, 4),
(307, 'WilliamMoreau@msn.cn', '2005-04-24', 'Maaike', 'Mulders', 78769.24, 375, 4),
(308, 'K.Morton@telefonica.co.uk', '2005-08-13', 'Nicholas', 'Bryant', 7447.94, 379, 3),
(309, 'JeanGunter4@libero.dk', '2000-06-27', 'Nicolas', 'Boyer', 602.24, 383, 2),
(310, 'WillMillikin1@mymail.org', '2007-06-19', 'Eleanor', 'Francis', 908225.92, 396, 1),
(311, 'MandySymbouras@kpn.nl', '2013-02-04', 'Oscar', 'Stevens', 5126.86, 399, 1),
(312, 'AmberMariojnisk@kpn.es', '2010-08-29', 'Joanne', 'Phillips', 94338.48, 445, 3),
(313, 'HansBarbee@telefonica.com', '2008-02-23', 'Kayleigh', 'Slemp', 15.12, 452, 3),
(314, 'TonMiller@mail.co.uk', '2011-07-02', 'Gert', 'Wood', 64.47, 491, 3),
(315, 'Bas.Troher1@live.cc', '2001-03-08', 'Will', 'Blacher', 78763.24, 4, 3),
(316, 'R.Duvall4@lycos.nl', '2003-09-08', 'Lia', 'Duvall', 3.45, 27, 3),
(317, 'WilliamMoore3@gmail.ca', '2000-05-12', 'Ester', 'Conley', 148446.22, 63, 3),
(318, 'GretsjGriffioen@mail.es', '2001-05-07', 'Cristina', 'Archer', 6141.94, 71, 3),
(319, 'Peter.McCrary5@mobileme.de', '2007-03-18', 'Isak', 'Huffsmitt', 16.69, 88, 3),
(320, 'Freddy.Imhoff1@aol.co.uk', '2007-08-26', 'Katie', 'Ayers', 12432.71, 153, 3),
(321, 'S.Reyes@mobileme.no', '2010-11-11', 'Sofia', 'Grote', 1.88, 169, 3),
(322, 'FreddyFreed@lycos.net', '2000-08-10', 'Sean', 'Lee', 666012.05, 176, 3),
(323, 'ILinton1@telfort.dk', '2006-06-11', 'Stephanie', 'Guethlein', 4801.36, 200, 3),
(324, 'RonaldReyes2@telfort.net', '2007-03-30', 'Adrian', 'Wilson', 93.76, 206, 4),
(325, 'GeoffryCohen@myspace.us', '2008-04-17', 'Scott', 'Koss', 888072.23, 212, 4),
(326, 'Brend.Pekaban@yahoo.cc', '2008-08-31', 'Harold', 'Crocetti', 551056.3, 214, 1),
(327, 'Bob.Mariojnisk@excite.no', '2007-08-25', 'Sydney', 'White', 96.25, 274, 1),
(328, 'WilliamBloom5@dolfijn.org', '2003-08-29', 'Sharon', 'Framus', 262.05, 308, 2),
(329, 'FemkeWard@yahoo.org', '2009-10-27', 'Sem', 'Stannard', 16.61, 325, 2),
(330, 'Stein.van Doorn1@web.dk', '2013-02-01', 'Bess', 'Gildersleeve', 5024.65, 335, 2),
(331, 'JohanSlater4@msn.org', '2009-06-05', 'Sharon', 'Moreau', 23.3, 366, 4),
(332, 'MikeEcchevarri2@telefonica.it', '2011-02-10', 'Will', 'Thaler', 33.1, 369, 3),
(333, 'HOrcutt@live.it', '2011-06-19', 'Martin', 'Cantere', 1309.29, 376, 3),
(334, 'Michael.Bertelson@dolfijn.dk', '2009-09-20', 'Barbara', 'Cramer', 8869.66, 393, 1),
(335, 'P.Jones@telfort.gov', '2005-12-18', 'Iris', 'Wesolowski', 77.03, 424, 4),
(336, 'K.Lawton@gmail.cc', '2003-08-11', 'Pete', 'Wilson', 783.41, 439, 4),
(337, 'MRoger@yahoo.cc', '2001-11-11', 'Janet', 'Little', 602.41, 464, 1),
(338, 'Ronald.Thaler@dolfijn.fr', '2005-06-16', 'Jeanette', 'Walker', 212075.99, 477, 4),
(339, 'Johan.Kingslan@mail.it', '2009-05-08', 'Kim', 'Lannigham', 92106.2, 484, 4),
(340, 'PSlater3@mail.dk', '2003-01-02', 'Jesse', 'Stockton', 25.81, 500, 3),
(341, 'R.Royal@msn.es', '2011-06-11', 'Tara', 'Manson', 1.15, 2, 3),
(342, 'RogierMillis1@libero.no', '2008-11-17', 'Stephanie', 'Stockton', 943.44, 10, 3),
(343, 'BiancaLinton@web.fr', '2012-01-20', 'Linnea', 'Zia', 85.13, 12, 2),
(344, 'PDean1@lycos.no', '2006-06-01', 'Willy', 'Jenssen', 77.72, 20, 2),
(345, 'KGaskins@msn.cn', '2003-01-20', 'Raul', 'Bergdahl', 56710.25, 31, 3),
(346, 'MLejarette@kpn.co.uk', '2012-02-19', 'Emily', 'Dean', 27805.23, 35, 4),
(347, 'G.Moon4@libero.com', '2007-06-20', 'John', 'Duvall', 9793.41, 62, 4),
(348, 'L.Crocetti3@weboffice.gov', '2009-01-03', 'Oscar', 'Angarano', 7.62, 80, 1),
(349, 'H.Ahlgren4@web.net', '2000-05-20', 'Herbert', 'Van Dinter', 6.19, 89, 2),
(350, 'PabloBright@hotmail.dk', '2004-04-25', 'Benjamin', 'Nahay', 20402.91, 134, 2),
(351, 'Pauline.Phillips4@live.de', '2004-05-19', 'Peg', 'Spensley', 144690.69, 144, 2),
(352, 'MikeLannigham@weboffice.cn', '2007-08-18', 'Erik', 'Thaler', 1.31, 149, 2),
(353, 'Frans.Cappello2@excite.us', '2008-04-02', 'George', 'Barbee', 1617.17, 151, 2),
(354, 'PeteHuffsmitt4@web.ca', '2002-04-08', 'Niek', 'Mayberry', 6634.65, 199, 4),
(355, 'Ben.Jenssen@telfort.it', '2011-08-30', 'Herman', 'Korkovski', 2.85, 244, 3),
(356, 'Bob.Menovosa1@yahoo.cc', '2001-07-18', 'Tyler', 'Little', 376991.91, 265, 2),
(357, 'FredBloom@telefonica.com', '2004-02-22', 'Ainhoa', 'Royal', 3.38, 279, 2),
(358, 'Victoria.Braconi1@web.dk', '2001-07-23', 'Sofia', 'Matthew', 1504.55, 339, 2),
(359, 'E.Mcgrew3@weboffice.de', '2005-04-28', 'Conor', 'Linton', 70.05, 346, 2),
(360, 'Freddy.Slater1@gmail.net', '2001-02-13', 'Chuck', 'Dulisse', 74578.2, 354, 3),
(361, 'Frank.Knopp@dolfijn.us', '2001-04-03', 'Anne', 'Lee', 7.43, 364, 3),
(362, 'Ton.Mayberry@freeweb.cc', '2003-02-17', 'Peter', 'Manson', 403.2, 387, 3),
(363, 'YRay2@gawab.fr', '2012-09-24', 'Nicoline', 'DeBerg', 51.14, 402, 3),
(364, 'Hank.Williams2@mail.nl', '2003-10-16', 'Callum', 'Kidd', 29135.67, 478, 2),
(365, 'Hank.Antonucci2@lycos.nl', '2009-10-09', 'Niklas', 'Ayers', 5.04, 488, 2),
(366, 'LCrocetti2@myspace.no', '2010-02-17', 'Cristian', 'Bruno', 4096.55, 497, 2),
(367, 'TreesAngarano3@kpn.org', '2005-01-16', 'Jim', 'Novratni', 849.61, 23, 4),
(368, 'G.Caffray@hotmail.dk', '2006-05-12', 'Godfrey', 'Framus', 8145.27, 28, 4),
(369, 'AgnesSuszantor1@myspace.de', '2013-06-02', 'Nathan', 'Angarano', 99.31, 38, 4),
(370, 'Johan.Wood3@myspace.no', '2001-06-30', 'Luke', 'Herring', 670343.76, 52, 1),
(371, 'HWaldo@mobileme.org', '2002-02-11', 'Dick', 'Press', 49.83, 100, 1),
(372, 'YGibson@mobileme.nl', '2008-09-24', 'Dick', 'Vanderoever', 73.7, 103, 3),
(373, 'TreesMorton@hotmail.it', '2000-06-16', 'Dick', 'Brumley', 657.19, 120, 3),
(374, 'R.Foreman1@hotmail.fr', '2012-05-28', 'Cees', 'Schubert', 86910.72, 130, 3),
(375, 'Fons.Malone@aol.no', '2001-06-07', 'Marie', 'Forsberg', 42887.61, 138, 2),
(376, 'Oliver.Botsik1@kpn.net', '2008-12-25', 'Eleanor', 'Shapiro', 3411.77, 159, 2),
(377, 'Bas.King@lycos.cc', '2011-10-31', 'Daniela', 'Chwatal', 8.36, 172, 2),
(378, 'Mandy.Guethlein@libero.it', '2004-03-23', 'Mart', 'Olson', 164.17, 202, 2),
(379, 'C.Gerschkow1@yahoo.ca', '2003-12-05', 'Juana', 'Manson', 69.74, 255, 2),
(380, 'Femke.Makelaar2@gawab.it', '2001-06-25', 'Henk', 'DeBerg', 88299.09, 333, 2),
(381, 'Madelein.Hummel4@freeweb.be', '2005-01-25', 'Joshua', 'White', 52.1, 392, 1),
(382, 'N.Novratni1@aol.be', '2003-02-05', 'Paul', 'Bloom', 515.79, 398, 1),
(383, 'WilliamBergdahl3@myspace.nl', '2011-08-20', 'Co', 'Barnett', 9.25, 403, 3),
(384, 'EmmaFernandez@myspace.com', '2005-03-17', 'Tom', 'Sterrett', 255.35, 409, 3),
(385, 'LChwatal@yahoo.us', '2005-08-02', 'Max', 'Bruno', 9.76, 413, 3),
(386, 'Bianca.Franklin1@excite.gov', '2009-10-26', 'Chuck', 'Swaine', 95165.74, 422, 3),
(387, 'BiancaDurso3@aol.dk', '2003-06-15', 'Rolla', 'Little', 89.08, 441, 3),
(388, 'EMoore1@gawab.it', '2004-01-08', 'Delphine', 'Wooten', 1.22, 458, 2),
(389, 'BasAnderson@dolfijn.es', '2006-04-14', 'Klaas', 'Clarke', 36.27, 465, 2),
(390, 'IMcDaniel@gawab.dk', '2002-02-24', 'Herman', 'Keller', 33272.84, 42, 3),
(391, 'R.van het Hof@live.ca', '2006-08-25', 'Joey', 'Robbins', 6659.86, 48, 3),
(392, 'H.Spensley@libero.co.uk', '2007-05-21', 'Jose', 'Durso', 136.98, 66, 4),
(393, 'BasKoch3@web.es', '2012-07-08', 'Caroline', 'Poole', 976842.89, 129, 1),
(394, 'BillWatson@gawab.cn', '2010-05-29', 'Isabelle', 'Wilson', 806.14, 139, 1),
(395, 'JohanKnopp3@gmail.ca', '2005-02-09', 'Caroline', 'Mcnally', 9864.81, 140, 1),
(396, 'P.Pekaban5@libero.fr', '2001-06-20', 'Lizzy', 'Zia', 7641.65, 215, 4),
(397, 'Stein.van het Hof@mymail.org', '2003-06-08', 'Catherine', 'Patricelli', 9.41, 248, 4),
(398, 'Bart.Reyes1@lycos.com', '2011-08-07', 'Henry', 'Robertson', 809.1, 256, 3),
(399, 'RichardVostreys@mobileme.no', '2008-08-08', 'Philip', 'Davis', 14233.06, 259, 3),
(400, 'D.Ditmanen5@mail.org', '2011-06-14', 'Tomasz', 'Robinson', 58.73, 317, 3),
(401, 'M.Katsekes3@kpn.ca', '2011-03-22', 'Adrian', 'Thaler', 9.67, 411, 1),
(402, 'JackRobertson@freeweb.org', '2003-04-14', 'Sid', 'Fernandez', 402983.08, 419, 1),
(403, 'Bill.Caouette@aol.fr', '2009-08-07', 'Sid', 'Paul', 288255.35, 442, 1),
(404, 'Y.Moore@telfort.ca', '2006-03-18', 'Mart', 'Thompson', 293.33, 473, 1),
(405, 'Suzanne.Blount4@mymail.dk', '2000-04-26', 'Alexis', 'Hopper', 9980.26, 15, 3),
(406, 'K.Moreau4@mymail.dk', '2013-06-30', 'Hanna', 'Brisco', 84226.16, 126, 3),
(407, 'PatrickPraeger3@lycos.us', '2010-10-12', 'Siska', 'Caffray', 47699.16, 165, 3),
(408, 'VictorCooper3@hotmail.us', '2002-10-07', 'Jose', 'Overton', 393666.17, 221, 3),
(409, 'HOrcutt2@yahoo.dk', '2001-05-14', 'Kaylee', 'Ray', 9.84, 267, 3),
(410, 'Nadine.Moore1@aol.us', '2008-03-05', 'Lisa', 'Visentini', 418.01, 300, 3),
(411, 'Lynn.Cain@freeweb.com', '2012-09-21', 'Luis', 'Dittrich', 3.25, 320, 4),
(412, 'BillHaynes2@kpn.net', '2000-04-07', 'Tinus', 'Uitergeest', 337711.03, 367, 3),
(413, 'MRoger5@weboffice.dk', '2005-03-02', 'Ricardo', 'Overton', 748.88, 421, 3),
(414, 'RichardShapiro2@live.es', '2004-01-02', 'Edwin', 'Goodman', 7.34, 438, 3),
(415, 'Madelein.van het Hof@gawab.gov', '2002-03-27', 'Rolla', 'Griffioen', 590053.08, 455, 2),
(416, 'FredBergdahl@telefonica.no', '2002-01-28', 'Truus', 'Rivers', 74.5, 479, 4),
(417, 'FrankKing@mobileme.de', '2003-10-11', 'Marty', 'Beckbau', 1.1, 19, 4),
(418, 'JimVan Dinter2@msn.com', '2002-07-28', 'Lauren', 'Cappello', 9799.35, 33, 4),
(419, 'William.Antonucci@msn.de', '2003-10-10', 'Mikkel', 'Griffioen', 2.71, 67, 1),
(420, 'R.Deleo@mobileme.org', '2009-05-09', 'Hank', 'Liddle', 799.06, 77, 3),
(421, 'Freddy.Hendrix@libero.it', '2002-05-24', 'Martin', 'Bernstein', 249.67, 98, 3),
(422, 'J.Foreman@gawab.it', '2010-04-17', 'Dave', 'Gieske', 38738.08, 123, 4),
(423, 'GWatson@mymail.com', '2002-03-02', 'Julia', 'Polti', 160.77, 175, 4),
(424, 'BillRoyal1@web.no', '2001-05-04', 'Stephanie', 'Symbouras', 61802.6, 216, 3),
(425, 'FrankyGunter@freeweb.gov', '2011-12-04', 'Dave', 'Wood', 91585.86, 225, 3),
(426, 'JohanMiller@telefonica.org', '2007-04-27', 'Scottie', 'Hollman', 129.52, 228, 3),
(427, 'YAldritch@web.de', '2007-07-25', 'Manuel', 'Markovi', 864.59, 254, 2),
(428, 'DanPetterson3@telfort.com', '2012-07-24', 'Julia', 'Bright', 4393.24, 269, 2),
(429, 'V.Whitehurst@kpn.net', '2004-08-16', 'Stanislaw', 'Ionescu', 712540.14, 272, 4),
(430, 'Lindsy.Braconi@kpn.net', '2004-04-21', 'Taylor', 'Wolpert', 734455.11, 307, 4),
(431, 'P.Prior3@gmail.org', '2008-06-03', 'Thomas', 'Guyer', 4014.76, 321, 4),
(432, 'JTroher@lycos.com', '2002-09-05', 'Emily', 'Cohen', 87045.69, 378, 1),
(433, 'L.Sharp@kpn.co.uk', '2003-05-03', 'Emil', 'Gildersleeve', 5.7, 385, 1),
(434, 'Y.Lamere@weboffice.es', '2009-03-13', 'Leo', 'Botsik', 87.43, 408, 1),
(435, 'RWilson3@weboffice.co.uk', '2005-09-10', 'Adrian', 'Pearlman', 52.13, 425, 4),
(436, 'IgorJiminez@telefonica.be', '2007-05-24', 'Margo', 'Imhoff', 4.65, 472, 4),
(437, 'GGunter@gmail.ca', '2005-08-08', 'Bram', 'Frega', 975.72, 481, 3),
(438, 'Rogier.Matthew@gmail.no', '2000-11-26', 'Marek', 'Cragin', 147339.47, 55, 2),
(439, 'Dave.Uprovski5@live.it', '2009-07-23', 'Eleanor', 'Hoogbandt', 27.37, 238, 1),
(440, 'BasDurso@mymail.net', '2006-05-03', 'Trevor', 'Wong', 546.69, 253, 1),
(441, 'R.Wicks@lycos.no', '2009-04-18', 'Michael', 'Patricelli', 6.83, 303, 1),
(442, 'RLiddle1@hotmail.cc', '2001-02-25', 'Sigrid', 'Millikin', 654.59, 312, 2),
(443, 'MDonatelli2@dolfijn.gov', '2011-07-04', 'Sammy', 'Meterson', 6.02, 322, 2),
(444, 'JohanThompson1@telfort.fr', '2008-09-21', 'Anna', 'Bertelson', 50.31, 347, 1),
(445, 'NickAllison@weboffice.de', '2004-08-03', 'Pieter', 'Sanders', 4678.59, 381, 1),
(446, 'Peter.Caouette@live.it', '2009-10-06', 'Charles', 'Johnson', 7.6, 447, 1),
(447, 'IsoldeCaffray@myspace.com', '2006-12-15', 'Kimmy', 'Poplock', 567212.99, 59, 1),
(448, 'JackKepler@mymail.dk', '2010-12-18', 'Juana', 'Thaler', 51906.87, 83, 1),
(449, 'E.Jessen3@mobileme.cn', '2012-08-20', 'Jonas', 'Fox', 7.3, 101, 4),
(450, 'Ann.Storrs3@web.cc', '2010-11-18', 'Peter', 'Ionescu', 9989.2, 128, 4),
(451, 'HSlater@excite.us', '2005-06-21', 'Tim', 'Noteboom', 50.79, 148, 3),
(452, 'JohanHankins@live.ca', '2011-12-31', 'Albert', 'Davis', 17187.41, 156, 3),
(453, 'Trees.Nadalin5@mymail.nl', '2007-08-13', 'Helma', 'Moreau', 61051.85, 285, 2),
(454, 'P.Wilson3@libero.co.uk', '2010-06-28', 'Emily', 'Ditmanen', 6.98, 361, 4),
(455, 'Bill.Ostanik@mymail.org', '2013-06-21', 'Ana', 'Toreau', 7.4, 373, 4),
(456, 'Fred.Durso3@weboffice.com', '2000-08-13', 'Maximilian', 'Crocetti', 233402.7, 454, 4),
(457, 'NickWatson5@aol.net', '2002-09-19', 'Kimmy', 'Mitchell', 58.66, 37, 1),
(458, 'TonSterrett1@msn.it', '2012-10-15', 'Patty', 'Duvall', 278306.06, 119, 2),
(459, 'VictoriaFramus@excite.co.uk', '2011-11-23', 'Bas', 'Dean', 2.52, 137, 4),
(460, 'Liam.Simonent@live.us', '2004-06-11', 'Emily', 'Bryant', 1.09, 186, 4),
(461, 'PatrickCohen@aol.no', '2011-05-26', 'Mads', 'Laudanski', 162.33, 280, 1),
(462, 'BasLawton@freeweb.com', '2004-08-11', 'Joop', 'Millis', 258.68, 288, 3),
(463, 'FreddyMejia@mymail.co.uk', '2001-01-04', 'Sigrid', 'Stevenson', 35150.8, 297, 3),
(464, 'TreesPoplock@myspace.es', '2013-02-22', 'Lucy', 'Williamson', 77.95, 328, 3),
(465, 'MCain3@telfort.cn', '2003-12-29', 'Sue', 'Stannard', 99280.21, 197, 4),
(466, 'JohnLadaille5@hotmail.ca', '2013-04-11', 'Theo', 'Clarke', 579473.32, 205, 3),
(467, 'NickWong4@mymail.org', '2000-11-08', 'Leon', 'Baltec', 342.84, 231, 3),
(468, 'RickPoissant4@mail.nl', '2011-11-12', 'Thelma', 'DeBerg', 12100.69, 463, 3),
(469, 'Bas.Ladaille2@dolfijn.net', '2001-09-12', 'Camilla', 'Griffioen', 944361.13, 466, 3),
(470, 'Peter.Gildersleeve@yahoo.fr', '2010-12-24', 'Ron', 'Climent', 2580.81, 24, 3),
(471, 'DanaLeGrand5@mail.es', '2006-12-13', 'Tom', 'Brady', 631.43, 54, 3),
(472, 'Fred.Harder@telfort.nl', '2009-10-01', 'Jordy', 'Imhoff', 81.66, 158, 2),
(473, 'Hank.Shapiro@kpn.fr', '2004-10-17', 'Truus', 'Kuehn', 4.81, 180, 3),
(474, 'JHoyt3@web.org', '2001-12-12', 'Kimmy', 'Boyer', 279723.08, 187, 3),
(475, 'HSuszantor@dolfijn.com', '2010-03-14', 'Albert', 'Lee', 6116.52, 207, 2),
(476, 'K.Comeau@kpn.gov', '2011-08-18', 'Samuel', 'Forsberg', 3.13, 343, 3),
(477, 'Will.Brisco1@weboffice.fr', '2001-10-18', 'Malgorzata', 'Williams', 945285.97, 449, 1),
(478, 'PPlantz@mobileme.es', '2011-02-06', 'Peter', 'Bruno', 4.64, 456, 4),
(479, 'Eric.Bernstein@myspace.co.uk', '2008-03-16', 'Sue', 'Moore', 4.31, 319, 4),
(480, 'Fred.McDaniel1@libero.cn', '2009-11-17', 'Olivia', 'Brendjens', 68.53, 401, 4),
(481, 'Maarten.Reyes4@msn.nl', '2001-02-20', 'Christopher', 'Julieze', 14.59, 417, 2),
(482, 'MikeLeonarda5@gmail.com', '2000-11-03', 'Rachel', 'van Doorn', 6746.09, 46, 2),
(483, 'Rick.Liddle3@weboffice.no', '2002-11-01', 'Emil', 'Petterson', 9.65, 65, 2),
(484, 'Brent.Zurich@live.net', '2010-05-03', 'Katie', 'Pickering', 7.14, 94, 4),
(485, 'JBergdahl4@mail.cn', '2010-12-24', 'Peter', 'Wood', 7.8, 95, 4),
(486, 'Maddyvan Doorn5@aol.be', '2009-07-30', 'Steve', 'Williams', 920862.86, 246, 3),
(487, 'RoyReyes1@web.ca', '2003-05-21', 'Caroline', 'van Dijk', 493.27, 340, 2),
(488, 'T.Reames@hotmail.com', '2007-01-18', 'Elena', 'Lawton', 79.73, 495, 2),
(489, 'Frans.Jones@lycos.cn', '2011-07-27', 'Tomas', 'Roger', 679, 45, 2),
(490, 'AnnLangham5@kpn.fr', '2001-11-15', 'Lukas', 'Manson', 11.44, 414, 1),
(491, 'AlicePolti5@weboffice.es', '2010-11-21', 'Saskia', 'Hankins', 3.29, 117, 1),
(492, 'Hans.Slemp5@lycos.net', '2011-11-20', 'Syd', 'Tudisco', 131.4, 127, 1),
(493, 'Hans.Comeau2@libero.es', '2008-09-04', 'Alexander', 'Brisco', 8661.74, 167, 1),
(494, 'TJackson@myspace.org', '2000-08-14', 'Alexis', 'Archer', 73.39, 245, 1),
(495, 'Rico.Wood3@mail.es', '2002-11-01', 'Lukas', 'Bogdanovich', 84.48, 267, 4),
(496, 'MaartenReames@hotmail.no', '2003-02-16', 'Lars', 'Stannard', 942036.6, 311, 4),
(497, 'JPoissant@live.gov', '2001-07-31', 'Stephen', 'Moore', 508.54, 110, 4),
(498, 'GNewman2@live.nl', '2004-10-09', 'Bengie', 'Guyer', 745.81, 168, 1),
(499, 'Vincent.Heyn@myspace.com', '2012-11-20', 'Daan', 'Chwatal', 1702.73, 298, 1),
(500, 'TonHelfrich@yahoo.co.uk', '2009-09-29', 'Steve', 'Blount', 742.15, 298, 3);

-- --------------------------------------------------------

--
-- Table structure for table `staff_presentation`
--

CREATE TABLE IF NOT EXISTS `staff_presentation` (
  `staff_id` int(11) NOT NULL,
  `presentation_id` int(11) NOT NULL,
  PRIMARY KEY (`staff_id`,`presentation_id`),
  KEY `FK_4p1krcmv8nhmoqugtuioug5ut` (`presentation_id`),
  KEY `FK_2wooo2agjirgh5049pcdw89j1` (`staff_id`)
) ENGINE=InnoDB DEFAULT CHARSET=latin1;

--
-- Dumping data for table `staff_presentation`
--

INSERT INTO `staff_presentation` (`staff_id`, `presentation_id`) VALUES
(95, 1),
(223, 1),
(465, 1),
(498, 1),
(194, 2),
(198, 2),
(333, 2),
(429, 2),
(171, 3),
(244, 3),
(288, 3),
(313, 3),
(321, 3),
(348, 3),
(63, 4),
(110, 4),
(277, 4),
(299, 4),
(348, 4),
(51, 5),
(64, 5),
(153, 5),
(234, 5),
(245, 5),
(287, 5),
(309, 5),
(445, 5),
(176, 6),
(362, 6),
(419, 6),
(144, 7),
(173, 7),
(223, 7),
(84, 8),
(225, 8),
(308, 8),
(341, 8),
(392, 8),
(466, 8),
(171, 9),
(211, 9),
(32, 10),
(86, 10),
(195, 10),
(254, 10),
(52, 11),
(244, 11),
(282, 11),
(437, 11),
(474, 11),
(34, 12),
(127, 12),
(266, 12),
(349, 12),
(430, 12),
(462, 12),
(35, 13),
(96, 13),
(275, 13),
(342, 13),
(68, 14),
(127, 14),
(155, 14),
(314, 14),
(445, 14),
(37, 15),
(68, 15),
(145, 15),
(177, 15),
(236, 15),
(245, 15),
(484, 15),
(127, 16),
(160, 16),
(173, 16),
(469, 16),
(485, 16),
(174, 17),
(198, 17),
(226, 17),
(302, 17),
(448, 17),
(1, 18),
(34, 18),
(145, 18),
(163, 18),
(227, 18),
(289, 18),
(309, 18),
(378, 18),
(433, 18),
(196, 19),
(282, 19),
(52, 20),
(84, 20),
(338, 20),
(69, 21),
(82, 21),
(323, 21),
(443, 21),
(484, 21),
(499, 21),
(36, 22),
(247, 22),
(405, 22),
(490, 22),
(160, 23),
(260, 23),
(382, 23),
(3, 24),
(80, 24),
(103, 24),
(300, 24),
(383, 24),
(430, 24),
(465, 24),
(485, 24),
(127, 25),
(147, 25),
(175, 25),
(188, 25),
(372, 25),
(378, 25),
(406, 25),
(417, 25),
(66, 26),
(153, 26),
(197, 26),
(14, 27),
(111, 27),
(101, 28),
(211, 28),
(285, 28),
(475, 28),
(18, 29),
(97, 29),
(154, 29),
(266, 29),
(301, 29),
(323, 29),
(2, 30),
(178, 30),
(434, 30),
(441, 30),
(485, 30),
(174, 31),
(189, 31),
(213, 31),
(310, 31),
(344, 31),
(371, 31),
(404, 31),
(475, 31),
(323, 32),
(328, 32),
(367, 32),
(37, 33),
(41, 33),
(163, 33),
(187, 33),
(201, 33),
(213, 33),
(292, 33),
(340, 33),
(368, 33),
(400, 33),
(430, 33),
(198, 34),
(294, 34),
(365, 34),
(466, 34),
(2, 35),
(103, 35),
(113, 35),
(268, 35),
(484, 35),
(67, 36),
(214, 36),
(372, 36),
(458, 36),
(481, 36),
(114, 37),
(375, 37),
(386, 37),
(16, 38),
(68, 38),
(69, 38),
(101, 38),
(133, 38),
(164, 38),
(344, 38),
(386, 38),
(408, 38),
(88, 39),
(134, 39),
(159, 39),
(326, 39),
(369, 39),
(426, 39),
(174, 40),
(259, 40),
(328, 40),
(258, 41),
(316, 41),
(406, 41),
(416, 41),
(178, 42),
(192, 42),
(261, 42),
(449, 42),
(19, 43),
(37, 43),
(73, 43),
(248, 43),
(267, 43),
(358, 43),
(374, 43),
(496, 43),
(214, 44),
(248, 44),
(467, 44),
(489, 44),
(23, 45),
(25, 45),
(39, 45),
(56, 45),
(73, 45),
(74, 45),
(118, 45),
(249, 45),
(3, 46),
(188, 46),
(438, 46),
(459, 46),
(132, 47),
(177, 47),
(227, 47),
(232, 47),
(365, 47),
(385, 47),
(459, 47),
(479, 47),
(497, 47),
(160, 48),
(252, 48),
(494, 48),
(60, 49),
(105, 49),
(116, 49),
(316, 49),
(480, 49),
(89, 50),
(116, 50),
(130, 50),
(329, 50),
(399, 50),
(402, 50),
(426, 50),
(136, 51),
(181, 51),
(387, 51),
(434, 51),
(214, 52),
(372, 52),
(373, 52),
(17, 53),
(250, 53),
(317, 53),
(472, 53),
(341, 54),
(403, 54),
(94, 55),
(119, 55),
(259, 55),
(271, 55),
(316, 55),
(402, 55),
(450, 55),
(366, 56),
(23, 57),
(40, 57),
(133, 57),
(179, 57),
(279, 57),
(348, 57),
(467, 57),
(117, 58),
(136, 58),
(353, 58),
(356, 58),
(418, 58),
(73, 59),
(189, 59),
(481, 59),
(151, 60),
(201, 60),
(241, 60),
(250, 60),
(329, 60),
(165, 61),
(251, 61),
(262, 61),
(346, 61),
(350, 61),
(359, 61),
(72, 62),
(90, 62),
(251, 62),
(261, 62),
(269, 62),
(477, 62),
(497, 62),
(166, 63),
(391, 63),
(498, 63),
(96, 64),
(162, 64),
(295, 64),
(397, 64),
(44, 65),
(409, 65),
(444, 65),
(46, 66),
(62, 66),
(106, 66),
(160, 66),
(176, 66),
(355, 66),
(370, 66),
(439, 66),
(202, 67),
(220, 67),
(272, 67),
(275, 67),
(295, 67),
(486, 67),
(1, 68),
(107, 68),
(237, 68),
(91, 69),
(150, 69),
(204, 69),
(351, 69),
(440, 69),
(92, 70),
(204, 70),
(377, 70),
(380, 70),
(427, 70),
(459, 70),
(122, 71),
(370, 71),
(468, 71),
(97, 72),
(207, 72),
(275, 72),
(305, 72),
(355, 72),
(405, 72),
(413, 72),
(25, 73),
(92, 73),
(103, 73),
(123, 73),
(181, 73),
(219, 73),
(104, 74),
(106, 74),
(151, 74),
(182, 74),
(194, 74),
(205, 74),
(283, 74),
(303, 74),
(336, 74),
(119, 75),
(234, 75),
(280, 75),
(298, 75),
(355, 75),
(394, 75),
(452, 75),
(253, 76),
(468, 76),
(140, 77),
(332, 77),
(477, 77),
(139, 78),
(183, 78),
(344, 78),
(358, 78),
(389, 78),
(404, 78),
(92, 79),
(182, 79),
(335, 79),
(470, 79),
(287, 80),
(296, 80),
(379, 80),
(16, 81),
(73, 81),
(427, 81),
(483, 81),
(5, 82),
(77, 82),
(205, 82),
(299, 82),
(306, 82),
(351, 82),
(472, 82),
(155, 83),
(263, 83),
(397, 83),
(412, 83),
(428, 83),
(456, 83),
(44, 84),
(220, 84),
(278, 84),
(286, 84),
(407, 84),
(447, 84),
(483, 84),
(51, 85),
(120, 85),
(469, 85),
(46, 86),
(280, 86),
(356, 86),
(170, 87),
(455, 87),
(27, 88),
(78, 88),
(94, 88),
(100, 88),
(106, 88),
(171, 88),
(452, 88),
(493, 88),
(26, 89),
(49, 89),
(121, 89),
(140, 89),
(217, 89),
(460, 89),
(498, 89),
(30, 90),
(184, 90),
(193, 90),
(194, 90),
(495, 90),
(65, 91),
(150, 91),
(346, 91),
(353, 91),
(123, 92),
(257, 92),
(304, 92),
(376, 92),
(455, 92),
(79, 93),
(157, 93),
(172, 93),
(219, 93),
(388, 93),
(423, 93),
(455, 93),
(287, 94),
(457, 94),
(124, 95),
(138, 95),
(235, 95),
(275, 95),
(291, 95),
(314, 95),
(167, 96),
(172, 96),
(193, 96),
(222, 96),
(307, 96),
(472, 96),
(184, 97),
(185, 97),
(210, 97),
(221, 97),
(370, 97),
(94, 98),
(175, 98),
(390, 98),
(495, 98),
(66, 99),
(91, 99),
(264, 99),
(447, 99),
(473, 99),
(82, 100),
(124, 100),
(460, 100),
(473, 100);

-- --------------------------------------------------------

--
-- Table structure for table `staff_workshop`
--

CREATE TABLE IF NOT EXISTS `staff_workshop` (
  `staff_id` int(11) NOT NULL,
  `workshop_id` int(11) NOT NULL,
  PRIMARY KEY (`staff_id`,`workshop_id`),
  KEY `FK_ofx8ewfxys389cqmd3uegah6c` (`workshop_id`),
  KEY `FK_5pqnlxlngmh3icl8hklxv0yka` (`staff_id`)
) ENGINE=InnoDB DEFAULT CHARSET=latin1;

--
-- Dumping data for table `staff_workshop`
--

INSERT INTO `staff_workshop` (`staff_id`, `workshop_id`) VALUES
(85, 1),
(99, 1),
(247, 1),
(367, 1),
(393, 1),
(32, 2),
(55, 2),
(140, 2),
(367, 2),
(372, 2),
(425, 2),
(89, 3),
(146, 3),
(256, 3),
(299, 3),
(24, 4),
(258, 4),
(341, 4),
(400, 4),
(412, 4),
(434, 4),
(17, 5),
(22, 5),
(217, 5),
(266, 5),
(341, 5),
(111, 6),
(176, 6),
(238, 6),
(52, 7),
(84, 7),
(372, 7),
(466, 7),
(480, 7),
(53, 8),
(148, 8),
(408, 8),
(426, 8),
(456, 8),
(480, 8),
(86, 9),
(129, 9),
(146, 9),
(315, 9),
(332, 9),
(460, 9),
(178, 10),
(394, 10),
(418, 10),
(39, 11),
(284, 11),
(496, 12),
(497, 12),
(500, 12),
(21, 13),
(40, 13),
(114, 13),
(150, 13),
(315, 13),
(323, 13),
(343, 13),
(384, 13),
(434, 13),
(457, 13),
(131, 14),
(421, 14),
(443, 14),
(468, 14),
(490, 14),
(213, 15),
(343, 15),
(458, 15),
(474, 15),
(479, 15),
(199, 16),
(270, 16),
(431, 16),
(492, 16),
(128, 17),
(324, 17),
(439, 17),
(2, 18),
(17, 18),
(116, 18),
(134, 18),
(166, 18),
(459, 18),
(55, 19),
(271, 19),
(308, 19),
(402, 19),
(467, 19),
(34, 20),
(176, 20),
(417, 20),
(451, 20),
(5, 21),
(58, 21),
(164, 21),
(490, 21),
(42, 22),
(328, 22),
(375, 22),
(424, 22),
(436, 22),
(450, 22),
(482, 22),
(491, 22),
(87, 23),
(250, 23),
(260, 23),
(262, 23),
(354, 23),
(373, 23),
(387, 23),
(396, 23),
(400, 23),
(3, 24),
(24, 24),
(40, 24),
(92, 24),
(466, 24),
(249, 25),
(133, 26),
(178, 26),
(292, 26),
(479, 26),
(192, 27),
(393, 27),
(451, 27),
(67, 28),
(102, 28),
(162, 28),
(353, 28),
(370, 28),
(386, 28),
(5, 29),
(21, 29),
(273, 29),
(418, 29),
(472, 29),
(131, 30),
(260, 30),
(270, 30),
(330, 30),
(368, 30),
(438, 30),
(56, 31),
(92, 31),
(103, 31),
(156, 31),
(295, 31),
(25, 32),
(40, 32),
(104, 32),
(188, 32),
(220, 32),
(252, 32),
(487, 32),
(22, 33),
(204, 33),
(234, 33),
(417, 33),
(6, 34),
(58, 34),
(105, 34),
(114, 34),
(137, 34),
(181, 34),
(219, 34),
(43, 35),
(265, 35),
(477, 35),
(135, 36),
(227, 36),
(242, 36),
(380, 36),
(388, 36),
(486, 36),
(90, 37),
(350, 37),
(467, 37),
(108, 38),
(149, 38),
(228, 38),
(274, 38),
(351, 38),
(376, 38),
(73, 39),
(165, 39),
(280, 39),
(369, 39),
(439, 39),
(444, 39),
(5, 40),
(26, 40),
(212, 40),
(369, 40),
(440, 40),
(498, 40),
(133, 41),
(191, 41),
(303, 41),
(483, 41),
(235, 42),
(351, 42),
(419, 42),
(6, 43),
(138, 43),
(166, 43),
(243, 43),
(251, 43),
(262, 43),
(390, 43),
(424, 43),
(26, 44),
(74, 44),
(208, 44),
(251, 44),
(296, 44),
(358, 44),
(389, 44),
(478, 44),
(8, 45),
(26, 45),
(62, 45),
(243, 45),
(7, 46),
(30, 46),
(281, 46),
(286, 46),
(366, 46),
(336, 47),
(482, 47),
(27, 48),
(294, 48),
(312, 48),
(370, 48),
(399, 48),
(436, 48),
(120, 49),
(169, 49),
(170, 49),
(440, 49),
(95, 50),
(170, 50),
(183, 50),
(267, 50),
(321, 50),
(337, 50),
(464, 50),
(444, 51),
(60, 52),
(168, 52),
(219, 52),
(229, 52),
(263, 52),
(305, 52),
(486, 52),
(184, 53),
(207, 53),
(244, 53),
(250, 53),
(332, 53),
(341, 53),
(452, 53),
(181, 54),
(471, 54),
(12, 55),
(204, 55),
(399, 55),
(154, 56),
(202, 56),
(391, 56),
(10, 57),
(28, 57),
(120, 57),
(440, 57),
(118, 58),
(183, 58),
(193, 58),
(220, 58),
(253, 58),
(274, 58),
(404, 58),
(480, 58),
(483, 58),
(172, 59),
(204, 59),
(317, 59),
(331, 59),
(359, 59),
(8, 60),
(32, 60),
(184, 60),
(205, 60),
(401, 60),
(415, 60),
(44, 61),
(79, 61),
(376, 61),
(412, 61),
(8, 62),
(30, 62),
(49, 62),
(64, 62),
(139, 62),
(161, 62),
(236, 62),
(416, 62),
(81, 63),
(120, 63),
(138, 63),
(349, 63),
(478, 63),
(109, 64),
(361, 64),
(438, 64),
(49, 65),
(98, 65),
(224, 65),
(493, 65),
(61, 66),
(298, 66),
(432, 66),
(33, 67),
(170, 67),
(171, 67),
(222, 67),
(230, 67),
(275, 67),
(347, 67),
(399, 67),
(31, 68),
(123, 68),
(264, 68),
(447, 68),
(12, 69),
(33, 69),
(254, 69),
(392, 69),
(436, 69),
(213, 70),
(473, 70),
(111, 71),
(122, 71),
(141, 71),
(195, 71),
(298, 71),
(389, 71),
(407, 71),
(437, 71),
(455, 71),
(65, 72),
(321, 72),
(123, 73),
(154, 73),
(228, 73),
(342, 73),
(348, 73),
(432, 73),
(449, 73),
(474, 73),
(65, 74),
(96, 74),
(122, 74),
(141, 74),
(223, 74),
(481, 74),
(155, 75),
(206, 75),
(235, 75),
(281, 75),
(333, 75),
(362, 75),
(30, 76),
(194, 76),
(297, 76),
(13, 77),
(32, 77),
(50, 77),
(96, 77),
(102, 77),
(308, 77),
(404, 77),
(465, 77),
(34, 78),
(184, 78),
(305, 78),
(265, 79),
(32, 80),
(34, 80),
(36, 80),
(94, 80),
(125, 80),
(195, 80),
(237, 80),
(327, 80),
(36, 81),
(66, 81),
(237, 81),
(365, 81),
(497, 81),
(170, 82),
(265, 82),
(349, 82),
(462, 82),
(315, 83),
(343, 83),
(416, 83),
(35, 84),
(49, 84),
(87, 84),
(172, 84),
(335, 84),
(432, 84),
(51, 85),
(123, 85),
(277, 85),
(145, 86),
(239, 86),
(264, 86),
(271, 86),
(97, 87),
(112, 87),
(127, 87),
(273, 87),
(460, 87),
(54, 88),
(461, 88),
(473, 88),
(33, 89),
(68, 89),
(126, 89),
(156, 89),
(171, 89),
(421, 89),
(484, 89),
(82, 90),
(114, 90),
(256, 90),
(292, 90),
(319, 90),
(499, 90),
(88, 91),
(114, 91),
(362, 91),
(13, 92),
(87, 92),
(240, 92),
(284, 92),
(288, 92),
(289, 92),
(339, 92),
(484, 92),
(126, 93),
(158, 93),
(396, 93),
(430, 93),
(484, 93),
(65, 94),
(146, 94),
(164, 94),
(186, 94),
(326, 94),
(340, 94),
(441, 94),
(485, 94),
(3, 95),
(50, 95),
(63, 95),
(67, 95),
(96, 95),
(213, 95),
(387, 95),
(20, 96),
(34, 96),
(151, 96),
(344, 96),
(365, 96),
(435, 96),
(449, 96),
(82, 97),
(84, 97),
(381, 97),
(448, 97),
(491, 97),
(16, 98),
(231, 98),
(267, 98),
(274, 98),
(301, 98),
(115, 99),
(228, 99),
(248, 99),
(302, 99),
(245, 100),
(259, 100),
(294, 100),
(381, 100);

-- --------------------------------------------------------

--
-- Table structure for table `timetable`
--

CREATE TABLE IF NOT EXISTS `timetable` (
  `timetable_id` int(11) NOT NULL AUTO_INCREMENT,
  `day_name` varchar(255) NOT NULL,
  `grade_id` int(11) DEFAULT NULL,
  PRIMARY KEY (`timetable_id`),
  UNIQUE KEY `UK_sgtvcyewsaxe8ueyd99f0lq71` (`day_name`,`grade_id`),
  KEY `FK_di9p8veedy2dsb3w8df4813qn` (`grade_id`)
) ENGINE=InnoDB  DEFAULT CHARSET=latin1 AUTO_INCREMENT=393 ;

--
-- Dumping data for table `timetable`
--

INSERT INTO `timetable` (`timetable_id`, `day_name`, `grade_id`) VALUES
(13, 'friday', 1),
(2, 'friday', 2),
(82, 'friday', 3),
(74, 'friday', 4),
(76, 'friday', 5),
(25, 'friday', 6),
(12, 'friday', 7),
(31, 'friday', 8),
(100, 'friday', 9),
(8, 'friday', 10),
(392, 'monday', 1),
(4, 'monday', 2),
(60, 'monday', 3),
(115, 'monday', 4),
(52, 'monday', 5),
(68, 'monday', 6),
(66, 'monday', 7),
(47, 'monday', 8),
(231, 'monday', 9),
(89, 'monday', 10),
(96, 'saturday', 1),
(45, 'saturday', 2),
(15, 'saturday', 3),
(9, 'saturday', 4),
(246, 'saturday', 5),
(10, 'saturday', 6),
(22, 'saturday', 7),
(3, 'saturday', 8),
(56, 'saturday', 9),
(6, 'saturday', 10),
(39, 'thursday', 1),
(41, 'thursday', 2),
(27, 'thursday', 3),
(33, 'thursday', 4),
(98, 'thursday', 5),
(162, 'thursday', 6),
(40, 'thursday', 7),
(1, 'thursday', 8),
(78, 'thursday', 9),
(120, 'thursday', 10),
(30, 'tuesday', 1),
(53, 'tuesday', 2),
(61, 'tuesday', 3),
(228, 'tuesday', 4),
(51, 'tuesday', 5),
(5, 'tuesday', 6),
(19, 'tuesday', 7),
(70, 'tuesday', 8),
(119, 'tuesday', 9),
(7, 'tuesday', 10),
(95, 'wednesday', 1),
(14, 'wednesday', 2),
(65, 'wednesday', 3),
(87, 'wednesday', 4),
(35, 'wednesday', 5),
(44, 'wednesday', 6),
(11, 'wednesday', 7),
(58, 'wednesday', 8),
(24, 'wednesday', 9),
(28, 'wednesday', 10);

-- --------------------------------------------------------

--
-- Table structure for table `workshop`
--

CREATE TABLE IF NOT EXISTS `workshop` (
  `workshop_id` int(11) NOT NULL AUTO_INCREMENT,
  `workshop_name` varchar(255) DEFAULT NULL,
  PRIMARY KEY (`workshop_id`)
) ENGINE=InnoDB  DEFAULT CHARSET=latin1 AUTO_INCREMENT=101 ;

--
-- Dumping data for table `workshop`
--

INSERT INTO `workshop` (`workshop_id`, `workshop_name`) VALUES
(1, 'MANDARIN ORANGES'),
(2, 'Parsley'),
(3, 'Cayenne'),
(4, 'Peas'),
(5, 'GATORADE GLACIER ICE'),
(6, 'HEINZ TARRAGON VINEGAR'),
(7, 'Dreams Re-Conditioner'),
(8, 'TACO SEASONING MIX'),
(9, 'LINER HVY 22X14X58 BLACK'),
(10, 'CUT OUT FOOD DECO'),
(11, 'JERKY BEEF TERIKAKI'),
(12, 'FONDANT'),
(13, 'Red Raspberry'),
(14, 'Pycnogenol'),
(15, 'RAISIN COOKIE FILLED'),
(16, 'BAG POLY FOR POTATOES'),
(17, 'Yucca Root'),
(18, 'Sunflowers'),
(19, 'Lima Beans'),
(20, 'Sorghum'),
(21, 'Corn'),
(22, 'Bright Eye Blend'),
(23, 'Cinnamon Oil'),
(24, 'COASTERS PPR'),
(25, 'TOBBLER MILK CHOC MED BAR'),
(26, 'Muskmelon/Cantaloupe'),
(27, 'COFFEE FILTER LARGE'),
(28, 'GOJO HAND CLEANER LEMON'),
(29, 'Premier Bath Pak'),
(30, 'DESSERT SLEEVES ORANGE'),
(31, 'Hair Glow'),
(32, 'Snap Peas'),
(33, 'Ornamental Wheat'),
(34, 'BROWN WRAP'),
(35, 'HEINZ TARRAGON VINEGAR'),
(36, 'Grape Seed'),
(37, 'Goldenseal'),
(38, 'DOOR ORANGE LARGE'),
(39, 'TEA DECAF APRICOT'),
(40, 'Okra'),
(41, 'CUT OUT FOOD DECO'),
(42, 'Ginkgo Biloba'),
(43, 'TOBBLER MILK CHOC MED BAR'),
(44, 'SALMON WHOLE'),
(45, 'Ornamental Wheat'),
(46, 'SONY RADIO PRFK'),
(47, 'OLIVES STFD QN STAR'),
(48, 'Small Fruited/Cherry Tomatoes'),
(49, 'Purple Tomatoes'),
(50, 'WATER DASANI BTL'),
(51, 'Gingko Plus 4'),
(52, 'JUICE LEMON 4GR'),
(53, 'Chromium Picolinate'),
(54, 'GOJO HAND CLEANER LEMON'),
(55, 'Watermelon'),
(56, 'LINER HVY 22X14X58 BLACK'),
(57, 'Echinacea'),
(58, 'Cauliflower'),
(59, 'BAG COTTON CANDY PRINTED  CLOWN'),
(60, 'Turnips'),
(61, 'Love Tea'),
(62, 'SWEETENER NATRA TASTE'),
(63, 'TEA NESTEA'),
(64, 'BAG COTTON CANDY PRINTED  CLOWN'),
(65, 'Peanuts'),
(66, 'Lettuce'),
(67, 'HAM HOCKS'),
(68, 'ELEPHANT GARLIC'),
(69, 'BISCUITS CHAMPAGNE'),
(70, 'BAGS FOODSAVER 6-PACK'),
(71, 'Bilberry'),
(72, 'Red Tomatoes'),
(73, 'COFFEE FILTER XLARGE'),
(74, 'BAMBOO SKEWERS'),
(75, 'COFFEE FILTER XLARGE'),
(76, 'Celery'),
(77, 'Mustard'),
(78, 'BAMBOO SKEWERS'),
(79, 'Feverfew'),
(80, 'SARDINES HOT SCE'),
(81, 'HAMBURG DILL CHIPS'),
(82, 'BAGS TWIN PACK'),
(83, 'Eucalyptus Oil'),
(84, 'Aloe Vera'),
(85, 'Bayberry'),
(86, 'Herbal Tea Basket'),
(87, 'RAINBOW TROUT'),
(88, 'SPAGHETTI WHOLE WHEAT'),
(89, 'GATORADE LEMON LIME'),
(90, 'Spinach'),
(91, 'Lavender Oil'),
(92, 'Rosemary'),
(93, 'Tomatoes'),
(94, 'Chickweed'),
(95, 'OLIVES STFD QN STAR'),
(96, 'Radishes'),
(97, 'Feverfew'),
(98, 'BLUE SALAD BOWL'),
(99, 'Beans'),
(100, 'Parsnips');

--
-- Constraints for dumped tables
--

--
-- Constraints for table `class_session`
--
ALTER TABLE `class_session`
  ADD CONSTRAINT `FK_127vdodvokdbu5onvabnuo0r8` FOREIGN KEY (`timetable_id`) REFERENCES `timetable` (`timetable_id`),
  ADD CONSTRAINT `FK_hhp3qese915i166iy7svk9039` FOREIGN KEY (`staff_id`) REFERENCES `staff` (`staff_id`),
  ADD CONSTRAINT `FK_s0dl93gpb1ekr5a7kpo69uhf7` FOREIGN KEY (`course_id`) REFERENCES `course` (`course_code`);

--
-- Constraints for table `grade_staff`
--
ALTER TABLE `grade_staff`
  ADD CONSTRAINT `FK_d70kh155r840535vkqstd24e7` FOREIGN KEY (`staff_id`) REFERENCES `staff` (`staff_id`),
  ADD CONSTRAINT `FK_rbprbs3v30kxmpgmnf6ppy89r` FOREIGN KEY (`grade_id`) REFERENCES `grade` (`grade_id`);

--
-- Constraints for table `staff`
--
ALTER TABLE `staff`
  ADD CONSTRAINT `FK_kg0gftkoh3gkwji5u7hxuuirp` FOREIGN KEY (`auth_id`) REFERENCES `auth` (`auth_id`) ON DELETE CASCADE,
  ADD CONSTRAINT `FK_rb2jyod8hnynb8lo8vnsdfwp3` FOREIGN KEY (`group_id`) REFERENCES `groups` (`group_id`) ON DELETE CASCADE;

--
-- Constraints for table `staff_presentation`
--
ALTER TABLE `staff_presentation`
  ADD CONSTRAINT `FK_2wooo2agjirgh5049pcdw89j1` FOREIGN KEY (`staff_id`) REFERENCES `staff` (`staff_id`),
  ADD CONSTRAINT `FK_4p1krcmv8nhmoqugtuioug5ut` FOREIGN KEY (`presentation_id`) REFERENCES `presentation` (`presentation_id`);

--
-- Constraints for table `staff_workshop`
--
ALTER TABLE `staff_workshop`
  ADD CONSTRAINT `FK_5pqnlxlngmh3icl8hklxv0yka` FOREIGN KEY (`staff_id`) REFERENCES `staff` (`staff_id`),
  ADD CONSTRAINT `FK_ofx8ewfxys389cqmd3uegah6c` FOREIGN KEY (`workshop_id`) REFERENCES `workshop` (`workshop_id`);

--
-- Constraints for table `timetable`
--
ALTER TABLE `timetable`
  ADD CONSTRAINT `FK_di9p8veedy2dsb3w8df4813qn` FOREIGN KEY (`grade_id`) REFERENCES `grade` (`grade_id`);

/*!40101 SET CHARACTER_SET_CLIENT=@OLD_CHARACTER_SET_CLIENT */;
/*!40101 SET CHARACTER_SET_RESULTS=@OLD_CHARACTER_SET_RESULTS */;
/*!40101 SET COLLATION_CONNECTION=@OLD_COLLATION_CONNECTION */;
